,Company,Test R2,Test MSE,Sector,Highest Difference,Highest Difference Percentage,Average Difference,Average Difference Percentage,Model,Evaluation
0,ADMG,0.996520066770428,57.29248666661092,Basic Materials,150.0668594709066,36.850995165106696,0.0454130115798725,0.023781828248430812,Simple Linear Regression,Inter-Sector
0,AGII,0.9955866655647512,1462.8269186234706,Basic Materials,405.1717232726444,24.93364450908581,-1.5471381856347421,-0.20570776757662407,Simple Linear Regression,Inter-Sector
0,AKPI,0.9947324808103578,476.1070113073716,Basic Materials,230.21324652299677,25.395118005956185,0.5959342874165073,0.06135835878993458,Simple Linear Regression,Inter-Sector
0,ALDO,0.9860247842445339,659.8988459492557,Basic Materials,470.281517462299,22.890856264501068,0.28748854590687073,0.030501176413129133,Simple Linear Regression,Inter-Sector
0,ALKA,0.9906323330572742,193.87392799864926,Basic Materials,170.10767893735488,31.827778871421998,-0.12566496935938065,-0.06213814523585557,Simple Linear Regression,Inter-Sector
0,ALMI,0.9940427259603551,106.011210705378,Basic Materials,121.06812628193433,27.938072560782413,0.5508739953977527,0.1632047383577449,Simple Linear Regression,Inter-Sector
0,AMMN,0.9915000332556309,37711.15630958462,Basic Materials,526.1225353273267,12.18627516075344,43.52603733416627,0.8019907894174783,Simple Linear Regression,Inter-Sector
0,ANTM,0.9987680425115142,829.6869417851943,Basic Materials,273.35895155424987,18.666911175220267,-2.2854609796821905,-0.2052536004472443,Simple Linear Regression,Inter-Sector
0,APLI,0.9964499359160829,35.37681222201317,Basic Materials,98.05433211741041,28.581482627204004,0.5368547481714411,0.5929704687995376,Simple Linear Regression,Inter-Sector
0,ARCI,0.9883126049639933,133.82117023231865,Basic Materials,52.05208000891673,17.698660932301756,-0.839849395711008,-0.15564821550231228,Simple Linear Regression,Inter-Sector
0,AVIA,0.985448010771334,253.80998781524693,Basic Materials,72.06024390220637,14.412048780441273,-1.256752057264957,-0.22447203852889439,Simple Linear Regression,Inter-Sector
0,AYLS,0.9888071878408746,79.09757161528442,Basic Materials,82.03406314096716,30.285043592059687,-0.23510070079019676,-0.16438439829107712,Simple Linear Regression,Inter-Sector
0,BAJA,0.998811652324786,97.56405900400037,Basic Materials,100.08445406851365,28.32867371614986,0.34967839358989017,-0.010425372589473085,Simple Linear Regression,Inter-Sector
0,BEBS,0.9944345919432175,805.0295116398164,Basic Materials,190.11964326372765,22.738149387611603,0.3737813630701636,5.077983463002157e-05,Simple Linear Regression,Inter-Sector
0,BMSR,0.9954775104172701,101.39437310373275,Basic Materials,170.14216434866455,41.10418156380384,-0.02089519505287912,-0.03473281079121022,Simple Linear Regression,Inter-Sector
0,BRMS,0.9995229777485134,14.405551317134547,Basic Materials,43.640445422068666,24.38564663915899,-0.5915680284147324,-0.529702598681422,Simple Linear Regression,Inter-Sector
0,BRNA,0.9984627804126833,292.85226811358694,Basic Materials,300.1428681325689,22.824552709701056,1.7896092990442745,0.22196428275399602,Simple Linear Regression,Inter-Sector
0,BRPT,0.998311871014447,251.85288704370592,Basic Materials,194.32464210872843,26.677006444315165,-0.6431210044154357,0.01275971100480445,Simple Linear Regression,Inter-Sector
0,BTON,0.9973858654613434,38.156896773877264,Basic Materials,65.02772908582864,28.581482627204004,0.3543026466029968,0.13708342950056607,Simple Linear Regression,Inter-Sector
0,CHEM,0.9234432276731165,39.31170507614841,Basic Materials,42.022521084936955,28.067680343946478,-0.028180662984558198,-0.11477688792850252,Simple Linear Regression,Inter-Sector
0,CITA,0.9982727770729924,1551.2735088343713,Basic Materials,710.3997492576309,24.658493644754643,1.7837784581736142,0.08223726786848885,Simple Linear Regression,Inter-Sector
0,CLPI,0.9992028684213878,155.84787658959652,Basic Materials,180.10134488221638,20.011260542468488,0.0017708435357296872,-0.018390772599362285,Simple Linear Regression,Inter-Sector
0,CMNT,0.9620095018762846,403.5692400388307,Basic Materials,150.09852974659918,17.65865055842343,1.9910829324362944,0.1909862542432501,Simple Linear Regression,Inter-Sector
0,CTBN,0.998504216823254,3839.86183429196,Basic Materials,800.4363460206537,20.623987655304724,-0.2901906727324626,0.006447361879891388,Simple Linear Regression,Inter-Sector
0,DKFT,0.9989530014819462,24.426827365294717,Basic Materials,62.06165147001491,25.010556758564196,-0.19500545585409124,-0.14709700886115193,Simple Linear Regression,Inter-Sector
0,DPNS,0.9891238444016345,103.34113486690353,Basic Materials,170.06615568700232,33.34271711872373,0.5641321086035764,0.11107461066858758,Simple Linear Regression,Inter-Sector
0,EKAD,0.9995123827656061,3.9318584968995665,Basic Materials,20.01900216541557,27.38452519115328,-0.0031190365095552855,0.04653853943044793,Simple Linear Regression,Inter-Sector
0,EPAC,0.9959530001852072,27.94834888840023,Basic Materials,66.04673125124418,25.383638565735527,-0.27928807126963134,-0.10091952261296194,Simple Linear Regression,Inter-Sector
0,ESIP,0.9820289625123219,65.74544100089781,Basic Materials,95.27587789500245,24.77248751982079,-0.3290125343251786,-0.22448042066644835,Simple Linear Regression,Inter-Sector
0,ESSA,0.9957843854862031,280.2613495793708,Basic Materials,240.1372378613346,25.231764555736575,-0.41747025320836917,-0.04751193853971315,Simple Linear Regression,Inter-Sector
0,ETWA,0.9960423250287695,51.80937241287253,Basic Materials,95.04504216987391,34.453671833411676,0.12029513393096547,0.0018661373813903574,Simple Linear Regression,Inter-Sector
0,FASW,0.9994962308073767,3287.545344776306,Basic Materials,1125.8938055584358,15.062124489076064,1.3644217556280849,0.09859104655337704,Simple Linear Regression,Inter-Sector
0,FPNI,0.9927492311238298,73.85702546529889,Basic Materials,119.068407795496,31.044190122817657,0.09298740033504493,0.013252740593458864,Simple Linear Regression,Inter-Sector
0,FWCT,0.9631876700678401,28.093915814516038,Basic Materials,33.01449794842817,24.275366138550126,-0.10498399097259101,-0.22525175104716336,Simple Linear Regression,Inter-Sector
0,GDST,0.9846528406941975,18.830263121610752,Basic Materials,46.016890813702716,27.721018562471517,0.08128702370270977,0.03511824605325952,Simple Linear Regression,Inter-Sector
0,GGRP,0.9816416591109511,341.29140927374965,Basic Materials,98.04532368343564,23.344124686532293,-1.0395137974709314,-0.2762921795484112,Simple Linear Regression,Inter-Sector
0,HKMU,0.9983438759716933,24.092810519457387,Basic Materials,79.0266030315818,29.487538444620075,-0.26107524755338907,-0.30092398187093244,Simple Linear Regression,Inter-Sector
0,IFII,0.8684562544194863,56.2873999350192,Basic Materials,56.022521084936955,25.936352354137476,0.27683215637792585,0.25580146234997875,Simple Linear Regression,Inter-Sector
0,IFSH,0.9873010334798605,2190.0550550982703,Basic Materials,450.2392865274553,24.10159381018316,1.7195287669050412,0.15872972478212802,Simple Linear Regression,Inter-Sector
0,IGAR,0.9979044374566723,53.600135889896805,Basic Materials,112.06446660563205,22.324984411074766,-0.020533339613762858,0.0032325241647536357,Simple Linear Regression,Inter-Sector
0,INAI,0.9981388196351033,34.364436581989395,Basic Materials,72.0585548208361,34.136256200643686,0.11215536998831507,0.14219670648542854,Simple Linear Regression,Inter-Sector
0,INCF,0.999933619037459,111.90720304000209,Basic Materials,140.08093514899224,34.08749122912906,0.07821916335726198,-0.1106126198913772,Simple Linear Regression,Inter-Sector
0,INCI,0.9967175688845779,96.04958018264335,Basic Materials,108.70619492522951,25.285241845451488,0.682848092416467,0.2175926584968185,Simple Linear Regression,Inter-Sector
0,INCO,0.996709900722813,9141.030355547262,Basic Materials,911.3090380619615,22.699957667091393,-4.987863545421209,-0.14385722792745068,Simple Linear Regression,Inter-Sector
0,INKP,0.998281408985096,27833.006770833923,Basic Materials,1952.5899247677517,25.010556758564206,-2.8744280486303757,0.0016132647620870513,Simple Linear Regression,Inter-Sector
0,INRU,0.9953767460172004,480.747408567798,Basic Materials,225.11049407297196,30.00985297465992,1.2108024848530479,0.13054026011297176,Simple Linear Regression,Inter-Sector
0,INTD,0.9886731579045098,123.93031088720522,Basic Materials,195.07108217433228,33.34271711872374,0.23061382650403148,0.01808877999462923,Simple Linear Regression,Inter-Sector
0,INTP,0.9987786767263059,68834.48902723039,Basic Materials,2252.7588329047794,18.529987589551233,-0.0855612625874328,0.011462164358109896,Simple Linear Regression,Inter-Sector
0,IPOL,0.9946902868213872,9.19437038030001,Basic Materials,38.01548324589416,25.686137328306863,-0.10088540735169384,-0.11151142893682958,Simple Linear Regression,Inter-Sector
0,ISSP,0.9932730883286537,39.99073506538747,Basic Materials,52.032937086720295,23.480159957718577,-0.4486802573733575,-0.269583454288986,Simple Linear Regression,Inter-Sector
0,JKSW,0.9912845721403235,35.852651413944244,Basic Materials,120.05137622501246,33.34271711872373,0.1708626098999708,0.05968099721185595,Simple Linear Regression,Inter-Sector
0,KAYU,0.9896946576577521,159.3901881316546,Basic Materials,149.05996238864464,30.778975469443875,0.25450399093039083,-0.019196940011947345,Simple Linear Regression,Inter-Sector
0,KBRI,0.9987616825954945,39.72371273296525,Basic Materials,140.07882379727937,22.546114961897295,-0.037572728217825535,-0.04781252697732972,Simple Linear Regression,Inter-Sector
0,KDSI,0.9980007817351503,301.5368194528748,Basic Materials,310.24773193430656,57.04830011523395,0.3298134002142323,0.15533398891929007,Simple Linear Regression,Inter-Sector
0,KKES,0.9921422766041931,12.63852295688107,Basic Materials,28.012668110277048,23.739549245997498,-0.1943896118186869,-0.22410286606962482,Simple Linear Regression,Inter-Sector
0,KMTR,0.9687896844750035,256.36930505371856,Basic Materials,160.09078812365215,24.380393369980712,-0.4479065801206342,-0.1085309342580127,Simple Linear Regression,Inter-Sector
0,KRAS,0.9976971665814596,109.88535915093398,Basic Materials,125.07248974214087,19.54257652220951,-0.9715858147427853,-0.24935758388656895,Simple Linear Regression,Inter-Sector
0,LMSH,0.9966656106587527,263.5628479817344,Basic Materials,240.17101948874006,24.253087634913335,0.26583749640816073,0.019003437854480654,Simple Linear Regression,Inter-Sector
0,LTLS,0.9984710861438151,136.742567155957,Basic Materials,190.15483245894166,21.677692614500387,-0.2512988228123043,-0.054903075412218144,Simple Linear Regression,Inter-Sector
0,MBMA,0.9635357945360932,452.1730645183994,Basic Materials,65.10134488221638,11.441038457732965,-2.3334587613330675,-0.38973831911106105,Simple Linear Regression,Inter-Sector
0,MDKA,0.9981833954388467,3700.0079383190223,Basic Materials,468.60304248358307,17.340156615876534,-2.2699890981708575,-0.1023680431451474,Simple Linear Regression,Inter-Sector
0,MDKI,0.9618341511451255,41.64540839554217,Basic Materials,56.03378162740543,18.93033163088021,-0.27868155669196576,-0.12660529803762702,Simple Linear Regression,Inter-Sector
0,MOLI,0.9938690504980645,519.776995231513,Basic Materials,210.0904254725807,24.63372602410636,3.4287458847407213,0.24144531078728265,Simple Linear Regression,Inter-Sector
0,NCKL,0.9166949948460104,1089.0176115456063,Basic Materials,100.17594597607012,9.50994558575345,-2.873348467461879,-0.3245018617655355,Simple Linear Regression,Inter-Sector
0,NICE,0.9169035281429863,3846.311570770334,Basic Materials,205.140756780856,19.605912200622882,0.6278956737952283,-0.19325270185417076,Simple Linear Regression,Inter-Sector
0,NICL,0.9891999403911779,72.56210334250041,Basic Materials,58.032937086720295,23.739549245997498,-0.6460280103759446,-0.4760963988622035,Simple Linear Regression,Inter-Sector
0,NIKL,0.9959756822758004,6360.603374181198,Basic Materials,1050.7812001337506,25.72474193229216,-2.762651310586474,-0.2724719270047286,Simple Linear Regression,Inter-Sector
0,NPGF,0.9782617311922303,21.62353492803721,Basic Materials,32.01196432637276,27.36065327040407,-0.1961270662814298,-0.2463560760354206,Simple Linear Regression,Inter-Sector
0,OBMD,0.9799375491499712,102.50055890802767,Basic Materials,70.04138249357169,26.03780940570715,1.230380780910999,0.6691343901805831,Simple Linear Regression,Inter-Sector
0,OKAS,0.999749668581374,5216.832364665865,Basic Materials,1577.5864058482293,32.441943025733515,2.207445027660179,0.0839718326633889,Simple Linear Regression,Inter-Sector
0,OPMS,0.9919497688260154,191.91704181595586,Basic Materials,105.09219569146069,25.513841612533568,0.24387373765502443,-0.3431847196984428,Simple Linear Regression,Inter-Sector
0,PACK,0.9880021158463925,61.47967035679174,Basic Materials,20.032655573158593,13.219763796074293,-0.24124312425501895,-0.16846186030717145,Simple Linear Regression,Inter-Sector
0,PBID,0.9953123945340735,478.04719351584595,Basic Materials,170.13653407743038,15.440475430609538,-1.610620057399841,-0.13785678153058706,Simple Linear Regression,Inter-Sector
0,PDPP,0.9952569024886967,53.29732284920173,Basic Materials,40.05292454960187,12.40902447379568,0.3122518026842756,0.06003024120930056,Simple Linear Regression,Inter-Sector
0,PICO,0.9932597555748947,1432.9085927015085,Basic Materials,890.5039092754646,37.5087972988035,0.6817048654800629,0.3607693131591161,Simple Linear Regression,Inter-Sector
0,PPRI,-0.6250136101699499,109.19764115327256,Basic Materials,104.0,100.0,0.7122266317544859,0.8513621735015804,Simple Linear Regression,Inter-Sector
0,PSAB,0.9977795266002732,20.39789012637552,Basic Materials,50.03378162740543,18.76143648844455,-0.20577420534408236,-0.09884676155752094,Simple Linear Regression,Inter-Sector
0,PURE,0.9897507885759692,212.8643946547051,Basic Materials,95.0957146109821,30.312840624120263,0.11141659445871302,0.009815867437679199,Simple Linear Regression,Inter-Sector
0,SAMF,0.983050357014486,1203.7420025878012,Basic Materials,450.2012821966241,23.946876712586388,-0.16070028037998196,-0.2250135516808681,Simple Linear Regression,Inter-Sector
0,SBMA,0.9833552989800279,153.33270641911815,Basic Materials,70.05630271234241,19.764381716982264,-0.40239626084717295,-0.29151175995617046,Simple Linear Regression,Inter-Sector
0,SIMA,0.9920613727538283,93.5872572419163,Basic Materials,110.06334055138518,34.516260831422265,0.5029966683997262,0.18513337903514848,Simple Linear Regression,Inter-Sector
0,SMBR,0.9975590860628885,2550.6163526893865,Basic Materials,580.4433838596965,20.011260542468477,-2.199435561863745,-0.31921857648938046,Simple Linear Regression,Inter-Sector
0,SMCB,0.9987923788684625,759.2030251970272,Basic Materials,280.2322486884125,20.011260542468477,-0.7223782169220228,-0.04185867852367223,Simple Linear Regression,Inter-Sector
0,SMGA,0.6662971812832899,23.030000102622115,Basic Materials,22.008586163632216,26.516368871846048,0.19871276069022625,0.32113007443585245,Simple Linear Regression,Inter-Sector
0,SMGR,0.9977584896216861,32782.842468750976,Basic Materials,1984.584095688798,83.55209889983392,-6.165579176766521,-0.05823190259119201,Simple Linear Regression,Inter-Sector
0,SMKL,0.985047415993956,103.10459825875826,Basic Materials,92.05433211741041,19.258228476445694,-0.4871338182922365,-0.15492014634886705,Simple Linear Regression,Inter-Sector
0,SMLE,0.8456956575732603,375.2594923067721,Basic Materials,39.02435092308809,19.029803616609204,-2.138293427634923,-1.7373116297425302,Simple Linear Regression,Inter-Sector
0,SOLA,,6554.844742734516,Basic Materials,-80.96199566916886,-42.83703474559199,-80.96199566916886,-42.83703474559199,Simple Linear Regression,Inter-Sector
0,SPMA,0.9971342522452104,43.0753133146989,Basic Materials,93.00692164871396,25.010558889121487,-0.08646062718046975,0.016033915589078223,Simple Linear Regression,Inter-Sector
0,SQMI,0.9987944143118045,157.628376869656,Basic Materials,140.75626221802088,32.42330657739235,-0.005492938977488917,-0.11270385542855635,Simple Linear Regression,Inter-Sector
0,SRSN,0.9940127687079326,51.932706603434745,Basic Materials,105.03167027569259,31.827778871421998,0.5960401655268063,0.20758346996131755,Simple Linear Regression,Inter-Sector
0,SULI,0.9988174764522286,299.6804539249467,Basic Materials,379.18688352698655,25.383638565735527,0.6163866254466367,0.11452377672621022,Simple Linear Regression,Inter-Sector
0,SWAT,0.9745173427300904,50.434556685800686,Basic Materials,115.06334055138518,29.518118920617713,-0.12341143348715139,-0.3672839332352617,Simple Linear Regression,Inter-Sector
0,TALF,0.9533984919634783,254.65120675661106,Basic Materials,80.04644973768251,21.94647198095715,-0.702600804190685,-0.26482310631207884,Simple Linear Regression,Inter-Sector
0,TBMS,0.9974208563915306,183.93485253788353,Basic Materials,280.1759459760701,21.23410997662139,0.6010744608429018,0.08900418834710888,Simple Linear Regression,Inter-Sector
0,TDPM,0.9962636407782963,28.461258426586326,Basic Materials,57.02378789596466,25.231764555736575,-0.22796077593227565,-0.1397419569775824,Simple Linear Regression,Inter-Sector
0,TINS,0.9980374858804872,673.4225986617747,Basic Materials,210.25758490896646,18.52998810100777,-1.5050010200599446,-0.13305583181500186,Simple Linear Regression,Inter-Sector
0,TIRT,0.9820267321443451,78.5299920625356,Basic Materials,225.13020002229177,33.34271711872373,0.13762522384981038,0.09898138044660537,Simple Linear Regression,Inter-Sector
0,TKIM,0.9979322247137852,27990.50447961158,Basic Materials,2651.9987462881545,37.84658937959517,-3.518961021281592,-0.011778126019255633,Simple Linear Regression,Inter-Sector
0,TPIA,0.997849912180508,2241.2749954378314,Basic Materials,840.4940563008045,19.683436646302297,0.8713165836020413,0.04505942789529209,Simple Linear Regression,Inter-Sector
0,TRST,0.9982641496965295,44.126944800686175,Basic Materials,110.05095395466986,29.421700478648656,0.5024637496890587,0.17248310165593123,Simple Linear Regression,Inter-Sector
0,UNIC,0.9986604700371261,9670.976041139353,Basic Materials,1251.3090380619615,30.91881592304096,6.489857637834497,0.16357730603688822,Simple Linear Regression,Inter-Sector
0,WSBP,0.9989294572176538,29.52335381329319,Basic Materials,26.057991793712688,15.040861992361759,-0.8521475698095535,-0.3116172876442427,Simple Linear Regression,Inter-Sector
0,WTON,0.9986202385072622,157.18864918148844,Basic Materials,100.14075678085601,17.372743095084626,-1.5190836862983592,-0.32610349814879064,Simple Linear Regression,Inter-Sector
0,YPAS,0.9759795635263075,902.9496591254891,Basic Materials,270.14920218770726,36.22519421629244,0.22368866738711135,-0.005837291646034783,Simple Linear Regression,Inter-Sector
0,ZINC,0.9974980550779274,69.8153913288037,Basic Materials,66.03941189863968,19.50591652062487,-0.2699512801287013,-0.17645990319330546,Simple Linear Regression,Inter-Sector
0,ABBA,0.9960322453759477,24.233826948408755,Consumer Cyclicals,82.68071876400876,29.739621702754455,-0.06671508963242342,-0.0771581031116395,Simple Linear Regression,Inter-Sector
0,ACES,0.9980916750829325,487.3980770645872,Consumer Cyclicals,180.19354057367696,13.737633918348365,-1.0244121895024951,-0.10465706442045787,Simple Linear Regression,Inter-Sector
0,ACRO,0.7137415226627979,48.28133965067882,Consumer Cyclicals,25.013934921304738,20.17252816234253,1.4055224742110028,1.4822256807916763,Simple Linear Regression,Inter-Sector
0,AEGS,0.9380158702617014,23.33240371569826,Consumer Cyclicals,13.010979028906775,14.297779152644807,-0.2257242460121398,-0.4687795995231451,Simple Linear Regression,Inter-Sector
0,AKKU,0.9911709987511066,5.443710658117984,Consumer Cyclicals,59.02575849089666,36.85099831797723,0.01105898794686146,0.05736192595459636,Simple Linear Regression,Inter-Sector
0,ARGO,0.9996667112602489,11.869206943508315,Consumer Cyclicals,125.11964326372765,12.832783924484886,0.3341650034376874,0.03244504213356551,Simple Linear Regression,Inter-Sector
0,ARTA,0.9983244735538696,607.6790659708148,Consumer Cyclicals,410.2984043754145,25.010556758564196,1.6067052615947544,0.21781747239967325,Simple Linear Regression,Inter-Sector
0,ASLC,0.9898199157030596,30.169282676892404,Consumer Cyclicals,24.039130385077954,13.219763796074293,-0.9697816379716617,-0.7049142582107765,Simple Linear Regression,Inter-Sector
0,AUTO,0.9993010309595021,1006.5572368292385,Consumer Cyclicals,430.319517892543,23.087752002268267,0.10032948854479887,0.05291476147247213,Simple Linear Regression,Inter-Sector
0,BABY,0.9573837899615012,108.54754820648455,Consumer Cyclicals,55.02406940952639,24.346933367047075,0.12482194506846314,0.0650573655821391,Simple Linear Regression,Inter-Sector
0,BAIK,0.21739570758338744,394.82145007883406,Consumer Cyclicals,20.00985297465992,22.233169971844358,-1.8015706443790842,-0.12237364648603674,Simple Linear Regression,Inter-Sector
0,BATA,0.9995936410675039,68.68283010664707,Consumer Cyclicals,70.14075678085601,25.799919319000374,0.1264715168318307,0.02739071440801802,Simple Linear Regression,Inter-Sector
0,BAUT,0.9791360755306215,11.177262054509043,Consumer Cyclicals,52.02702530192437,21.322551353247693,-0.13105261739787372,-0.1400662037461204,Simple Linear Regression,Inter-Sector
0,BAYU,0.9967916532041751,1224.8691220852418,Consumer Cyclicals,640.2899589685635,35.009149190755636,2.128690146497445,0.3129245356271269,Simple Linear Regression,Inter-Sector
0,BELL,0.9936844432666477,37.381575666309004,Consumer Cyclicals,66.0439161156271,25.651492170884165,0.033131627353035244,-0.10502158021174156,Simple Linear Regression,Inter-Sector
0,BIKE,0.9869680356966044,154.1112220047398,Consumer Cyclicals,45.0767124455665,12.09291217335043,-0.13035857342977372,-0.13216745862252313,Simple Linear Regression,Inter-Sector
0,BIMA,0.9982937429015927,68.89118500024027,Consumer Cyclicals,187.57741622947083,29.518118920617713,-0.0420664333612112,-0.22280134063170465,Simple Linear Regression,Inter-Sector
0,BLTZ,0.9926718069628991,9295.960257007053,Consumer Cyclicals,790.5278379282099,21.79871840744125,4.663824969790566,0.10591241283980572,Simple Linear Regression,Inter-Sector
0,BMBL,0.991687562927141,4.834223828153034,Consumer Cyclicals,11.008586163632216,22.233169971844358,-0.09918763509279974,-0.3876003852902002,Simple Linear Regression,Inter-Sector
0,BMTR,0.9988081501320899,471.1201184490169,Consumer Cyclicals,280.2435092308808,18.950803769357265,-0.3094378008334398,-0.135861625533658,Simple Linear Regression,Inter-Sector
0,BOGA,0.9981850718677778,248.38155289706373,Consumer Cyclicals,220.13934921304747,25.857895100275336,0.7552104200312738,0.10616924752792711,Simple Linear Regression,Inter-Sector
0,BOLA,0.9936419116305519,196.52043618310918,Consumer Cyclicals,145.13583029352606,21.401439169404195,-1.1914269271900206,-0.4923598356134261,Simple Linear Regression,Inter-Sector
0,BOLT,0.9592510217798281,752.8019329749945,Consumer Cyclicals,235.13231137400464,23.923753233326003,1.090154992259128,0.10670997486583443,Simple Linear Regression,Inter-Sector
0,BRAM,0.9942566393765124,59423.0525479602,Consumer Cyclicals,4401.2668110277045,38.008726920413075,1.8662013618573907,0.05521067962466002,Simple Linear Regression,Inter-Sector
0,BUVA,0.9970709339232108,27.40856887867505,Consumer Cyclicals,54.03378162740543,18.99874485313264,0.2925726342319405,0.06914325281211847,Simple Linear Regression,Inter-Sector
0,CARS,0.9970917496803007,17.407328954221523,Consumer Cyclicals,44.02125427390925,22.575002191748332,-0.09415821911910867,-0.1227982182041623,Simple Linear Regression,Inter-Sector
0,CBMF,0.9918903788706636,174.90924679828035,Consumer Cyclicals,110.07389730994942,28.95736956074503,-2.6062286231530507,-0.7608723410562318,Simple Linear Regression,Inter-Sector
0,CINT,0.9899615249269155,35.28158264612494,Consumer Cyclicals,58.03265557315859,23.748108219146086,0.02376724981396721,-0.01821585575911407,Simple Linear Regression,Inter-Sector
0,CLAY,0.9977728635491433,3956.0458887677814,Consumer Cyclicals,510.3758206048856,23.054310413135447,-0.36278400522638976,0.02226447391316988,Simple Linear Regression,Inter-Sector
0,CNMA,0.9314566955359401,42.79428977860222,Consumer Cyclicals,28.027869842609476,12.401712319738706,0.10143678400216595,0.011343318810650939,Simple Linear Regression,Inter-Sector
0,CNTX,0.9951266196465844,229.56405193253826,Consumer Cyclicals,185.07812001337504,25.40112677544668,0.1609464761327018,0.04557561037471679,Simple Linear Regression,Inter-Sector
0,CSAP,0.9970295591562588,116.70341562391658,Consumer Cyclicals,99.65224067547103,26.4619665586215,0.12671962938895068,0.01792442271189484,Simple Linear Regression,Inter-Sector
0,CSMI,0.9967735797221711,4495.84962765712,Consumer Cyclicals,660.3800433083111,22.265278489609912,3.0088489371987186,-0.817785509864676,Simple Linear Regression,Inter-Sector
0,DEPO,0.9673122262537727,73.89030661648572,Consumer Cyclicals,50.05208000891673,11.917161906884937,0.5891425772341131,0.15046341867871066,Simple Linear Regression,Inter-Sector
0,DFAM,0.9958140619488944,502.05141390279726,Consumer Cyclicals,185.08375028460932,30.009852974659918,0.2971082334586141,-0.04588297755592924,Simple Linear Regression,Inter-Sector
0,DIGI,0.9943050729065416,157.69725858995824,Consumer Cyclicals,140.11401299249337,25.936352354137476,0.5745999127437862,0.05984865772561299,Simple Linear Regression,Inter-Sector
0,DOOH,0.9888915404962655,27.43753212350559,Consumer Cyclicals,20.026743788362637,17.253028147381194,-0.8049367215122325,-0.9959163116052168,Simple Linear Regression,Inter-Sector
0,DRMA,0.9906473724087632,1206.4276296613134,Consumer Cyclicals,200.21465409080542,12.710700988804893,-0.38909813213832495,-0.09281864115593419,Simple Linear Regression,Inter-Sector
0,DUCK,0.9980398693547438,617.5473356390218,Consumer Cyclicals,230.18016867949564,24.346933367047075,1.1083818026145875,-0.0027109542712277688,Simple Linear Regression,Inter-Sector
0,EAST,0.971915805032886,30.512932069404016,Consumer Cyclicals,126.0,100.0,0.05165719105208099,0.09012989847256701,Simple Linear Regression,Inter-Sector
0,ECII,0.9974591278505422,1170.8241110642587,Consumer Cyclicals,320.3504843843316,23.375272949560927,5.7677631842533845,0.6010965014714479,Simple Linear Regression,Inter-Sector
0,ENAK,0.9861902535313236,1524.0559311147388,Consumer Cyclicals,170.21535787470975,10.97143724761046,-0.20303065866870978,-0.022576098417013638,Simple Linear Regression,Inter-Sector
0,ERAA,0.9963737228042309,98.13815762264456,Consumer Cyclicals,72.06925233618114,19.708272893008136,-0.8707185928298277,-0.2553310788889525,Simple Linear Regression,Inter-Sector
0,ERAL,0.942074792992668,64.12470724782946,Consumer Cyclicals,36.04560519699737,10.012668110277048,-0.8951146708155592,-0.31184685815522933,Simple Linear Regression,Inter-Sector
0,ERTX,0.9940965911537782,40.85520855319876,Consumer Cyclicals,88.0512354682316,35.723334364483605,0.0158547463880093,-0.018308621286907016,Simple Linear Regression,Inter-Sector
0,ESTA,0.985941428308437,82.21837700641348,Consumer Cyclicals,91.37801310432002,26.480937868364723,0.5088515077750247,0.036306927916633,Simple Linear Regression,Inter-Sector
0,ESTI,0.9984047365071689,9.073501476112076,Consumer Cyclicals,38.01548324589416,26.77087232761199,0.15727673037090484,-0.023282963250341564,Simple Linear Regression,Inter-Sector
0,FAST,0.9990448734729759,189.9943342867479,Consumer Cyclicals,200.14638705209018,20.465742016658997,-0.030620457791771798,-0.12949547682652612,Simple Linear Regression,Inter-Sector
0,FILM,0.9967528571834162,5871.286288417669,Consumer Cyclicals,550.3673751980341,28.17103137793506,0.06995018866111728,-0.08533240356633606,Simple Linear Regression,Inter-Sector
0,FITT,0.9970557600853326,131.31725793323074,Consumer Cyclicals,92.05264303604014,30.389546358160864,0.10046779817475193,-0.04247505226106023,Simple Linear Regression,Inter-Sector
0,FORU,0.9939859093509151,298.28176479092417,Consumer Cyclicals,400.11260542468483,34.45367183341166,0.8696746386683093,0.052399565634079256,Simple Linear Regression,Inter-Sector
0,FUTR,0.9819998665544758,10.274969772980498,Consumer Cyclicals,19.014357191647306,15.714344786485377,-0.20107564004201164,-0.23301762002496032,Simple Linear Regression,Inter-Sector
0,GDYR,0.9971403886047692,947.5115844828558,Consumer Cyclicals,540.2674378836264,23.087750521604313,1.2428586962588495,0.0692951944173661,Simple Linear Regression,Inter-Sector
0,GEMA,0.9978910948245173,33.84201976479792,Consumer Cyclicals,86.04982790042305,48.67389218141727,0.6920662803345423,0.42368745900430377,Simple Linear Regression,Inter-Sector
0,GJTL,0.9988124276415716,644.5624297137746,Consumer Cyclicals,250.42227034256803,21.611035331619114,-0.6804302312500723,-0.015515911797067206,Simple Linear Regression,Inter-Sector
0,GLOB,0.9964578562968723,616.5417298854026,Consumer Cyclicals,180.21958057813526,27.48273620608407,1.6797270941568176,-0.1090919379109441,Simple Linear Regression,Inter-Sector
0,GRPH,0.502087105669379,50.50056169715585,Consumer Cyclicals,8.012668110277048,8.176191949262293,-2.96272820226323,-4.95230015142133,Simple Linear Regression,Inter-Sector
0,GWSA,0.9855818857807478,24.363668055718442,Consumer Cyclicals,135.0,100.0,-0.26598668180872626,-0.21035518471592096,Simple Linear Regression,Inter-Sector
0,HAJJ,0.9784777215842954,114.85552835349884,Consumer Cyclicals,32.02223957137525,16.85381030072382,-1.0796766223193777,-0.3498013152838311,Simple Linear Regression,Inter-Sector
0,HDTX,0.9981432571126588,69.68639962565271,Consumer Cyclicals,135.03730054692682,33.759325136731704,0.05255659362499439,0.005580401405845111,Simple Linear Regression,Inter-Sector
0,HOME,0.9957481644608444,44.04376875334415,Consumer Cyclicals,64.03167027569259,25.914044026533308,-0.1184339745184435,-0.1397610516914362,Simple Linear Regression,Inter-Sector
0,HOTL,0.992476457107758,18.25483937656324,Consumer Cyclicals,42.01604627301758,26.933362995524092,0.2739688630995475,0.14064860875822086,Simple Linear Regression,Inter-Sector
0,HRME,0.9975330286263084,253.71164402140354,Consumer Cyclicals,130.07741622947083,25.383638565735527,0.08557669092766741,-0.08590205503213111,Simple Linear Regression,Inter-Sector
0,HRTA,0.9842726273785432,75.53464631440116,Consumer Cyclicals,76.03997492576309,21.122215257156412,-0.2829191087858711,-0.14045901900598598,Simple Linear Regression,Inter-Sector
0,IDEA,0.9790658377216346,27.998513754608034,Consumer Cyclicals,24.016187029798445,17.27783239553845,-0.28024885565757945,-0.2678822937438862,Simple Linear Regression,Inter-Sector
0,IIKP,0.996289799067961,33.02936063707731,Consumer Cyclicals,90.03378162740543,27.282964129516795,0.1718219985238403,0.008426540901939339,Simple Linear Regression,Inter-Sector
0,IMAS,0.9992210220065847,2559.7854679487814,Consumer Cyclicals,495.66636296418665,20.235948481908707,0.1018329678177229,-0.08027130874522026,Simple Linear Regression,Inter-Sector
0,INDR,0.9970967439799726,10800.370838267174,Consumer Cyclicals,2076.4638705209018,25.36261987237375,-0.7516058264076604,0.04036415493541484,Simple Linear Regression,Inter-Sector
0,INDS,0.99922653140995,978.6959250674428,Consumer Cyclicals,470.2744757226692,26.676990705236847,-0.19768784053063315,-0.0015386857618149364,Simple Linear Regression,Inter-Sector
0,INOV,0.9852672698580125,102.69794052654437,Consumer Cyclicals,52.03884887151628,18.33210761492488,-2.0590391928576754,-1.0905016568622554,Simple Linear Regression,Inter-Sector
0,IPTV,0.9973532661045603,56.83730873518837,Consumer Cyclicals,93.06221449713837,19.24213804768452,-0.8905913090484442,-0.554205354340057,Simple Linear Regression,Inter-Sector
0,ISAP,0.9874610980502736,9.360758192966053,Consumer Cyclicals,15.010556758564206,20.01126054246848,-0.2858609639584425,-1.4976786469231569,Simple Linear Regression,Inter-Sector
0,JGLE,0.9942714418547691,32.35603317073413,Consumer Cyclicals,74.05602119878068,25.220611221425365,-0.12265279143979897,-0.10283305726997216,Simple Linear Regression,Inter-Sector
0,JIHD,0.9964548887356459,468.55742459977046,Consumer Cyclicals,375.28855140075484,24.53892504006461,0.8021180102346865,0.04339122109574903,Simple Linear Regression,Inter-Sector
0,JSPT,0.9988462201355207,303.6393367398825,Consumer Cyclicals,510.28855140075484,27.3786444398727,-0.10939698139827046,-0.017649953808114464,Simple Linear Regression,Inter-Sector
0,KDTN,0.8605809387609271,40.474978957652965,Consumer Cyclicals,35.01900216541557,20.599413038479746,-1.6161629610241897,-1.4141645801932414,Simple Linear Regression,Inter-Sector
0,KICI,0.9882849395912641,54.517764905513964,Consumer Cyclicals,90.03969341220142,26.097360283802395,-0.11090696115957512,-0.040998875877374316,Simple Linear Regression,Inter-Sector
0,KLIN,0.9846851151300887,2.6117419795908225,Consumer Cyclicals,14.0,100.0,0.03554105250346827,0.2804782852278906,Simple Linear Regression,Inter-Sector
0,KOTA,0.9963060861871439,240.4855883437558,Consumer Cyclicals,175.070378390428,25.936352354137483,0.48886631527642316,-0.03607847803594663,Simple Linear Regression,Inter-Sector
0,KPIG,0.9973911440395089,7.028642198730915,Consumer Cyclicals,37.19875223468051,40.008445406851365,-0.04049215784167043,0.09131975553096254,Simple Linear Regression,Inter-Sector
0,LFLO,0.9742453358394026,14.800289681022024,Consumer Cyclicals,16.013090380619616,14.690908606073041,-0.40196815637921735,-0.718810456738567,Simple Linear Regression,Inter-Sector
0,LIVE,0.3712336661636677,51.08405663270285,Consumer Cyclicals,18.02519546377323,9.149845413082858,-0.29674083747200036,-0.24451470441189083,Simple Linear Regression,Inter-Sector
0,LMAX,0.9821224744932764,116.3388527020119,Consumer Cyclicals,48.036596763022544,15.596297650331994,0.10973664419695787,-0.6842509168768645,Simple Linear Regression,Inter-Sector
0,LMPI,0.987115821352422,65.38859689855406,Consumer Cyclicals,90.0957146109821,42.8651861017632,0.16659927224397653,0.0868617097737278,Simple Linear Regression,Inter-Sector
0,LPIN,0.9948761068711982,130.41420934037387,Consumer Cyclicals,200.11260542468483,30.778975469443882,0.007219097218141321,-0.01963859955814159,Simple Linear Regression,Inter-Sector
0,LPPF,0.9994855451325776,37498.32780584843,Consumer Cyclicals,1477.3928652745526,19.751556842931038,-0.7818519123333475,-0.08442781751678285,Simple Linear Regression,Inter-Sector
0,LUCY,0.9934638688130965,18.60254914599071,Consumer Cyclicals,20.69255774981721,12.512318798186092,-0.17104380079092577,-0.176063181584328,Simple Linear Regression,Inter-Sector
0,MABA,0.9951724840982571,460.8442807959812,Consumer Cyclicals,270.19565192538994,27.982166397502223,0.0008178650636732724,-0.05706295016859237,Simple Linear Regression,Inter-Sector
0,MAMI,0.989871057704189,6.744453023422886,Consumer Cyclicals,33.585508255933405,50.007034861044296,0.028362854739611674,0.18290809583799558,Simple Linear Regression,Inter-Sector
0,MAPA,0.9959978741731399,197.72933248638157,Consumer Cyclicals,89.03181103247346,28.264066994436014,0.46355847049353804,0.04210833012120493,Simple Linear Regression,Inter-Sector
0,MAPB,0.9795683767652269,1825.9539599517573,Consumer Cyclicals,395.2808097778077,19.833770735979876,1.9547564166357818,0.0960775776662674,Simple Linear Regression,Inter-Sector
0,MAPI,0.9984457623130994,315.75359531013646,Consumer Cyclicals,135.20268976443276,21.750146182849605,-0.3909299063377857,0.02584363980118519,Simple Linear Regression,Inter-Sector
0,MARI,0.9959155354244483,50.59448312631628,Consumer Cyclicals,62.02730681548607,25.651492170884165,-0.06673739643148359,-0.05968603490866431,Simple Linear Regression,Inter-Sector
0,MASA,0.99740237284313,4122.99238292219,Consumer Cyclicals,960.5475438775297,25.010556758564206,1.1688528759856602,0.18665151690289064,Simple Linear Regression,Inter-Sector
0,MDIA,0.9973289995735527,31.464729777938576,Consumer Cyclicals,59.53800433083114,25.326967911481653,-0.0036097724781771028,-0.1489727234398707,Simple Linear Regression,Inter-Sector
0,MEJA,0.9442566160878078,35.64059367024812,Consumer Cyclicals,13.019283678977274,8.771966859567154,0.3550716130153616,0.15534426737017676,Simple Linear Regression,Inter-Sector
0,MGLV,0.9862216608075867,49.67798106860625,Consumer Cyclicals,29.025476977334932,14.485722619415311,-0.7100137040104906,-0.5739051662731128,Simple Linear Regression,Inter-Sector
0,MGNA,0.9806611348894021,7.121768293929298,Consumer Cyclicals,36.014779461989875,25.724741932292165,-0.07033402239160942,-0.10602686386534811,Simple Linear Regression,Inter-Sector
0,MICE,0.9972139745994096,90.69825340716528,Consumer Cyclicals,150.070378390428,23.08775052160431,-0.055760015856553956,-0.03191527592077472,Simple Linear Regression,Inter-Sector
0,MINA,0.9948038585915856,1101.099943044728,Consumer Cyclicals,305.1689081370273,25.383638565735527,0.7025475883025801,0.0031416500594233024,Simple Linear Regression,Inter-Sector
0,MKNT,0.996688161212586,20.49684827633178,Consumer Cyclicals,54.035470708775705,50.0070378390428,-0.21282990961315598,-0.45196587026975366,Simple Linear Regression,Inter-Sector
0,MNCN,0.9980604158788168,1298.221648701469,Consumer Cyclicals,300.1689081370273,23.540175518536042,-0.3723358721606175,-0.05665083425877728,Simple Linear Regression,Inter-Sector
0,MPMX,0.9938697298595405,385.6556743782833,Consumer Cyclicals,145.13371894181319,19.30339559151687,-0.7931402891105804,-0.1302696958413125,Simple Linear Regression,Inter-Sector
0,MSIN,0.9985037780417669,6136.93081282333,Consumer Cyclicals,900.7037839042805,25.248618483140184,-0.3872155146238327,-0.02958281590912433,Simple Linear Regression,Inter-Sector
0,MSKY,0.9974978166362326,1088.9883824875787,Consumer Cyclicals,320.17453840826147,29.176636938643963,0.3245541019698808,-0.12973859493508133,Simple Linear Regression,Inter-Sector
0,MYTX,0.9946022436387874,20.08831517873379,Consumer Cyclicals,57.618617696905034,56.256154494637045,0.1381980363878051,-0.052647028121947104,Simple Linear Regression,Inter-Sector
0,NATO,0.9936263019644174,301.6319046786373,Consumer Cyclicals,205.1119016407805,21.728190556077113,0.475837100056364,0.014407539884608451,Simple Linear Regression,Inter-Sector
0,NETV,0.9761372676883202,365.23962057432146,Consumer Cyclicals,130.07530487775796,19.560196222219243,-0.9759231449357528,0.15064815845755053,Simple Linear Regression,Inter-Sector
0,NIPS,0.9980260325591579,53.484681856832545,Consumer Cyclicals,94.0698153633046,28.58148509256797,-0.15522868390592304,-0.0010905738964362601,Simple Linear Regression,Inter-Sector
0,NUSA,0.9718677422785951,78.85198258573931,Consumer Cyclicals,74.06559265987892,25.69853330206362,-0.2552886700502045,-0.20824251529932072,Simple Linear Regression,Inter-Sector
0,OLIV,0.9969731619885276,2.3707818166315007,Consumer Cyclicals,9.014497948428172,18.193334645706408,-0.14253083868856456,-0.41789073786841135,Simple Linear Regression,Inter-Sector
0,PANR,0.9971188396339135,86.5559939910183,Consumer Cyclicals,144.06928922707823,25.500680105380003,0.5999472736347703,0.16736745464437328,Simple Linear Regression,Inter-Sector
0,PBRX,0.9983114355860426,32.480378549594285,Consumer Cyclicals,96.59734941402041,24.723240405168013,0.00415997814658426,-0.007820539282718069,Simple Linear Regression,Inter-Sector
0,PDES,0.9942072637535758,954.7164898244306,Consumer Cyclicals,540.1161243442062,100.0,1.6814029118429925,0.23778887544219648,Simple Linear Regression,Inter-Sector
0,PGLI,0.9951930487816956,58.54579320177308,Consumer Cyclicals,74.0258992476775,60.00563027123423,0.033275137840687495,-0.03775573312741725,Simple Linear Regression,Inter-Sector
0,PJAA,0.9966222475859983,867.9929822998361,Consumer Cyclicals,410.27306815486077,21.71920515722005,1.878801763523336,0.11949375858491675,Simple Linear Regression,Inter-Sector
0,PLAN,0.9950698437520198,10.726524384933564,Consumer Cyclicals,24.033781627405432,16.11350417059724,0.05728490047887699,0.17728504009042156,Simple Linear Regression,Inter-Sector
0,PMJS,0.9402739964217253,22.262897177464318,Consumer Cyclicals,42.01773535438785,25.010556758564196,0.0200354391364377,0.015521661514495333,Simple Linear Regression,Inter-Sector
0,PNSE,0.9954341989778777,434.37659237674865,Consumer Cyclicals,300.1372378613346,26.67698883059611,0.518755601195503,0.030120195492352276,Simple Linear Regression,Inter-Sector
0,POLU,0.9895490529249888,4058.316633537721,Consumer Cyclicals,560.319517892543,23.794511733027406,2.8042322681375307,-0.14360410621735553,Simple Linear Regression,Inter-Sector
0,POLY,0.9967736018076181,522.3886803807089,Consumer Cyclicals,440.1689081370273,28.581482627204004,0.1252015106300434,-0.03882410009719233,Simple Linear Regression,Inter-Sector
0,PRAS,0.9914313657703714,33.511884680718595,Consumer Cyclicals,65.04081946644823,50.0070378390428,0.14024025528273587,0.08194439836373563,Simple Linear Regression,Inter-Sector
0,PSKT,0.9968136873389134,3.740579456261923,Consumer Cyclicals,24.912141551043177,19.455783185124513,0.04889265821290485,0.005264685903632867,Simple Linear Regression,Inter-Sector
0,PTSP,0.9990912992675169,7796.262459269111,Consumer Cyclicals,1375.6193298357666,23.82024813568427,3.0333056999342953,0.05180211686546657,Simple Linear Regression,Inter-Sector
0,PZZA,0.9958314420358393,299.98913315302093,Consumer Cyclicals,105.10697515345055,12.15109539346249,-1.2291563032995756,-0.21964496631470742,Simple Linear Regression,Inter-Sector
0,RAAM,0.9024889073504565,1046.7884278806043,Consumer Cyclicals,145.0865654202264,19.09033755529295,-1.386273072816267,-0.3032324140764624,Simple Linear Regression,Inter-Sector
0,RAFI,0.9879203437422495,36.689236722683916,Consumer Cyclicals,60.02843286973291,22.9116155991347,-0.33627145969284095,-0.32012677776398263,Simple Linear Regression,Inter-Sector
0,RALS,0.994992873720102,413.0209795940401,Consumer Cyclicals,265.17383462435714,17.67825564162381,-0.3171044946031301,-0.05723182414330571,Simple Linear Regression,Inter-Sector
0,RICY,0.9981500732834937,38.62141137215438,Consumer Cyclicals,130.05630271234241,28.581482627204004,0.6764178994420871,0.17584124462809986,Simple Linear Regression,Inter-Sector
0,SBAT,0.9922119105985934,19.04490265480803,Consumer Cyclicals,44.04307157494196,50.0070378390428,0.28624539195496324,0.039092977314902994,Simple Linear Regression,Inter-Sector
0,SCMA,0.9987304816766548,64.2434757776396,Consumer Cyclicals,120.08726920413073,20.011260542468477,-0.0940377630608187,0.08488745345096761,Simple Linear Regression,Inter-Sector
0,SCNP,0.9673328058722283,93.15027541132261,Consumer Cyclicals,90.05067244110819,20.011260542468488,0.7519868956457684,0.24970987506250122,Simple Linear Regression,Inter-Sector
0,SHID,0.9976648682112347,2939.6868159102573,Consumer Cyclicals,1300.4785730549106,33.34271711872373,2.6317901029390054,0.27879586230536657,Simple Linear Regression,Inter-Sector
0,SLIS,0.9972536356569939,26476.222657127066,Consumer Cyclicals,2245.054926148863,20.61042799824323,4.187245658048714,-0.47218291002928187,Simple Linear Regression,Inter-Sector
0,SMSM,0.998981829157404,371.3667984250279,Consumer Cyclicals,205.18228003120862,13.678818668747242,-0.24692596042352555,0.006512773624975706,Simple Linear Regression,Inter-Sector
0,SNLK,0.983857770497976,1532.9460979048267,Consumer Cyclicals,195.14146056476034,25.201369591239615,3.4816122866433443,0.30019172617157275,Simple Linear Regression,Inter-Sector
0,SOFA,0.9946982674666118,11.845337222928553,Consumer Cyclicals,28.04138249357169,17.98907330899156,-0.014930103855951352,0.3962788793094142,Simple Linear Regression,Inter-Sector
0,SONA,0.9986411449404453,1167.720215789484,Consumer Cyclicals,737.7674378836264,32.26759965289669,2.033088599909182,0.17569411047914116,Simple Linear Regression,Inter-Sector
0,SOTS,0.9540058478648581,340.7625805490312,Consumer Cyclicals,82.04813881905278,28.299567427048228,-2.273563190101579,-0.9787429536749807,Simple Linear Regression,Inter-Sector
0,SRIL,0.9955010335529589,30.75004449578494,Consumer Cyclicals,40.04504216987391,13.571489145463822,-0.8455439780503042,-0.32256150731346617,Simple Linear Regression,Inter-Sector
0,SSTM,0.9956132582208425,176.00318998031287,Consumer Cyclicals,188.0439161156271,37.60878322312542,1.1458724562577915,0.3473343959450137,Simple Linear Regression,Inter-Sector
0,SWID,0.9597394502684946,27.53314413069015,Consumer Cyclicals,53.019283678977274,27.904886146830144,0.1805523077519308,0.28564061552716474,Simple Linear Regression,Inter-Sector
0,TELE,0.9984238768997735,202.12522974713787,Consumer Cyclicals,155.0957146109821,33.34271711872373,-0.3100373197343544,-0.07023844452114007,Simple Linear Regression,Inter-Sector
0,TFCO,0.9910223553660202,478.15565183977446,Consumer Cyclicals,240.0767124455665,39.6085017095637,0.22640984126887134,0.023908995266015046,Simple Linear Regression,Inter-Sector
0,TMPO,0.9913313842961653,31.253870796188988,Consumer Cyclicals,68.04870184617619,41.184752348771006,0.11204914079646565,0.08156265730404498,Simple Linear Regression,Inter-Sector
0,TOOL,0.9764734450552555,7.4012517883562605,Consumer Cyclicals,22.011682812811046,20.963507440772425,0.19149392928127876,0.23354234920943606,Simple Linear Regression,Inter-Sector
0,TOYS,0.99688343499624,102.17801279466491,Consumer Cyclicals,60.072489742140874,25.273677612042917,-1.1486296942383407,-0.5946406843477302,Simple Linear Regression,Inter-Sector
0,TRIO,0.9988660491108272,510.6857450032708,Consumer Cyclicals,470.2005784127198,25.96462092194125,2.1128048489269253,0.13322399748539449,Simple Linear Regression,Inter-Sector
0,TRIS,0.9912219185279515,60.487311705634816,Consumer Cyclicals,64.02984043754148,25.816894857934486,-0.1300116704371668,-0.0999328805464507,Simple Linear Regression,Inter-Sector
0,TYRE,-0.21357526370495017,95.63803624005685,Consumer Cyclicals,142.0,100.0,0.7361061418596825,0.5321410499775943,Simple Linear Regression,Inter-Sector
0,UFOE,0.9918513853267479,2377.5956447270028,Consumer Cyclicals,305.2808097778077,24.137663768452253,0.6673529693216915,-0.10777981405142431,Simple Linear Regression,Inter-Sector
0,UNIT,0.9892533431174115,167.23825218735558,Consumer Cyclicals,300.1337189418132,44.889648011543244,0.235950878606868,0.014324068957654678,Simple Linear Regression,Inter-Sector
0,UNTD,0.8831553177420031,79.16941093998935,Consumer Cyclicals,36.02364713918382,17.658650558423442,-2.5035304768954636,-1.713175217284282,Simple Linear Regression,Inter-Sector
0,VIVA,0.9986073615416302,48.67446505734672,Consumer Cyclicals,72.03209254603516,24.010697515345054,-0.14617241918973542,-0.10431995682285784,Simple Linear Regression,Inter-Sector
0,VKTR,0.9023832347391123,10.721981454342759,Consumer Cyclicals,12.01492021877074,10.182135778619271,-0.3322505699340574,-0.22191869875603226,Simple Linear Regression,Inter-Sector
0,WOOD,0.9948236983718464,212.5224098157758,Consumer Cyclicals,86.05827330727436,18.32135759618261,-0.7358284972490805,-0.15914766870270755,Simple Linear Regression,Inter-Sector
0,YELO,0.9926538726131573,18.229763691711124,Consumer Cyclicals,50.022521084936955,25.520685583553426,-0.3600788350432286,-0.2039151765144898,Simple Linear Regression,Inter-Sector
0,ZATA,0.9852439873936104,22.34507285835836,Consumer Cyclicals,37.02040973322411,26.326161025957813,-0.3745922693555183,-0.3568788637411899,Simple Linear Regression,Inter-Sector
0,ZONE,0.9971767273855682,349.18314406337777,Consumer Cyclicals,190.1696119209314,13.632230245228058,1.1795235259575263,0.08873440482547762,Simple Linear Regression,Inter-Sector
0,AALI,0.998655036648626,75351.94789176773,Consumer Non-Cyclicals,3100.748996262202,22.23316833954658,-4.353671679345139,-0.037328370207151636,Simple Linear Regression,Inter-Sector
0,ADES,0.9985274591066315,6828.1549191716485,Consumer Non-Cyclicals,2101.6574110945803,29.49710464480395,0.9877032014225524,0.09972170721319085,Simple Linear Regression,Inter-Sector
0,AGAR,0.9842168176500058,225.30487169947946,Consumer Non-Cyclicals,98.05939936152123,20.01126054246848,-0.4219498233342074,-0.12049347667963282,Simple Linear Regression,Inter-Sector
0,AISA,0.9989899197647781,420.74077342712013,Consumer Non-Cyclicals,375.22169192984825,32.36246125573328,-0.3768166666063198,0.06000120349814031,Simple Linear Regression,Inter-Sector
0,ALTO,0.9945424997099579,110.3594755154524,Consumer Non-Cyclicals,96.05489514453382,24.237469714838063,1.3426911104002994,0.355830351370988,Simple Linear Regression,Inter-Sector
0,AMMS,0.9880114833060872,12.550210704716308,Consumer Non-Cyclicals,22.03237405959689,14.748843472894043,0.21856564441848633,-0.11812244443119395,Simple Linear Regression,Inter-Sector
0,AMRT,0.9990054823867086,564.1272951162914,Consumer Non-Cyclicals,220.40397196105687,28.76002892063599,-0.03922312919100445,0.07008859877747568,Simple Linear Regression,Inter-Sector
0,ANDI,0.9959265644010241,69.5912448546772,Consumer Non-Cyclicals,98.05545817165728,23.462102178357565,0.09820012136610573,-0.12080794561496504,Simple Linear Regression,Inter-Sector
0,ANJT,0.9970379468661701,489.7451017610546,Consumer Non-Cyclicals,325.140756780856,24.538925040064605,1.568625639363126,0.1037568152690107,Simple Linear Regression,Inter-Sector
0,ASHA,0.9895209441947286,54.19359073376224,Consumer Non-Cyclicals,60.034344654528866,19.748139688989756,-0.12915360299280562,-0.07680408960053463,Simple Linear Regression,Inter-Sector
0,AYAM,0.6250054692887406,26.561800361706517,Consumer Non-Cyclicals,26.01041600178334,26.010416001783344,0.452103135640071,0.36434151341711524,Simple Linear Regression,Inter-Sector
0,BEEF,0.9927458159356919,70.06269738739411,Consumer Non-Cyclicals,59.02491395021153,25.010556758564206,-0.27868956602377154,-0.032991536403883547,Simple Linear Regression,Inter-Sector
0,BEER,0.9544746155041605,48.50548830215845,Consumer Non-Cyclicals,42.035470708775705,14.297779152644798,0.496479840211747,0.16298584410408629,Simple Linear Regression,Inter-Sector
0,BISI,0.9993253612775821,313.0960457716806,Consumer Non-Cyclicals,260.22169192984825,14.181018633779196,0.4659081639955581,0.02670577352799989,Simple Linear Regression,Inter-Sector
0,BOBA,0.974473876668878,29.10073447558991,Consumer Non-Cyclicals,52.02871438329461,21.61907440091133,-0.14380134330911803,-0.03904128373962451,Simple Linear Regression,Inter-Sector
0,BTEK,0.9969329783558278,9.119943911667987,Consumer Non-Cyclicals,44.018579895073,28.581470852989817,-0.018654092824465635,-0.016973022146843604,Simple Linear Regression,Inter-Sector
0,BUAH,0.9949056944190329,1025.8937990406462,Consumer Non-Cyclicals,210.1752421921658,19.242138047684524,2.4644212192485595,0.19915344753309705,Simple Linear Regression,Inter-Sector
0,BUDI,0.9968054562408323,18.259944659354858,Consumer Non-Cyclicals,60.036596763022544,25.605711070004165,0.049752473133692666,0.033605757080544564,Simple Linear Regression,Inter-Sector
0,BWPT,0.999479544233543,81.20354253189115,Consumer Non-Cyclicals,124.77127907239071,25.279336125020958,-0.5701460946679335,-0.4398093534801874,Simple Linear Regression,Inter-Sector
0,CAMP,0.9785632249998545,370.21477728049734,Consumer Non-Cyclicals,235.1344227257175,32.802982034664815,-0.3157019195441614,-0.07598630902383617,Simple Linear Regression,Inter-Sector
0,CBUT,0.9699086940844431,11077.480414806041,Consumer Non-Cyclicals,510.47435035148465,22.933485264770855,7.949751824047074,0.3522709902425763,Simple Linear Regression,Inter-Sector
0,CEKA,0.9986563449965514,561.7016305227091,Consumer Non-Cyclicals,295.15201732332457,34.0092899475365,-0.02217818877422965,0.06262859842456943,Simple Linear Regression,Inter-Sector
0,CLEO,0.9957218844067801,132.80234628484834,Consumer Non-Cyclicals,110.14216434866455,15.801326886808933,0.2812227936105148,0.06783740788401171,Simple Linear Regression,Inter-Sector
0,CMRY,0.9558057450604538,8764.317470392765,Consumer Non-Cyclicals,600.5067244110814,14.297779152644797,0.7116389968589335,-0.0033941987665215777,Simple Linear Regression,Inter-Sector
0,COCO,0.9963390480068196,357.85548576364766,Consumer Non-Cyclicals,185.10486380173768,24.822613291793687,0.29343529151451636,-0.19386324481148906,Simple Linear Regression,Inter-Sector
0,CPIN,0.9981517003748318,9143.21211632151,Consumer Non-Cyclicals,775.7037839042805,15.515769371405666,-2.524872449563423,-0.02094944098467504,Simple Linear Regression,Inter-Sector
0,CPRO,0.9986808201947533,12.154072945749114,Consumer Non-Cyclicals,60.099937314407725,16.140837665491148,-0.1045399222383649,-0.150709191441955,Simple Linear Regression,Inter-Sector
0,CRAB,0.9513689998110021,36.105407600007574,Consumer Non-Cyclicals,32.039411898639685,11.777125598310821,0.23654575335027617,0.0633875079694127,Simple Linear Regression,Inter-Sector
0,CSRA,0.9875397750144473,265.38041858352335,Consumer Non-Cyclicals,106.06249601070004,19.605912200622882,0.0789615992497016,-0.004523205465549021,Simple Linear Regression,Inter-Sector
0,DAYA,0.9866284334342288,149.18825289733462,Consumer Non-Cyclicals,140.03096649178832,38.89749069216342,-0.22062542489772652,-0.17848381484703277,Simple Linear Regression,Inter-Sector
0,DEWI,0.9934916111355098,67.6426212512526,Consumer Non-Cyclicals,62.04279006138023,21.4396308899244,0.5294988977407056,0.23912568319579916,Simple Linear Regression,Inter-Sector
0,DLTA,0.9996027003524318,2327.58340346096,Consumer Non-Cyclicals,700.8304650070504,15.762774380804723,1.6462800887390117,0.04295342382337068,Simple Linear Regression,Inter-Sector
0,DMND,0.9297362490760068,352.8672184877759,Consumer Non-Cyclicals,125.118235695919,12.965620279369844,0.3109707867262242,0.05382461073674727,Simple Linear Regression,Inter-Sector
0,DPUM,0.9976459345473085,249.3378216220917,Consumer Non-Cyclicals,270.07812001337504,32.736741819803036,-0.5386093318551062,-0.21673250176005593,Simple Linear Regression,Inter-Sector
0,DSFI,0.9944950388798679,42.49765771556845,Consumer Non-Cyclicals,125.04996865720386,26.05207680358414,-0.16753946064303787,-0.05731945482841574,Simple Linear Regression,Inter-Sector
0,DSNG,0.9904514103047144,157.42384221922316,Consumer Non-Cyclicals,100.070378390428,19.117077479426968,-0.179960377507546,-0.05627833930559068,Simple Linear Regression,Inter-Sector
0,ENZO,0.9174615374154237,6.545726041427092,Consumer Non-Cyclicals,15.009993731440773,18.193334645706397,-0.08274487772803757,-0.0849070635992784,Simple Linear Regression,Inter-Sector
0,EPMT,0.9988989412529331,1080.3280836265924,Consumer Non-Cyclicals,560.3167027569261,21.88599662350438,1.8691963713926034,0.09522492574872325,Simple Linear Regression,Inter-Sector
0,EURO,0.9844454573331197,115.72845451636051,Consumer Non-Cyclicals,40.03350011384373,17.402932081896797,0.11614485837364874,-0.02760507263835254,Simple Linear Regression,Inter-Sector
0,FAPA,0.9631080095258452,35842.678404400765,Consumer Non-Cyclicals,5300.0,100.0,9.49651726407718,0.1833333738974552,Simple Linear Regression,Inter-Sector
0,FISH,0.9976810025955194,9921.765106032411,Consumer Non-Cyclicals,1726.407567808561,25.936352354137483,4.842713375101354,0.12342330577317577,Simple Linear Regression,Inter-Sector
0,FLMC,0.9955139356859979,66.67969417907177,Consumer Non-Cyclicals,52.034344654528866,17.579170491394887,0.6032764742633769,0.19760265908036018,Simple Linear Regression,Inter-Sector
0,FOOD,0.9701279236700477,46.07854932262015,Consumer Non-Cyclicals,56.04138249357169,30.497589190864378,0.6779978749017788,0.6251408693278583,Simple Linear Regression,Inter-Sector
0,GGRM,0.999064865794136,519784.78964753996,Consumer Non-Cyclicals,6579.6308980901595,17.604191993977953,-10.861847418294046,-0.02972614665070765,Simple Linear Regression,Inter-Sector
0,GOLL,0.9911630599181454,12.92708094697114,Consumer Non-Cyclicals,31.01534248911331,22.15381606365236,-0.1568743705940386,-0.1687503049031153,Simple Linear Regression,Inter-Sector
0,GOOD,0.9943509838059684,54.16715430816998,Consumer Non-Cyclicals,55.072489742140874,11.795856569521366,-0.10483726402968065,-0.031853913417561226,Simple Linear Regression,Inter-Sector
0,GRPM,0.9206746362282577,12.007749230466592,Consumer Non-Cyclicals,8.011401299249343,11.123622824964983,-1.1977508889098623,-2.261645175199211,Simple Linear Regression,Inter-Sector
0,GULA,0.9659964790415677,302.92180823734026,Consumer Non-Cyclicals,125.07389730994942,19.242138047684527,1.0005259285658796,0.14784507393029767,Simple Linear Regression,Inter-Sector
0,GZCO,0.9989067613354442,7.7459801105988335,Consumer Non-Cyclicals,33.352111570030104,21.88599662350438,-0.16996172834098186,-0.17774048220792407,Simple Linear Regression,Inter-Sector
0,HERO,0.9992386828538805,761.9625514127841,Consumer Non-Cyclicals,314.27502510110435,20.582608681450854,-0.2744013799688196,-0.01689643309028408,Simple Linear Regression,Inter-Sector
0,HMSP,0.9993363518806267,1207.7328712975611,Consumer Non-Cyclicals,339.57301527479285,11.536617142692835,-0.8165774599956067,-0.048055368532547,Simple Linear Regression,Inter-Sector
0,HOKI,0.9926458121567429,18.75320324909812,Consumer Non-Cyclicals,27.022239571375252,15.96275072329894,-0.2111053257794538,-0.13181039293689914,Simple Linear Regression,Inter-Sector
0,IBOS,0.9918599575099915,350.38672840707306,Consumer Non-Cyclicals,110.08023136508791,16.18826931839528,0.8846795215883633,0.16276656733199865,Simple Linear Regression,Inter-Sector
0,ICBP,0.9993845002816678,9704.40857434023,Consumer Non-Cyclicals,1201.456832681859,14.297779152644807,0.4179163765595062,0.13148942552843776,Simple Linear Regression,Inter-Sector
0,IKAN,0.9946598272801593,83.9340772859749,Consumer Non-Cyclicals,65.09501082707777,26.953288448756847,-0.1980800440587085,-0.282886964115759,Simple Linear Regression,Inter-Sector
0,INDF,0.9989962501799006,7712.138315633268,Consumer Non-Cyclicals,750.8515785241789,14.297779152644807,0.8470675881233435,0.1126722513957218,Simple Linear Regression,Inter-Sector
0,IPPE,0.986746795568723,193.25597803003515,Consumer Non-Cyclicals,108.06080692932977,27.24238542646407,-0.6847714171967584,-0.31477388811302065,Simple Linear Regression,Inter-Sector
0,ITIC,0.9916388585902629,4490.504623106335,Consumer Non-Cyclicals,750.4335308850364,100.0,-1.354024245264244,-0.14156073584474382,Simple Linear Regression,Inter-Sector
0,JARR,0.9540367006050483,269.44816850286975,Consumer Non-Cyclicals,86.04898335973792,24.648288916818135,-0.20009257340307932,-0.2200405609007867,Simple Linear Regression,Inter-Sector
0,JAWA,0.9974166080889075,35.41645524328574,Consumer Non-Cyclicals,59.02435092308809,30.285043592059687,0.40086034302272383,0.08191844358511191,Simple Linear Regression,Inter-Sector
0,JPFA,0.9984834672807296,700.959372311451,Consumer Non-Cyclicals,230.29981194322318,30.24237838005972,-0.8401796071390457,0.034084437560219505,Simple Linear Regression,Inter-Sector
0,KEJU,0.9783808009474398,732.7354341047205,Consumer Non-Cyclicals,140.16046273017582,10.950036150794986,1.5875642593210302,0.10844646209894611,Simple Linear Regression,Inter-Sector
0,KINO,0.9944032454299099,6467.606671017048,Consumer Non-Cyclicals,740.5672498268495,23.45905103632759,-4.827335478789027,-0.2041872161773957,Simple Linear Regression,Inter-Sector
0,KMDS,0.9067795887127019,345.9445704843357,Consumer Non-Cyclicals,78.0591178479595,15.674521656216767,-4.372051313825305,-0.8998911319244676,Simple Linear Regression,Inter-Sector
0,KPAS,0.9856142825931012,138.03877494670368,Consumer Non-Cyclicals,115.06615568700232,28.245395486626133,-0.23436419662773303,0.009227819793842853,Simple Linear Regression,Inter-Sector
0,LAPD,0.9976604959963791,16.41886487117002,Consumer Non-Cyclicals,60.035189195214,28.581479471746057,0.5365397419707381,0.3251936786088667,Simple Linear Regression,Inter-Sector
0,LSIP,0.998429810571895,715.9024634147914,Consumer Non-Cyclicals,230.3378162740546,21.579667198498512,-0.9889295056244252,-0.04649250602950112,Simple Linear Regression,Inter-Sector
0,MAGP,0.999267383069105,0.41130186275831354,Consumer Non-Cyclicals,6.014075678085604,5.673656300080758,0.009981008611929545,0.011039282218534117,Simple Linear Regression,Inter-Sector
0,MAIN,0.9996546202120264,228.36866073315153,Consumer Non-Cyclicals,220.19705949319837,20.01126054246848,-0.26786121317015216,-0.017876174861925227,Simple Linear Regression,Inter-Sector
0,MAXI,0.9596195628972327,1.5574801335061472,Consumer Non-Cyclicals,8.008726920413075,11.441038457732965,-0.05145741294366737,-0.06650688368574624,Simple Linear Regression,Inter-Sector
0,MBTO,0.9982988166360793,27.50468630690013,Consumer Non-Cyclicals,49.022098814594386,31.66429632674915,0.2117170617665532,0.10696888932764463,Simple Linear Regression,Inter-Sector
0,MGRO,0.9869618286939011,219.54742055912473,Consumer Non-Cyclicals,75.10275245002492,10.803923626493631,1.267937600028105,0.15778973314925182,Simple Linear Regression,Inter-Sector
0,MIDI,0.9973794710950551,30.529581525628913,Consumer Non-Cyclicals,55.966092882727764,19.690024051438197,0.06947868411768876,0.10710460328289312,Simple Linear Regression,Inter-Sector
0,MKTR,0.9404849272267897,75.27982456249445,Consumer Non-Cyclicals,46.035752222337436,20.80322825986978,2.4326456124647775,1.468684923872952,Simple Linear Regression,Inter-Sector
0,MLBI,0.9995679254206846,13885.24477754014,Consumer Non-Cyclicals,2176.664448933623,20.011260542468484,3.331273708684602,0.026435635357181318,Simple Linear Regression,Inter-Sector
0,MLPL,0.9982429231738498,70.62055842804405,Consumer Non-Cyclicals,80.09430704317356,24.204218659193923,-0.6189665735454148,-0.27655036869389793,Simple Linear Regression,Inter-Sector
0,MPPA,0.9987674965899178,808.3851157812545,Consumer Non-Cyclicals,325.3800433083111,25.285243363844177,0.26088928718233034,-0.05220799967960664,Simple Linear Regression,Inter-Sector
0,MRAT,0.9963249573120768,81.0459054759194,Consumer Non-Cyclicals,115.07389730994942,26.734452005493758,0.19464608343511175,0.039384703095040725,Simple Linear Regression,Inter-Sector
0,MSJA,0.7416339288491381,201.09543062829323,Consumer Non-Cyclicals,66.0354707087757,20.765871292067832,1.5106428385202453,0.45877610339744845,Simple Linear Regression,Inter-Sector
0,MYOR,0.999326828448543,684.6795129816452,Consumer Non-Cyclicals,400.29558923979766,16.01182468943742,-0.46105480811301236,0.06484333236356722,Simple Linear Regression,Inter-Sector
0,NANO,0.9903764220986427,4.985071670638829,Consumer Non-Cyclicals,22.01492021877074,17.19915642091464,-0.17414165268612194,-0.42575411657025436,Simple Linear Regression,Inter-Sector
0,NASI,0.9866354317901492,162.93388335101358,Consumer Non-Cyclicals,82.0630590378235,30.91881592304096,0.1909736078140497,0.36579564080747456,Simple Linear Regression,Inter-Sector
0,NAYZ,0.9916796090496642,14.636339310161105,Consumer Non-Cyclicals,20.012668110277048,18.193334645706408,0.5787921385738495,0.9060350183959138,Simple Linear Regression,Inter-Sector
0,NSSS,0.9390746718351204,32.94978657271691,Consumer Non-Cyclicals,47.01604627301758,29.2025132130544,0.1464432333641142,0.034507889215898854,Simple Linear Regression,Inter-Sector
0,OILS,0.9752850439204529,120.79664463890663,Consumer Non-Cyclicals,95.07882379727937,20.01126054246848,0.18490495140079174,0.16455978204385435,Simple Linear Regression,Inter-Sector
0,PCAR,0.9982336966375842,3455.437762840728,Consumer Non-Cyclicals,950.6193298357666,37.06768292679505,0.1916656833513687,-0.20065081280876856,Simple Linear Regression,Inter-Sector
0,PGUN,0.9855473635921184,631.3975218861088,Consumer Non-Cyclicals,270.15201732332457,23.71444292476161,0.8238519457530652,0.038749540856067556,Simple Linear Regression,Inter-Sector
0,PMMP,0.9689809052374357,186.83213879603258,Consumer Non-Cyclicals,82.05208000891673,21.90448514501361,0.08555744002372537,-0.015346066123183438,Simple Linear Regression,Inter-Sector
0,PNGO,0.976965500534896,1540.6270477644168,Consumer Non-Cyclicals,275.2040973322412,15.953860714912532,-2.767829377896416,-0.5316499265200264,Simple Linear Regression,Inter-Sector
0,PSDN,0.9881338424288175,63.268937393469024,Consumer Non-Cyclicals,110.07530487775796,38.60513418829817,0.09725770359668102,0.012317461541963901,Simple Linear Regression,Inter-Sector
0,PSGO,0.9674144817978447,40.15673818367594,Consumer Non-Cyclicals,55.02266184171782,26.525495005865935,0.37310079511839267,0.21823317832885608,Simple Linear Regression,Inter-Sector
0,PTPS,0.9581820646909511,257.27177888413877,Consumer Non-Cyclicals,57.02632151802007,31.63355601920383,0.9599784162427374,0.44525920155567833,Simple Linear Regression,Inter-Sector
0,RANC,0.9971211250961063,501.7350099168294,Consumer Non-Cyclicals,400.2435092308808,22.868001237380327,-0.3231718139631161,-0.044839970033578314,Simple Linear Regression,Inter-Sector
0,ROTI,0.9950091886505023,398.00249884748735,Consumer Non-Cyclicals,170.16187029798448,12.89105078015034,-0.652876950964887,-0.058581393779592046,Simple Linear Regression,Inter-Sector
0,SDPC,0.9783308631184365,24.15778973653196,Consumer Non-Cyclicals,72.02786984260948,42.865183883872376,0.4123407359991826,0.3389377601003787,Simple Linear Regression,Inter-Sector
0,SGRO,0.9953054495413719,1566.5234012541093,Consumer Non-Cyclicals,450.6193298357666,13.432100154186669,1.2491887788564269,0.026238846337678465,Simple Linear Regression,Inter-Sector
0,SIMP,0.9988427589876745,103.12196427851006,Consumer Non-Cyclicals,100.07389730994942,16.011823569591908,-0.9861641420544599,-0.22998060124180936,Simple Linear Regression,Inter-Sector
0,SIPD,0.9935047317484987,963.6066213876778,Consumer Non-Cyclicals,370.2392865274553,29.15570186236216,2.6191964991919736,0.21788242090527862,Simple Linear Regression,Inter-Sector
0,SKBM,0.9914656142427023,470.2925541155641,Consumer Non-Cyclicals,200.16187029798448,24.723240884075942,-0.1708921598055899,-0.12971837137581602,Simple Linear Regression,Inter-Sector
0,SKLT,0.9962161475863689,24.16872155560374,Consumer Non-Cyclicals,110.06474811919378,20.096718597444475,0.010649970266442708,0.018177890517210107,Simple Linear Regression,Inter-Sector
0,SMAR,0.9982692315309032,8598.576557558248,Consumer Non-Cyclicals,1751.1612434420622,25.500683838573586,5.348600753204548,0.05222840689222568,Simple Linear Regression,Inter-Sector
0,SOUL,0.974027834698788,2.739725135751894,Consumer Non-Cyclicals,5.006193298357665,10.357447159662952,-0.11214157961773953,-0.08555642471460605,Simple Linear Regression,Inter-Sector
0,SSMS,0.9924790542508415,898.0186792515926,Consumer Non-Cyclicals,305.1717232726444,20.011260542468484,-1.6691302061865896,-0.15616570014898534,Simple Linear Regression,Inter-Sector
0,STAA,0.9797700618925922,478.42992440163044,Consumer Non-Cyclicals,150.08445406851365,20.011260542468488,2.0452023300041167,0.2266190200388266,Simple Linear Regression,Inter-Sector
0,STRK,0.9760683568639148,252.43489082963063,Consumer Non-Cyclicals,80.04588671055905,19.71573564299484,0.6358699910461091,-0.1970154197190616,Simple Linear Regression,Inter-Sector
0,STTP,0.9982394335090671,16426.820752730087,Consumer Non-Cyclicals,2351.7101948874006,25.010556758564206,4.982640695339076,0.11513751994503066,Simple Linear Regression,Inter-Sector
0,TAPG,0.9421505948157123,267.03697114289224,Consumer Non-Cyclicals,70.11893947982333,8.930017974307267,-0.9723970768127381,-0.1725042036218768,Simple Linear Regression,Inter-Sector
0,TAYS,0.9881611696888224,300.54462195535945,Consumer Non-Cyclicals,145.08445406851365,27.41406455476406,0.24121685269902746,-0.27380386334612655,Simple Linear Regression,Inter-Sector
0,TBLA,0.9983431318216258,158.0686071799393,Consumer Non-Cyclicals,138.28693338949483,22.459892326745276,-0.4644818001937372,0.016689919414486727,Simple Linear Regression,Inter-Sector
0,TCID,0.999296198219593,4758.974557327797,Consumer Non-Cyclicals,1351.0556758564198,17.944682167425867,6.049002646502481,0.0965953418285487,Simple Linear Regression,Inter-Sector
0,TGKA,0.9988823610811066,7246.620984068833,Consumer Non-Cyclicals,1440.3462616809056,36.93195542771553,3.595911474371825,0.06924807150948573,Simple Linear Regression,Inter-Sector
0,TGUK,0.7925182303009991,66.26160137509454,Consumer Non-Cyclicals,38.02040973322411,25.745747378578276,-0.33235030583564285,-0.4676773611292422,Simple Linear Regression,Inter-Sector
0,TLDN,0.9869924234165381,71.15998534672006,Consumer Non-Cyclicals,75.083046500705,11.29068368431654,0.9098262658071788,0.16934188982516113,Simple Linear Regression,Inter-Sector
0,TRGU,0.9555795898314465,112.8722248347084,Consumer Non-Cyclicals,59.02040973322411,28.93157339863927,-0.41904443614948633,-0.027016660124707645,Simple Linear Regression,Inter-Sector
0,UCID,0.9896572811553489,606.365232442918,Consumer Non-Cyclicals,170.22521084936966,12.710700988804893,-1.9089223067774672,-0.16798903365029721,Simple Linear Regression,Inter-Sector
0,UDNG,0.943646169549416,22.048626414322555,Consumer Non-Cyclicals,20.012668110277048,18.193334645706408,0.17216251192020662,0.06597123907489992,Simple Linear Regression,Inter-Sector
0,ULTJ,0.9990050365140896,345.87323293421736,Consumer Non-Cyclicals,245.19002165415554,19.455783185124506,-0.026941426965143032,0.05154078515082828,Simple Linear Regression,Inter-Sector
0,UNSP,0.9983118568524888,40672.74523689749,Consumer Non-Cyclicals,2503.624487107041,25.383638565735524,0.6472184219237687,-0.11249698404090416,Simple Linear Regression,Inter-Sector
0,UNVR,0.9991529311606828,8094.933374168074,Consumer Non-Cyclicals,950.8199082484862,16.40521081282567,-0.9737126106104638,-0.009146043674740026,Simple Linear Regression,Inter-Sector
0,VICI,0.9924809553426552,79.10900685821258,Consumer Non-Cyclicals,51.068126281934326,10.538909817234487,1.2699312548577453,0.22064951224295243,Simple Linear Regression,Inter-Sector
0,WAPO,0.9752543055031597,144.97950124905373,Consumer Non-Cyclicals,275.0950108270778,50.502017662418616,0.258397979444851,0.29778700330137253,Simple Linear Regression,Inter-Sector
0,WICO,0.9910956143137775,130.66714907249613,Consumer Non-Cyclicals,82.3045113079404,33.34272032747364,0.3993294302611059,0.13846368338626067,Simple Linear Regression,Inter-Sector
0,WIIM,0.9967293810373657,867.0585492063559,Consumer Non-Cyclicals,250.41382493571655,25.59187027206371,-0.931190847270712,-0.2587846478655509,Simple Linear Regression,Inter-Sector
0,WINE,0.9068653069819851,974.4080306220038,Consumer Non-Cyclicals,314.0,100.0,0.08885244161905545,0.10649897055005737,Simple Linear Regression,Inter-Sector
0,WMPP,0.994476962787524,11.224401721806755,Consumer Non-Cyclicals,21.02477319343066,19.12903179845159,-0.4718161044482771,-0.43640049711264123,Simple Linear Regression,Inter-Sector
0,WMUU,0.9969533716543764,10.376404487682592,Consumer Non-Cyclicals,17.025758490896663,16.67839639840466,-0.7976733257847463,-0.5315632475265284,Simple Linear Regression,Inter-Sector
0,ABMM,0.9930496733856993,4827.943864883601,Energy,790.550359013147,25.010556758564196,10.02863423346419,0.2879860416494857,Simple Linear Regression,Inter-Sector
0,ADMR,0.9782871779742616,3847.913249813276,Energy,360.3420389774801,18.50677014514813,-2.887853987845219,-0.22016641630841044,Simple Linear Regression,Inter-Sector
0,ADRO,0.9977650951771712,1163.4780634764059,Energy,250.5320606316359,15.306040574378398,-1.8252265014738234,-0.1475191106345965,Simple Linear Regression,Inter-Sector
0,AIMS,0.9889212201422868,192.5089449487927,Energy,250.06334055138518,35.7233343644836,-0.1958387878951457,-0.0542574051214804,Simple Linear Regression,Inter-Sector
0,AKRA,0.9984625150873813,325.628816551173,Energy,130.1752421921658,16.67839639840466,-0.47834627448296646,-0.04145956883272644,Simple Linear Regression,Inter-Sector
0,ALII,0.8969893969880403,1830.8147723840063,Energy,110.07319352604509,17.725867986539004,-0.8640067958955667,-0.37459027752837165,Simple Linear Regression,Inter-Sector
0,APEX,0.998250263887892,2167.72178265757,Energy,850.3167027569261,30.762435200738842,-0.06031869472196933,-0.22533590952390986,Simple Linear Regression,Inter-Sector
0,ARII,0.9958133731676183,592.2695176282768,Energy,160.12808867057902,25.903288225724147,1.7674929773930532,0.08870873114754631,Simple Linear Regression,Inter-Sector
0,ARTI,0.9969197731756885,159.23795856703268,Energy,210.1689081370273,33.34271711872373,0.4695571744180789,0.013217324564647316,Simple Linear Regression,Inter-Sector
0,ATLA,0.7076173767343534,1238.404143799042,Energy,52.02984043754148,19.708272893008136,-0.07096187610940916,-0.14335173996173747,Simple Linear Regression,Inter-Sector
0,BBRM,0.9943811225775214,26.385809606033636,Energy,84.07818330633063,25.686138621460756,0.1033484144532055,-0.0019722116968789102,Simple Linear Regression,Inter-Sector
0,BESS,0.994698215115706,764.7145438305379,Energy,275.1140129924934,25.857895100275336,0.1533452237529549,-0.10066826376397953,Simple Linear Regression,Inter-Sector
0,BIPI,0.9983757442320947,3.986247660004573,Energy,15.016468543360148,16.26178838039669,-0.368463206368439,-0.3950180141479426,Simple Linear Regression,Inter-Sector
0,BOSS,0.9986992781007659,988.3649878161649,Energy,310.281513561712,26.933362995524096,-0.26167656190271166,-0.1144446459455528,Simple Linear Regression,Inter-Sector
0,BSML,0.9895748235215618,1471.509406155844,Energy,330.2076162517626,32.28801327566557,0.4054243736866264,0.14049442839241677,Simple Linear Regression,Inter-Sector
0,BSSR,0.9959235950592811,3894.0675739478243,Energy,590.3645600624172,23.087750521604306,1.551681309658871,0.06177914324526037,Simple Linear Regression,Inter-Sector
0,BULL,0.9993441110388931,22.711051974359503,Energy,42.06080692932977,25.758955304296606,-0.34120455942752365,-0.2353875635714138,Simple Linear Regression,Inter-Sector
0,BUMI,0.9992071550326587,1708.7174665129626,Energy,751.0838272125911,35.303225438761274,-0.2274978376545304,-0.1508592316931997,Simple Linear Regression,Inter-Sector
0,BYAN,0.9991137904253548,23372.390123040965,Energy,2777.9031086051546,19.677974128062093,4.442873411542552,0.011750115298500993,Simple Linear Regression,Inter-Sector
0,CANI,0.9810064594368377,707.122387793849,Energy,275.19002165415554,33.191223293993566,-1.5008405329716508,-0.35801518114686903,Simple Linear Regression,Inter-Sector
0,CBRE,0.9854143709220631,7.120081878911918,Energy,35.022521084936955,17.960267223044593,0.04257533473963445,-0.006350673810726733,Simple Linear Regression,Inter-Sector
0,CGAS,0.8324117902852702,1780.587194577114,Energy,20.027588329047774,14.074596285854813,-8.916801216565943,-1.283036542202259,Simple Linear Regression,Inter-Sector
0,CNKO,0.998349061714492,10.742330008751646,Energy,55.036596763022544,33.34271711872373,-0.058883450203637756,0.016295789782597773,Simple Linear Regression,Inter-Sector
0,COAL,0.9888907389041325,99.90115008127985,Energy,99.0585548208361,100.0,-1.000992414425558,-0.6223887651889872,Simple Linear Regression,Inter-Sector
0,CUAN,0.9950332440440611,69828.89244147972,Energy,1075.9606650293426,19.89079557340593,33.86367397623403,0.7342725807005307,Simple Linear Regression,Inter-Sector
0,DEWA,0.9999151982628944,0.9785246750175246,Energy,10.092899475365016,12.512316218324903,-0.07076122136831792,-0.09370460374318136,Simple Linear Regression,Inter-Sector
0,DOID,0.9985320844988308,213.6605671662136,Energy,256.31683650013497,40.00845027998907,-0.003975873328231379,0.027475526238076496,Simple Linear Regression,Inter-Sector
0,DSSA,0.9981251581286207,715187.1697758303,Energy,13468.89659782991,22.23316997184436,73.00284191491875,0.22896323836962576,Simple Linear Regression,Inter-Sector
0,DWGL,0.9748198096942858,164.07194652967164,Energy,109.06559265987892,30.117364721242616,-0.8881085350563258,-0.5154758715047406,Simple Linear Regression,Inter-Sector
0,ELSA,0.995222604984091,61.462702906893696,Energy,95.04363460206537,23.4675640992754,-0.8451131045371666,-0.24836464435277159,Simple Linear Regression,Inter-Sector
0,ENRG,0.9983875827274521,9190.807479455823,Energy,2175.208191205864,24.42924342359862,3.599372514239079,-0.21350552418375068,Simple Linear Regression,Inter-Sector
0,FIRE,0.9968981080344586,15068.494583543632,Energy,1876.3934921304754,29.834439072340768,-0.7557819809353846,-0.004666646918992179,Simple Linear Regression,Inter-Sector
0,GEMS,0.9972487364957997,7618.050647581569,Energy,1275.92899475365,23.540175518536042,2.384955333718477,0.10513663119894415,Simple Linear Regression,Inter-Sector
0,GTBO,0.9994942808317248,724.06466739504,Energy,475.6158109162452,25.791696792329155,-1.318516821901129,-0.274526221924692,Simple Linear Regression,Inter-Sector
0,GTSI,0.939614348659046,3.6822632032772455,Energy,12.007178595823653,19.05901364416453,-0.26040193234929154,-0.45898592265398136,Simple Linear Regression,Inter-Sector
0,HILL,0.9333877134193503,13559.437034084172,Energy,570.3181103247348,20.152583403700877,8.14689647471449,0.2387773320708777,Simple Linear Regression,Inter-Sector
0,HITS,0.9979238085624914,255.29563864412378,Energy,235.13231137400464,24.455079401220228,0.5760182075596875,0.05573686278568929,Simple Linear Regression,Inter-Sector
0,HRUM,0.9980957503597048,726.6578052767937,Energy,210.23224868841248,17.637493993818715,-1.4665714477229075,-0.19664971998458364,Simple Linear Regression,Inter-Sector
0,HUMI,0.9717622523117897,55.112977330361645,Energy,23.02632151802007,18.3213575961826,-0.8587150489336038,-0.9838323718867161,Simple Linear Regression,Inter-Sector
0,IATA,0.9966741289259858,5.4244308904519825,Energy,30.01900216541557,26.383989784964122,-0.1611274129364825,-0.17329865419273974,Simple Linear Regression,Inter-Sector
0,INDY,0.9980246522426189,2278.2473531526934,Energy,380.22521084936966,20.58731113526963,-2.0604683878762255,-0.19385416277734568,Simple Linear Regression,Inter-Sector
0,INPS,0.9955398708867506,9178.220455765868,Energy,875.7354541799723,31.382208798686197,1.8066823107812797,-0.0028223109063202807,Simple Linear Regression,Inter-Sector
0,ITMA,0.994615076162222,639.0175869129112,Energy,302.53115584159787,20.011260542468477,-0.8564757134720615,-0.15349446345142603,Simple Linear Regression,Inter-Sector
0,ITMG,0.9986809366688404,178481.3272724428,Energy,3602.252108493696,18.378837288233143,-12.795724417810314,-0.11048268872088855,Simple Linear Regression,Inter-Sector
0,JSKY,0.992553253430692,337.7221447793838,Energy,140.118235695919,23.087750521604313,-0.08155702854979051,-0.06620922930649165,Simple Linear Regression,Inter-Sector
0,KKGI,0.9991930673030183,63.589501869849755,Energy,82.11629679369833,19.58804434578184,-0.20061649579682791,-0.04581425534474742,Simple Linear Regression,Inter-Sector
0,KOPI,0.9988117887448197,143.49447828581435,Energy,190.1083827212591,40.00844540685136,0.24594916806596415,0.09735801240483014,Simple Linear Regression,Inter-Sector
0,LEAD,0.9993055096112414,47.765522736031265,Energy,114.12084568866612,25.860771517237186,-0.6103756946763491,-0.5315122854295974,Simple Linear Regression,Inter-Sector
0,MAHA,0.8972433027765641,50.43318659403808,Energy,36.02843286973291,15.137997004089456,-0.2932805320366514,-0.1665945243769491,Simple Linear Regression,Inter-Sector
0,MBAP,0.9978647778887323,6985.040102587276,Energy,975.6756325481092,17.852974070321434,-3.561771924201155,-0.11267491082361174,Simple Linear Regression,Inter-Sector
0,MBSS,0.995977086749168,571.9247369854074,Energy,310.15764759455874,21.68934598563348,-1.5661844320187517,-0.3375471468779452,Simple Linear Regression,Inter-Sector
0,MCOL,0.9949909049426372,11967.740747123726,Energy,755.6714098446828,19.528872311090826,2.678865720473401,0.10713390512222043,Simple Linear Regression,Inter-Sector
0,MEDC,0.996508447628145,250.74744529647606,Energy,127.11633669160904,18.943445953374393,-0.5822003818148476,-0.08753697545190106,Simple Linear Regression,Inter-Sector
0,MKAP,0.9745273462284142,98.82205711269408,Energy,52.03152951891175,18.852003448881067,2.85842802064985,0.801737583478742,Simple Linear Regression,Inter-Sector
0,MTFN,0.9973114854822323,7.1566437586458465,Energy,36.02223957137525,48.69143622522953,0.051854005131503816,0.04716793191757243,Simple Linear Regression,Inter-Sector
0,MYOH,0.9991182525765198,262.79427042415523,Energy,180.14779461989883,21.677692614500387,1.7119855570384706,0.10070373474106431,Simple Linear Regression,Inter-Sector
0,PGAS,0.9987051998377826,2693.056845603108,Energy,425.7002649847591,19.366190062972258,-1.704267741737945,-0.07740782121354757,Simple Linear Regression,Inter-Sector
0,PKPK,0.9953245640577936,153.72929113912693,Energy,330.1562400267501,28.48229024196401,0.6869199585846673,0.22960560844254105,Simple Linear Regression,Inter-Sector
0,PSSI,0.9972338527130815,100.04274078297809,Energy,115.07812001337504,30.41520131650552,-0.1564134370684297,-0.07088292524826682,Simple Linear Regression,Inter-Sector
0,PTBA,0.9984888235636727,2428.1708965760286,Energy,360.2871438329462,17.511612434420627,-1.5580236696062453,0.03385876911152708,Simple Linear Regression,Inter-Sector
0,PTIS,0.9971987031542837,263.68691304786324,Energy,250.105567585642,33.693544923362026,0.3951872653661616,-0.0930941086871574,Simple Linear Regression,Inter-Sector
0,PTRO,0.9978993327967388,3358.2237065319523,Energy,1400.9993731440773,19.260192566341427,-0.34055165969583784,-0.028059062817726688,Simple Linear Regression,Inter-Sector
0,RAJA,0.9970026333388132,243.96729609754271,Energy,285.1653892175059,29.42169764223117,-0.0488556524478412,-0.010127044768511975,Simple Linear Regression,Inter-Sector
0,RGAS,0.7861581250655258,45.82736632149168,Energy,31.009008433974785,32.64106150944714,0.4755922530336369,0.2982552873267796,Simple Linear Regression,Inter-Sector
0,RIGS,0.9982717983455938,130.79722818578966,Energy,170.07600866166229,25.582995256590422,0.1876267233025711,-0.02087261805660246,Simple Linear Regression,Inter-Sector
0,RMKE,0.9863603852528311,643.9291551680805,Energy,150.11753191201478,19.560196222219243,-0.44589246122103365,-0.07683220964902403,Simple Linear Regression,Inter-Sector
0,RMKO,0.9767352974584054,132.52020179782627,Energy,76.0419455206951,20.33207099483826,-1.5739596820179755,-0.4909666516958813,Simple Linear Regression,Inter-Sector
0,RUIS,0.9938275302074376,53.525300482842376,Energy,85.04574595377818,25.010556758564206,0.3154516255252001,0.04932539907982955,Simple Linear Regression,Inter-Sector
0,SEMA,0.9895290633411825,40.82272209029684,Energy,34.014216434866455,25.195715877678854,-0.3873777360940522,-0.37613264013821235,Simple Linear Regression,Inter-Sector
0,SGER,0.9940890707483604,2627.02285318061,Energy,348.5572700396656,19.700422664629656,0.6230443917810737,-0.00983537109312123,Simple Linear Regression,Inter-Sector
0,SHIP,0.9879901115173024,689.5523212352199,Energy,155.1217546154404,34.04289866159428,0.7512456221632602,0.07771716141595399,Simple Linear Regression,Inter-Sector
0,SICO,0.9289205504544107,75.73191253785565,Energy,46.018861408634706,30.00985297465993,1.970905690953075,1.6082020519821665,Simple Linear Regression,Inter-Sector
0,SMMT,0.9989994826308753,363.4068646968847,Energy,205.25265842163662,31.67628648034984,-0.1945960547146229,-0.13085913722627548,Simple Linear Regression,Inter-Sector
0,SMRU,0.9972604511627569,69.98176826982578,Energy,110.07600866166229,31.6762813669805,0.1589547715743861,0.003202305236805083,Simple Linear Regression,Inter-Sector
0,SOCI,0.9968116217099063,58.022345398700956,Energy,59.02435092308809,25.44909151436207,-0.7195561585906207,-0.2879905676909791,Simple Linear Regression,Inter-Sector
0,SUGI,0.999126616020984,15.636002008420355,Energy,92.0532060631636,44.452260809489644,0.11171234577101992,0.05568642677017831,Simple Linear Regression,Inter-Sector
0,SUNI,0.9753551414907734,131.3405772383224,Energy,54.06418509207032,10.891205520636953,0.8800980238433993,0.13647076150995677,Simple Linear Regression,Inter-Sector
0,SURE,0.9925767373882071,2633.618295120725,Energy,530.3378162740546,19.928284671661913,4.113744341511888,0.2081424396810931,Simple Linear Regression,Inter-Sector
0,TAMU,0.9976425008856384,73.74317654298841,Energy,82.04574595377818,25.686137328306863,-0.23240375619460482,-0.028236137890417,Simple Linear Regression,Inter-Sector
0,TCPI,0.987360540322246,50343.4912627825,Energy,1300.8797298803502,20.011260542468477,-8.344504548649418,-0.07277578366005714,Simple Linear Regression,Inter-Sector
0,TEBE,0.9968273134026664,521.5779324877618,Energy,160.1309038061961,22.278147895515936,-1.0176256419387375,-0.13615161827457709,Simple Linear Regression,Inter-Sector
0,TOBA,0.9943422274405181,329.4976892488804,Energy,305.2104313873797,25.010556758564206,0.6602520547954525,0.23567196035300372,Simple Linear Regression,Inter-Sector
0,TPMA,0.9944475619239723,191.9119435300577,Energy,190.1083827212591,20.011260542468484,-0.27234272778714047,-0.1593541873298004,Simple Linear Regression,Inter-Sector
0,TRAM,0.9998254517782702,47.38147822798179,Energy,92.12189696776375,25.24416666757519,0.1799975422697015,-0.08711632110051631,Simple Linear Regression,Inter-Sector
0,UNIQ,0.9952144273705684,34.949108781987256,Energy,38.03631524946087,25.903288225724147,-0.038911928203035184,-0.4377921252002495,Simple Linear Regression,Inter-Sector
0,WINS,0.9981285553836241,113.74307525125464,Energy,99.44956765598874,19.87882885462489,-0.14269861570314613,-0.10885829266467378,Simple Linear Regression,Inter-Sector
0,WOWS,0.9761536848394562,59.27511713037615,Energy,50.02843286973291,23.89131133705023,-0.4534709335265445,-0.22149691053413187,Simple Linear Regression,Inter-Sector
0,BMHS,0.9940272558380241,326.6209524223261,Healthcare,120.14075678085601,15.21193617501658,-2.932734094449632,-0.6815359757049838,Simple Linear Regression,Inter-Sector
0,CARE,0.9929024177439685,100.64812999594429,Healthcare,52.02364713918382,23.647112335992645,0.1388117479120182,0.056996170806406725,Simple Linear Regression,Inter-Sector
0,DGNS,0.9903786989858819,767.3491198039053,Healthcare,225.16750056921865,20.01126054246848,-2.4816942937426063,-0.878383175813102,Simple Linear Regression,Inter-Sector
0,DVLA,0.998398878092116,999.8601931806108,Healthcare,500.3575222233744,21.030225376322388,0.8101720473284211,0.10042298449654467,Simple Linear Regression,Inter-Sector
0,HALO,0.9857724044201267,50.37802291380994,Healthcare,42.01745384082615,25.31171918122057,-0.35653188161074484,-0.35315223011428853,Simple Linear Regression,Inter-Sector
0,HEAL,0.9967421139184366,410.5379563044629,Healthcare,135.19565192538994,10.518433486224472,-1.8064685794128859,-0.24714581441297145,Simple Linear Regression,Inter-Sector
0,IKPM,0.8931489965098287,179.09841400442173,Healthcare,40.02984043754148,15.884857316484716,2.058563526946033,0.8057442065371426,Simple Linear Regression,Inter-Sector
0,INAF,0.9968464753599522,5558.453831845381,Healthcare,1000.7389730994937,26.097360283802395,-1.670988739458158,-0.00901008006613834,Simple Linear Regression,Inter-Sector
0,IRRA,0.9912611184421807,3013.432217093841,Healthcare,740.4166400713339,20.808869055577777,-0.04586859720932707,-0.06331238848501591,Simple Linear Regression,Inter-Sector
0,KAEF,0.9973961043431562,2756.1513249933028,Healthcare,925.7776812142292,25.500683838573586,-1.8306325213330343,-0.0003229911676045607,Simple Linear Regression,Inter-Sector
0,KLBF,0.9989138502918838,463.1834595206412,Healthcare,170.18439138292138,18.529987589551236,-0.49719552850711995,-0.028265113392728396,Simple Linear Regression,Inter-Sector
0,MEDS,0.9836568692370206,101.4221961210208,Healthcare,76.04926487329959,24.816785587397703,-0.28853792319868243,-0.47128561368053634,Simple Linear Regression,Inter-Sector
0,MERK,0.999557185876578,3663.5874368799737,Healthcare,1351.1612434420622,14.074596285854815,2.2292842604042273,0.05762664111460781,Simple Linear Regression,Inter-Sector
0,MIKA,0.9775324493079429,3319.0653298722114,Healthcare,340.38848871516257,15.761858758787117,-4.842801218805368,-0.22438088115660526,Simple Linear Regression,Inter-Sector
0,MMIX,0.9909535462875412,223.00801877647848,Healthcare,75.08515785241786,25.383638565735527,-0.978709618002196,-0.6083111171761438,Simple Linear Regression,Inter-Sector
0,MTMH,0.9892736158557655,1604.1424641848064,Healthcare,210.31248005350017,9.4864264033196,2.0739801983563155,0.1210985268893164,Simple Linear Regression,Inter-Sector
0,OMED,0.5582490749867384,151.3739680084539,Healthcare,208.0,100.0,0.3286670733766138,0.1232497477648349,Simple Linear Regression,Inter-Sector
0,PEHA,0.9899471020192924,2525.0637854222277,Healthcare,460.28573626513776,19.874293522849424,-4.920480991750477,-0.39112514632651557,Simple Linear Regression,Inter-Sector
0,PEVE,0.9190951735049023,26.405869537256603,Healthcare,25.022098814594386,13.748405942084826,-0.23636927554386258,-0.1648455618534789,Simple Linear Regression,Inter-Sector
0,PRAY,0.817832456120456,287.65193373959914,Healthcare,55.104160017833465,6.931340882746348,0.26774980692226696,0.047321348814148706,Simple Linear Regression,Inter-Sector
0,PRDA,0.9935662796534249,16635.287493766155,Healthcare,1401.0345623392914,17.88766568961366,-2.7791726888588895,-0.06973793228579303,Simple Linear Regression,Inter-Sector
0,PRIM,0.9967178580797851,305.719987985566,Healthcare,220.13301515790897,25.40112677544668,-0.5781319678766802,-0.3269115881536405,Simple Linear Regression,Inter-Sector
0,PYFA,0.9969244146197969,293.8178077325582,Healthcare,250.140756780856,37.5087972988035,0.51421292032401,0.17695860698177598,Simple Linear Regression,Inter-Sector
0,RSCH,0.9364779188294148,87.84815668630985,Healthcare,49.02097276034755,24.75806705068058,0.7325619342443613,0.37380799242302765,Simple Linear Regression,Inter-Sector
0,RSGK,0.9672067253058583,1458.4674661836339,Healthcare,295.2611038284879,13.733074596673855,1.1540671601285442,0.11695817871813481,Simple Linear Regression,Inter-Sector
0,SAME,0.9924248617283826,71.13491645374945,Healthcare,83.96288323435226,13.345534530379997,-0.3388646030181947,-0.18965091804748674,Simple Linear Regression,Inter-Sector
0,SCPI,0.9998272460153619,15166.439074433636,Healthcare,4504.926487329962,13.19051531740765,1.1975420905709964,-0.012190380211883229,Simple Linear Regression,Inter-Sector
0,SIDO,0.9980420119377136,99.82905050862942,Healthcare,65.1119016407805,9.795304429413614,-0.5508092604359075,-0.10879339591733776,Simple Linear Regression,Inter-Sector
0,SILO,0.995825999894717,1022.2790488534289,Healthcare,460.32092546035165,16.800033775925243,-0.14535674106496088,-0.06117573330949316,Simple Linear Regression,Inter-Sector
0,SOHO,0.958716993063154,328.08843841159864,Healthcare,150.13864542914314,19.845994551853753,0.8831715641670042,0.11696341106982708,Simple Linear Regression,Inter-Sector
0,SRAJ,0.9951202295340499,195.96638599091892,Healthcare,155.10627136954633,28.397176775919363,0.1737299329336685,-0.1408867461568069,Simple Linear Regression,Inter-Sector
0,SURI,0.9189383967468636,1762.3776600854449,Healthcare,135.07812001337504,25.434225929419775,4.804541603454713,1.2105909698479353,Simple Linear Regression,Inter-Sector
0,TSPC,0.9987496471372805,869.6626336234182,Healthcare,390.22521084936966,19.60930707785777,-0.3367927242357893,-0.025823719165665584,Simple Linear Regression,Inter-Sector
0,AMFG,0.9985238983418568,6906.630184725305,Industrials,600.9008433974786,15.466445800563275,9.054353559592359,0.1985581418625025,Simple Linear Regression,Inter-Sector
0,AMIN,0.9888580960572491,138.29120532589695,Industrials,102.0419455206951,27.41762530705473,1.5426825912328563,0.44949566894409204,Simple Linear Regression,Inter-Sector
0,APII,0.9844777306308998,64.17201660750824,Industrials,75.03589297911827,27.74454687674155,0.09434313424052831,-0.0024750842442674307,Simple Linear Regression,Inter-Sector
0,ARKA,0.9979619998372823,813.7415139380319,Industrials,375.223803281561,25.383638565735527,-0.026011987508503014,-0.13965054928746948,Simple Linear Regression,Inter-Sector
0,ARNA,0.9989011893541166,119.85315852261472,Industrials,95.14357191647309,21.885996623504376,-0.38604920255793473,0.023849482186518518,Simple Linear Regression,Inter-Sector
0,ASGR,0.9989430338656918,355.6905845937071,Industrials,230.27729085828628,18.58289019501256,-1.0021203556741496,-0.0852836540095842,Simple Linear Regression,Inter-Sector
0,ASII,0.9991893175499148,6760.534612512025,Industrials,601.0134488221629,14.450546034725651,-2.2392778968439493,-0.053973226238844034,Simple Linear Regression,Inter-Sector
0,BHIT,0.9991553546082305,12.221181829133753,Industrials,33.022521084936955,28.010134488221638,-0.13087209935278576,-0.06767407133432295,Simple Linear Regression,Inter-Sector
0,BINO,0.9453219546369737,4.262416894512073,Industrials,16.016890813702716,11.777125598310821,-0.2542727317570955,-0.20647098717826493,Simple Linear Regression,Inter-Sector
0,BLUE,0.9932642327075281,178.44805405169657,Industrials,115.08797298803506,19.630361783146903,-0.6574913770642496,-0.18029841593910906,Simple Linear Regression,Inter-Sector
0,BNBR,0.985711844831943,18210.31304727249,Industrials,1254.0220569247422,33.34271390104719,15.506005317567421,0.6537338281112031,Simple Linear Regression,Inter-Sector
0,CAKK,0.9831625508091087,53.48319464215649,Industrials,56.04166400713336,30.389546358160864,0.47314608969901417,0.4054198137678637,Simple Linear Regression,Inter-Sector
0,CCSI,0.9940942007513581,274.1241155585469,Industrials,135.0767124455665,19.864222418465662,-3.0791121358530504,-0.6017557813205119,Simple Linear Regression,Inter-Sector
0,CRSN,0.7495053796106934,15.057031097311942,Industrials,14.014216434866455,12.18627516075344,0.05943894067677946,0.039290179153205276,Simple Linear Regression,Inter-Sector
0,CTTH,0.9888518232993089,9.161976292124304,Industrials,40.022521084936955,30.00985297465992,0.09908843401226862,0.11954798927828651,Simple Linear Regression,Inter-Sector
0,DYAN,0.9969496985625274,14.349012732861915,Industrials,50.040115682543956,24.556075284373676,-0.14569090471346227,-0.21210339081055157,Simple Linear Regression,Inter-Sector
0,FOLK,0.8064513327844108,12.316220413572854,Industrials,19.007037839042802,27.54643165078667,0.22702166909889296,0.3186648705639158,Simple Linear Regression,Inter-Sector
0,GPSO,0.9107254914451801,72.07061622354539,Industrials,53.021817301032684,29.639534736430605,0.2163460860712704,0.14124394975399668,Simple Linear Regression,Inter-Sector
0,HEXA,0.9993983098806022,3383.737809550212,Industrials,680.4110098000997,23.08775052160431,0.9278156582902292,0.06752207916916769,Simple Linear Regression,Inter-Sector
0,HOPE,0.9868056468619474,29.112631038621362,Industrials,51.02238032815612,25.010556758564206,-0.17592760063731258,-0.20533354342391902,Simple Linear Regression,Inter-Sector
0,HYGN,0.7615177746481748,48.10904549111262,Industrials,19.025054706992364,10.269042275205027,-0.44255322973883965,-0.4811994163533899,Simple Linear Regression,Inter-Sector
0,IBFN,0.9973262790430825,532.8738809812864,Industrials,412.1262532564165,32.78257188442729,1.4465933256386398,0.120577136976068,Simple Linear Regression,Inter-Sector
0,ICON,0.9987962807375746,62.7054811416631,Industrials,140.0329370867203,37.44196178789313,-0.1414323127097321,-0.23457697855510012,Simple Linear Regression,Inter-Sector
0,IKAI,0.9988161147028873,35.88020517479406,Industrials,159.19724677343362,36.37259573193541,0.32099544353159065,0.11704709369259939,Simple Linear Regression,Inter-Sector
0,IKBI,0.9930846798709848,83.87161860628878,Industrials,150.09712217879064,29.639534736430605,-0.3364530251000342,-0.08795674398730109,Simple Linear Regression,Inter-Sector
0,IMPC,0.9988281122294469,13.119882480128682,Industrials,44.05010941398473,24.572021461137414,0.2778916101429522,0.16272678028193627,Simple Linear Regression,Inter-Sector
0,INDX,0.9974289391313973,13085.89622554191,Industrials,2501.618702979844,50.0070378390428,8.319958238707635,0.47152522078008136,Simple Linear Regression,Inter-Sector
0,INTA,0.9991849513865112,25.186499277820655,Industrials,58.0349076816523,24.50042323090257,0.43687296554436933,0.1613598691719696,Simple Linear Regression,Inter-Sector
0,JECC,0.9979245475806319,11275.318817711695,Industrials,1601.1190164078052,32.231762404035806,4.461735127429762,0.19424163775919462,Simple Linear Regression,Inter-Sector
0,JTPE,0.9991737253643231,7.800147903093338,Industrials,44.04560519699737,32.31722045901178,0.08385747162074733,0.16204812414736805,Simple Linear Regression,Inter-Sector
0,KBLI,0.9971533844495039,63.88104231805823,Industrials,145.08515785241786,31.65519096983066,-0.07119146913584459,0.01224525592785753,Simple Linear Regression,Inter-Sector
0,KBLM,0.9905425869289884,63.30824537291346,Industrials,90.05489514453382,46.67417369497899,0.04710054895517742,0.09952218461625635,Simple Linear Regression,Inter-Sector
0,KIAS,0.9982498743954601,7.975353166164775,Industrials,60.042227034256825,25.010556758564196,0.10961829948626042,0.09202871265433507,Simple Linear Regression,Inter-Sector
0,KING,0.9758907712162719,97.60929140436164,Industrials,32.05010941398473,17.154519847556646,0.6280378002059276,0.40549326817928444,Simple Linear Regression,Inter-Sector
0,KOBX,0.9950644813121337,77.63308452681989,Industrials,90.05602119878068,29.916408185574024,0.174422683857234,0.08679415800887258,Simple Linear Regression,Inter-Sector
0,KOIN,0.992088839584819,84.57488038715327,Industrials,104.02758832904777,34.675862776349256,0.45910338229336745,0.11496847927423204,Simple Linear Regression,Inter-Sector
0,KONI,0.9935686716253973,2024.1352453978225,Industrials,860.4856108939534,31.531377909993395,1.3783152733426298,0.1158944380605901,Simple Linear Regression,Inter-Sector
0,KPAL,0.9891051783430094,313.8958013971222,Industrials,170.1154205603019,30.565330332003892,-0.32549103718981653,-0.07365838702510984,Simple Linear Regression,Inter-Sector
0,KRAH,0.9990110690817463,1065.7101031999055,Industrials,380.3293708672031,22.755972190521035,1.4798484106759855,0.05633695803647149,Simple Linear Regression,Inter-Sector
0,KUAS,0.9943764389902048,7.855455230884688,Industrials,30.02984043754148,17.253028147381194,-0.30270070835029117,-0.4169520520795939,Simple Linear Regression,Inter-Sector
0,LABA,0.992410249280441,113.91791496595671,Industrials,140.08093514899224,29.454375617315954,0.0006897290237994514,-0.20242213301447723,Simple Linear Regression,Inter-Sector
0,LION,0.997980148722931,265.988282920989,Industrials,280.1154205603019,27.702485490308053,0.17465756070521274,0.03621732630437963,Simple Linear Regression,Inter-Sector
0,MARK,0.994157441888804,485.2439594489892,Industrials,180.1499059716116,19.70042347203766,0.2706649564986165,0.09045898998216594,Simple Linear Regression,Inter-Sector
0,MDRN,0.9996161310721157,23.308098080982038,Industrials,60.09008433974782,33.342718783851474,0.12580340178967211,0.1973615230667942,Simple Linear Regression,Inter-Sector
0,MFMI,0.988116266827781,716.987734020347,Industrials,245.0893805558436,31.804472129155815,0.7750945463575666,0.05900804859007259,Simple Linear Regression,Inter-Sector
0,MHKI,0.44622435849331643,3680.473392958413,Industrials,56.039411898639685,21.307374376271078,-11.946818776268337,-3.9803263220925587,Simple Linear Regression,Inter-Sector
0,MLIA,0.9982642310446537,31.381137595090568,Industrials,62.05039092754646,25.010556758564196,0.03550301012672296,0.08375458118529829,Simple Linear Regression,Inter-Sector
0,MUTU,0.9439486918834517,52.83144502462436,Industrials,29.0092899475365,35.009149190755636,0.981425893599409,0.9830596177440457,Simple Linear Regression,Inter-Sector
0,NTBK,0.9457217295288092,5.94412237583669,Industrials,14.008445406851358,18.93033163088021,-0.16093991019683246,-0.2141283695933806,Simple Linear Regression,Inter-Sector
0,PADA,0.9825020694253469,49.32830210107575,Industrials,50.0,100.0,-0.5936738203536179,-0.3062099483639656,Simple Linear Regression,Inter-Sector
0,PIPA,0.985750346209674,7.103548954490372,Industrials,17.016890813702716,12.421088185184464,-0.35908738712667565,-0.38025992222079835,Simple Linear Regression,Inter-Sector
0,PTMP,0.9561287336764038,117.54480403157024,Industrials,48.03321860028203,23.087750521604306,0.5134441287221396,0.14785831678418823,Simple Linear Regression,Inter-Sector
0,SCCO,0.9992292192005788,9938.701613090667,Industrials,2120.0,100.0,16.264246877090027,0.2781529258746775,Simple Linear Regression,Inter-Sector
0,SINI,0.9898897836756568,2935.4545316548406,Industrials,475.14779461989883,31.157232434091725,-5.6993709408299855,-2.018811911034712,Simple Linear Regression,Inter-Sector
0,SKRN,0.9930307776741475,236.50067948848437,Industrials,145.08867677193928,20.01126054246848,-0.4529685734129342,-0.3981781020523957,Simple Linear Regression,Inter-Sector
0,SMIL,0.8481644788209399,44.84563870660781,Industrials,24.019846706100708,14.557482852182247,0.23824006606642922,0.16543653799921593,Simple Linear Regression,Inter-Sector
0,SOSS,0.9328776222836574,964.9414041029462,Industrials,260.1829838151127,18.87934441806945,-5.41814414186728,-1.3308676001591033,Simple Linear Regression,Inter-Sector
0,SPTO,0.9957902431538985,190.05179580023244,Industrials,140.1210508315362,15.759890531930388,-1.4345818018142833,-0.2226970031562502,Simple Linear Regression,Inter-Sector
0,TIRA,0.9909802630271118,64.88238371803882,Industrials,125.08445406851365,26.885292839600094,-0.2008965997891394,-0.10799258358943321,Simple Linear Regression,Inter-Sector
0,TOTO,0.9992029256173526,24.82139005160449,Industrials,57.57424920190158,16.678396398404672,-0.14678339807394658,-0.10367536752813446,Simple Linear Regression,Inter-Sector
0,TRIL,0.99736468257057,121.8144079438698,Industrials,290.14779461989883,33.83284419873311,0.5653643379284622,-0.0025160265279674287,Simple Linear Regression,Inter-Sector
0,UNTR,0.9989151883361866,123191.08905323535,Industrials,2654.546444021649,20.01125607058139,-6.456620307845613,0.10030444076527341,Simple Linear Regression,Inter-Sector
0,VISI,0.9757759954371152,131.82208036806384,Industrials,30.031811032473456,13.648519903801196,4.539744168265689,1.8609608493064331,Simple Linear Regression,Inter-Sector
0,VOKS,0.9963554919920105,29.4035154617463,Industrials,84.02984043754148,43.757917568923155,0.115200305991234,0.11255519343017373,Simple Linear Regression,Inter-Sector
0,WIDI,0.9879884709367922,43.73511722126392,Industrials,34.02238032815612,17.628176335832187,0.6585802885203234,0.2980709352991302,Simple Linear Regression,Inter-Sector
0,ZBRA,0.9983661619002526,68.71188039871646,Industrials,184.34134077144404,31.588581613316663,0.004811268897491081,0.01582132712694376,Simple Linear Regression,Inter-Sector
0,ACST,0.9985938230509119,731.7336293958957,Infrastructure,253.97960798544182,27.917119822323734,-0.03218835749356207,-0.138691759766146,Simple Linear Regression,Inter-Sector
0,ADHI,0.9982440497060713,901.3952104895325,Infrastructure,291.61078685761777,26.44713526723378,-1.7632362596824624,-0.1546902085798955,Simple Linear Regression,Inter-Sector
0,ARKO,0.970874963031235,654.8633145391132,Infrastructure,155.13301515790897,19.284090183763645,0.3824540961962229,0.06435879246291984,Simple Linear Regression,Inter-Sector
0,ASLI,0.8883187912828179,0.6255359220012185,Infrastructure,3.00774162294708,5.185761418874275,-0.1594591976571926,-0.29380932518952485,Simple Linear Regression,Inter-Sector
0,BALI,0.9917753714463017,1125.4915376816136,Infrastructure,420.236471391838,24.35027235266477,2.7542890460262535,0.2688435761706845,Simple Linear Regression,Inter-Sector
0,BDKR,0.9892345800770521,143.14609467722417,Infrastructure,52.06868930905773,10.865261263409648,1.6540754818151486,0.36120310326844746,Simple Linear Regression,Inter-Sector
0,BREN,0.9653280569223645,111378.58403941439,Infrastructure,1025.8304650070504,22.751399576363507,49.78730558030023,0.7248092307827153,Simple Linear Regression,Inter-Sector
0,BTEL,0.9994859858351152,5.7151672662989945,Infrastructure,38.81869775709089,11.77712559831082,0.07884079601785061,0.03330798878147322,Simple Linear Regression,Inter-Sector
0,BUKK,0.9901253448495717,1532.7037064417132,Infrastructure,265.08726920413073,29.95336375187918,4.545290396736521,0.2945316256500916,Simple Linear Regression,Inter-Sector
0,CASS,0.9910531796020563,709.1647155487547,Infrastructure,1085.0,100.0,1.8319481461099638,0.2216046278817331,Simple Linear Regression,Inter-Sector
0,CENT,0.9969395416196772,14.988474142084257,Infrastructure,44.61209363417302,31.82778012653367,0.016250031070615137,0.10776251707124501,Simple Linear Regression,Inter-Sector
0,CMNP,0.9971200205427455,948.6805178754304,Infrastructure,377.2402169510988,21.197539734086124,0.8362297716784257,0.12116161959494834,Simple Linear Regression,Inter-Sector
0,DATA,0.5432392768423058,1496.8328547299984,Infrastructure,50.05067244110819,12.20748108319712,-0.5215604547824414,-0.5604981606911336,Simple Linear Regression,Inter-Sector
0,DGIK,0.9955097677264442,9.48518386488302,Infrastructure,25.028151356171207,25.383638565735527,-0.1474061473484886,-0.1621405808248651,Simple Linear Regression,Inter-Sector
0,EXCL,0.9975072690369697,4558.469398955518,Infrastructure,567.573729429701,19.502861283099694,-1.0652086841723984,-0.06546507795557716,Simple Linear Regression,Inter-Sector
0,FIMP,0.9594989714850699,6.511633753542173,Infrastructure,12.012808867057899,14.528161466750596,-0.25168071122428615,-0.636790636841395,Simple Linear Regression,Inter-Sector
0,FREN,0.9990179480194318,2290.1605798988435,Infrastructure,598.4588520118305,25.651490542472605,0.22001839665006667,-0.20266361633614907,Simple Linear Regression,Inter-Sector
0,GHON,0.9717166502386221,4262.082964921853,Infrastructure,530.3167027569261,26.90684153018671,-0.15930231375770576,-0.04086247061125161,Simple Linear Regression,Inter-Sector
0,GMFI,0.9969617212930862,29.37522147506793,Infrastructure,54.03209254603516,28.431127853787586,-0.4911950405921067,-0.2184700572549323,Simple Linear Regression,Inter-Sector
0,GOLD,0.9765816107395092,132.39190726602757,Infrastructure,108.06080692932977,24.122827921607715,-0.20652479019965989,-0.09754592273975511,Simple Linear Regression,Inter-Sector
0,HADE,0.9939224885708476,6.706988698733036,Infrastructure,49.014075678085604,37.5087972988035,-0.0025508655924284616,0.06184836187459495,Simple Linear Regression,Inter-Sector
0,IBST,0.9942024865213728,32034.54352940976,Infrastructure,2700.9993731440773,27.56121809330691,16.99462857956038,0.19699654116264714,Simple Linear Regression,Inter-Sector
0,IDPR,0.9974272995929736,629.8310240314098,Infrastructure,280.1618702979845,25.407326299524186,2.0321709287754994,0.05654729001156914,Simple Linear Regression,Inter-Sector
0,INET,0.990659777932961,45.25454015889026,Infrastructure,15.009430704317353,18.30418378575287,-2.0696001361245164,-1.2961000686057451,Simple Linear Regression,Inter-Sector
0,IPCC,0.995444066011805,620.8089663291042,Infrastructure,210.21817301032684,17.04871463663398,-1.5122391661314358,-0.2333481279215165,Simple Linear Regression,Inter-Sector
0,IPCM,0.9867551158741551,75.7241035363467,Infrastructure,94.05996238864464,19.195048915350807,-0.14335209030974827,-0.11146637300093909,Simple Linear Regression,Inter-Sector
0,ISAT,0.9953774452093971,13358.20926992325,Infrastructure,1201.2245839934476,19.26812191575155,-1.3304103009247954,-0.05962772032420389,Simple Linear Regression,Inter-Sector
0,JAST,0.9982306935009588,497.39838891419606,Infrastructure,195.20620868395395,26.86979915297997,0.1155965040657879,0.038319160207676554,Simple Linear Regression,Inter-Sector
0,JKON,0.9971364558104421,172.59001541285988,Infrastructure,143.06080692932977,25.465038232754722,1.7961457729752675,0.2583377472222493,Simple Linear Regression,Inter-Sector
0,JSMR,0.9974261764164472,6195.086929325293,Infrastructure,973.3892005012121,17.04225067594922,-2.5364329525834637,-0.0736901445443607,Simple Linear Regression,Inter-Sector
0,KARW,0.9985438859061173,44.92041113685483,Infrastructure,80.05067244110819,33.34271711872374,-0.19351807077454442,-0.16834340512061402,Simple Linear Regression,Inter-Sector
0,KBLV,0.998841950773038,598.5235794302916,Infrastructure,385.32374059596896,37.78653597747548,0.08004960261667524,-0.07236454214471497,Simple Linear Regression,Inter-Sector
0,KEEN,0.9899365002070506,319.69159990320384,Infrastructure,110.07882379727937,20.953536269062432,-0.17935538458896932,-0.02942451108761708,Simple Linear Regression,Inter-Sector
0,KETR,0.9172959209342337,80.72189712930292,Infrastructure,61.02491395021153,25.6407201471477,-0.0674979090249537,-0.05378156235435592,Simple Linear Regression,Inter-Sector
0,KOKA,0.8837421020439794,34.07042578339205,Infrastructure,26.009993731440773,26.81442652725853,-0.43175476048143036,-0.3925944679628379,Simple Linear Regression,Inter-Sector
0,KRYA,0.9882814298666079,244.63480097222086,Infrastructure,106.05489514453382,22.629939512804327,0.503944861243146,0.1255380994342887,Simple Linear Regression,Inter-Sector
0,LCKM,0.9359705850820979,123.22996284690836,Infrastructure,82.04222703425683,21.477022783836865,1.2958810814999864,0.4268691024822422,Simple Linear Regression,Inter-Sector
0,LINK,0.9957094467280457,7485.996994830288,Infrastructure,570.6235525391921,15.011964326372757,-2.990577456535109,-0.16154384104918654,Simple Linear Regression,Inter-Sector
0,MANG,0.9603807864814772,64.2191166377386,Infrastructure,12.019002165415571,14.646162164219417,0.6678427999368759,0.46464382589384,Simple Linear Regression,Inter-Sector
0,META,0.9955840896202774,20.145266126234777,Infrastructure,52.71321449153817,28.581479404050786,-0.0516153701020988,-0.06975091989918232,Simple Linear Regression,Inter-Sector
0,MORA,0.9294488010761007,169.58766816396485,Infrastructure,100.0795275811837,15.049553019726872,-0.15581760246459944,-0.016851955383248296,Simple Linear Regression,Inter-Sector
0,MPOW,0.992582665049534,51.46441393204729,Infrastructure,74.04222703425683,26.6290339508254,-0.37219855059265294,-0.4033101146915177,Simple Linear Regression,Inter-Sector
0,MTEL,0.9640479166544602,111.52867372763627,Infrastructure,60.104160017833465,7.513020002229183,-0.6561830507665869,-0.10742640155087471,Simple Linear Regression,Inter-Sector
0,MTPS,0.9923236093549139,1348.550633545474,Infrastructure,315.19705949319837,25.90971075426487,0.33072111784674013,-0.08971688807232102,Simple Linear Regression,Inter-Sector
0,MTRA,0.9969623658330825,12.08410850830878,Infrastructure,48.053769090287005,12.350001406114007,0.30110736021479234,0.08164329797491084,Simple Linear Regression,Inter-Sector
0,NRCA,0.996992750700169,195.76967012287497,Infrastructure,270.140756780856,21.270925730776064,-1.0753715504651502,-0.23135338528195987,Simple Linear Regression,Inter-Sector
0,OASA,0.9872114560627259,23.876111140038294,Infrastructure,40.048979645869395,31.686638440848036,0.04846587847061465,-0.02964978166652521,Simple Linear Regression,Inter-Sector
0,PBSA,0.9953769158553782,165.434025561054,Infrastructure,97.605567585642,23.577637460957153,0.4704595949596765,0.05723367022019485,Simple Linear Regression,Inter-Sector
0,PGEO,0.9779913508558009,1269.2675308617575,Infrastructure,120.16538921750589,14.400539609296306,-3.968542331591228,-0.3436851507073048,Simple Linear Regression,Inter-Sector
0,PORT,0.956033975569645,1105.9853547994994,Infrastructure,230.16750056921865,23.407008915665575,1.3134744761062682,0.13784659728947438,Simple Linear Regression,Inter-Sector
0,POWR,0.9945274633486505,375.4826749002747,Infrastructure,280.1597589462715,19.799276250619894,-0.7662564486088076,-0.1306371986404073,Simple Linear Regression,Inter-Sector
0,PPRE,0.9976805954478745,28.68987325041409,Infrastructure,49.02040973322411,25.268252439806243,-0.5819020732677984,-0.34339104654532054,Simple Linear Regression,Inter-Sector
0,PTDU,0.9979107759333276,1342.0521030504353,Infrastructure,370.40960223229104,25.651492170884165,2.053498650341193,-0.23852994165513147,Simple Linear Regression,Inter-Sector
0,PTPP,0.9985425977058429,1838.572952841394,Infrastructure,250.41664007133386,17.868705021284605,-3.173781780555708,-0.2300086677406719,Simple Linear Regression,Inter-Sector
0,PTPW,0.9857020753266722,705.3854090952618,Infrastructure,190.15764759455874,19.344687713655713,0.7033990070265849,0.042419373127984855,Simple Linear Regression,Inter-Sector
0,RONY,0.9974013110392878,210.323088137507,Infrastructure,94.05292454960187,30.588283941811493,0.21191947446663625,0.12581685490123606,Simple Linear Regression,Inter-Sector
0,SMKM,0.9969738281642846,219.05235917344513,Infrastructure,75.08023136508791,13.648519903801196,0.33547832649500964,-0.03851906583010003,Simple Linear Regression,Inter-Sector
0,SSIA,0.9984434662674311,188.21136083305657,Infrastructure,170.140756780856,36.594291893420134,-0.5085635270845518,0.012430940688748938,Simple Linear Regression,Inter-Sector
0,SUPR,0.9986737815424799,212923.70283967737,Infrastructure,11833.325763587636,39.81889863088565,23.405363224375954,0.1366075287548702,Simple Linear Regression,Inter-Sector
0,TAMA,0.9825933836045975,75.39436360142673,Infrastructure,58.05151698179333,20.441307528799292,-0.5537464484694197,-0.22102487339004032,Simple Linear Regression,Inter-Sector
0,TBIG,0.9975233629164784,1236.4279394863888,Infrastructure,420.32092546035165,23.647112335992638,-0.511305223779483,-0.030604247652277834,Simple Linear Regression,Inter-Sector
0,TGRA,0.998308531992222,153.12198404545788,Infrastructure,100.05630271234241,31.302188050929562,0.0069158502443696914,0.041387996217299855,Simple Linear Regression,Inter-Sector
0,TLKM,0.9986312518371424,1738.579080525093,Infrastructure,430.3589297911826,14.441574825207471,0.19692312910696114,0.005166516257416134,Simple Linear Regression,Inter-Sector
0,TOPS,0.9988335425138165,124.00034018949057,Infrastructure,75.12527353496182,25.010556758564206,-0.8340282237088956,-0.16975272347822676,Simple Linear Regression,Inter-Sector
0,TOTL,0.9976706474167345,159.73090762044436,Infrastructure,180.19705949319837,20.941361851149768,-0.7111903414369203,-0.14371547938740506,Simple Linear Regression,Inter-Sector
0,TOWR,0.9975352299769163,236.98434021371432,Infrastructure,250.18861408634712,15.937759921946046,-0.10500816502726584,-0.017048810125554804,Simple Linear Regression,Inter-Sector
0,WEGE,0.9945638172696774,32.49387027078496,Infrastructure,36.03856735795455,14.646162164219417,-0.6826479983991894,-0.33614183506589324,Simple Linear Regression,Inter-Sector
0,WIKA,0.9981176930317234,1385.7110659217844,Infrastructure,278.1602831217847,18.073207383805823,-3.086316389660592,-0.2528135832635104,Simple Linear Regression,Inter-Sector
0,WSKT,0.9982971928052202,1042.4417210471952,Infrastructure,180.53620303938214,18.1217627600071,-2.641354977769749,-0.254716039055219,Simple Linear Regression,Inter-Sector
0,ADCP,0.983534698189843,2.4536292056184914,Properties and Real Estate,9.011119785687626,10.53890981723448,-0.2775590735848661,-0.37827220739796963,Simple Linear Regression,Inter-Sector
0,AMAN,0.9927925697351748,285.7162027569361,Properties and Real Estate,235.09852974659918,26.366954956729703,0.7037637462519584,0.06436397426408041,Simple Linear Regression,Inter-Sector
0,APLN,0.9977277408145071,22.777577167925042,Properties and Real Estate,38.03350011384373,13.780253664436135,-0.4905507345905436,-0.2643539888313696,Simple Linear Regression,Inter-Sector
0,ARMY,0.995659186609524,65.0215109446964,Properties and Real Estate,122.06728174124919,25.258046670252103,-0.2989550619274515,-0.1688467699635614,Simple Linear Regression,Inter-Sector
0,ASPI,0.9923901680571989,103.88173075097333,Properties and Real Estate,195.0,100.0,0.2930692705704894,0.1339722425972812,Simple Linear Regression,Inter-Sector
0,ASRI,0.9982127408975839,67.31821220298622,Properties and Real Estate,100.14357191647309,17.868705021284597,-0.8043088552449463,-0.2622725535311054,Simple Linear Regression,Inter-Sector
0,ATAP,0.9715581326103063,40.99223223175851,Properties and Real Estate,45.023224868841254,26.933362995524092,-0.05643586131055869,0.1194933335281251,Simple Linear Regression,Inter-Sector
0,BAPA,0.9967038920973201,11.491008478461149,Properties and Real Estate,45.03026270788405,29.894926624864617,-0.04778092431017699,-0.04807145067157416,Simple Linear Regression,Inter-Sector
0,BAPI,0.6116102119326776,14.687147635080148,Properties and Real Estate,0.018298381511272055,0.014075678085603727,-0.16248527917665526,-0.12371141069346676,Simple Linear Regression,Inter-Sector
0,BBSS,0.9813531877494626,18.85024225186931,Properties and Real Estate,28.011542056030194,25.465038232754722,-0.026261121108247996,-0.08514641836225005,Simple Linear Regression,Inter-Sector
0,BCIP,0.9987946465265851,92.9094410340906,Properties and Real Estate,150.15412867503733,26.548801748132117,-0.07997483704658057,-0.13537938634862787,Simple Linear Regression,Inter-Sector
0,BEST,0.997659377807282,96.50361715996705,Properties and Real Estate,90.10134488221638,15.011964326372759,-1.0521791074771882,-0.38335167966859673,Simple Linear Regression,Inter-Sector
0,BIKA,0.9982470869722371,397.75780090649437,Properties and Real Estate,320.23506382402957,27.648376370071997,-0.6061060906142716,-0.24196510297765797,Simple Linear Regression,Inter-Sector
0,BIPP,0.9850731904310637,7.207213078978885,Properties and Real Estate,35.01266811027705,40.00844540685136,0.12305595720308114,0.31189058289726995,Simple Linear Regression,Inter-Sector
0,BKDP,0.9935172083790463,10.671703147328152,Properties and Real Estate,40.022521084936955,29.421700478648656,0.03499312884871771,-0.0008899649137975961,Simple Linear Regression,Inter-Sector
0,BKSL,0.9999268569019722,2.8449998925514692,Properties and Real Estate,38.710952651838625,14.297782005999792,-0.02887477804408134,-0.046996196433284565,Simple Linear Regression,Inter-Sector
0,BSBK,0.9954592974865094,6.472751279878194,Properties and Real Estate,17.01914292219641,11.123622824964972,0.0726184686746652,0.08629237321294869,Simple Linear Regression,Inter-Sector
0,BSDE,0.99701580053011,689.1139883215657,Properties and Real Estate,290.268845451435,28.270970633102067,-1.3932918429515182,-0.1122591713308381,Simple Linear Regression,Inter-Sector
0,CBPE,0.7890353443899817,20.643143146882196,Properties and Real Estate,22.01534248911331,16.80560495352161,-0.10045131205448908,-0.06145394982371365,Simple Linear Regression,Inter-Sector
0,CITY,0.9905666694432449,97.38912086975039,Properties and Real Estate,107.06165147001491,28.11469493195697,-1.0328809739555818,-0.8523842991502141,Simple Linear Regression,Inter-Sector
0,COWL,0.9992121769649089,78.37975733641376,Properties and Real Estate,120.15272110722867,23.08775052160431,0.22105454546829395,0.03008886317465039,Simple Linear Regression,Inter-Sector
0,CPRI,0.97798601349828,2.376370260189161,Properties and Real Estate,13.014216434866455,12.86940880518888,-0.11940224839204397,-0.13565242174105338,Simple Linear Regression,Inter-Sector
0,CSIS,0.9866098949148069,2017.3331499342864,Properties and Real Estate,785.1850951668257,100.0,2.1926125699351333,-0.1713171404423255,Simple Linear Regression,Inter-Sector
0,CTRA,0.9980102589280817,405.1014894737875,Properties and Real Estate,137.81096471254773,25.01055641957521,-0.8609150956695268,-0.08458527925632199,Simple Linear Regression,Inter-Sector
0,DADA,0.9900982103103124,34.020627961438315,Properties and Real Estate,76.04504216987391,25.838254807586676,-0.023309125584713028,-0.050639445955676675,Simple Linear Regression,Inter-Sector
0,DART,0.9994305529706223,37.09151130116824,Properties and Real Estate,100.11542056030191,42.113412234681135,0.5176886698894234,0.12573797331619216,Simple Linear Regression,Inter-Sector
0,DILD,0.9984624144202103,45.92079689247614,Properties and Real Estate,74.04166400713336,42.86518704737706,0.06216884311703452,0.11924928065763969,Simple Linear Regression,Inter-Sector
0,DMAS,0.988334239318683,21.586491567451617,Properties and Real Estate,28.03350011384373,15.44814453314621,-0.41349858050498833,-0.22928350170092018,Simple Linear Regression,Inter-Sector
0,DUTI,0.9986653782002892,5603.296316339264,Properties and Real Estate,1100.6193298357666,22.233169971844358,5.923267204072216,0.1764717102605752,Simple Linear Regression,Inter-Sector
0,ELTY,0.9978457558827347,3332.3397803128073,Properties and Real Estate,764.9468449380333,50.007037528467166,1.696298908824026,0.11204671143969598,Simple Linear Regression,Inter-Sector
0,EMDE,0.9936146097827747,17.324816642647292,Properties and Real Estate,57.02491395021153,25.44909151436207,0.3888289250688097,0.21682190199041831,Simple Linear Regression,Inter-Sector
0,FMII,0.9942821217684856,58.771041139263346,Properties and Real Estate,104.22197081952623,31.58857627145914,0.1730939778011188,0.025814794066614487,Simple Linear Regression,Inter-Sector
0,FORZ,0.9987422991486508,174.4486504873737,Properties and Real Estate,120.06897082261946,33.34271711872373,0.09867040773195397,-0.10886524024029252,Simple Linear Regression,Inter-Sector
0,GAMA,0.9988398642356818,10.744133868462088,Properties and Real Estate,25.059821631863826,21.88599662350438,-0.06389440825839178,-0.07434099120376511,Simple Linear Regression,Inter-Sector
0,GMTD,0.9994868712329139,325.11344770802805,Properties and Real Estate,400.5447287419129,33.34271711872373,1.04022315941385,0.07707321292173233,Simple Linear Regression,Inter-Sector
0,GPRA,0.9944344361071517,26.55561728857354,Properties and Real Estate,59.03152951891175,34.21978236500246,0.1857043156107611,0.0007967019924830462,Simple Linear Regression,Inter-Sector
0,GRIA,0.8424416559211523,44.99592300562673,Properties and Real Estate,37.01520173233244,25.527725332643065,1.2290348844270917,0.9007013674475799,Simple Linear Regression,Inter-Sector
0,HBAT,0.9176089895422106,6.888283277067839,Properties and Real Estate,8.007037839042802,13.805237653522074,0.043903313821536664,0.3187759308853924,Simple Linear Regression,Inter-Sector
0,HOMI,0.9938915770236746,451.7956844313061,Properties and Real Estate,110.070378390428,25.527725332643065,-0.9866120999166779,-0.230936198028853,Simple Linear Regression,Inter-Sector
0,INDO,0.9416127323626513,50.05910476519852,Properties and Real Estate,59.018579895073,33.08634295379576,0.10817178516520597,0.1389511096571098,Simple Linear Regression,Inter-Sector
0,INPP,0.9905936634810775,555.4900504297867,Properties and Real Estate,225.0992335305035,24.204218659193927,1.9829068625398931,0.28180681050058853,Simple Linear Regression,Inter-Sector
0,IPAC,0.9736661518830855,32.85498774935124,Properties and Real Estate,32.04504216987391,15.396525573764746,1.472932014485711,1.1600811383190432,Simple Linear Regression,Inter-Sector
0,JRPT,0.998468519457181,125.66454484241886,Properties and Real Estate,145.08234271680078,19.874293522849424,0.7242418280210768,0.09072747260357966,Simple Linear Regression,Inter-Sector
0,KBAG,0.9963812647668112,24.211225766766386,Properties and Real Estate,52.02702530192437,21.322551353247693,-0.008266373857671804,-0.0406032377898728,Simple Linear Regression,Inter-Sector
0,KIJA,0.9974637132584988,16.129076952305116,Properties and Real Estate,48.873024575620846,31.259677628233867,0.03089467357902382,0.02423874009499564,Simple Linear Regression,Inter-Sector
0,KOCI,0.7224159674195141,7.230125185846137,Properties and Real Estate,8.00971221787907,13.805237653522074,-0.02761932264382924,-0.07389813966322104,Simple Linear Regression,Inter-Sector
0,LAND,0.9960335764399284,992.2054783911613,Properties and Real Estate,290.1618702979845,29.69739696115394,1.1754288126000176,-0.18419992712885447,Simple Linear Regression,Inter-Sector
0,LCGP,0.9982649784501404,36.78452157734915,Properties and Real Estate,121.07023763364714,32.567632434057735,-0.03762524155476599,-0.08486947675516565,Simple Linear Regression,Inter-Sector
0,LPCK,0.9990823358429154,6462.737877379794,Properties and Real Estate,1153.4002690178168,23.44827377246444,-4.120488173144756,-0.0629816857326165,Simple Linear Regression,Inter-Sector
0,LPKR,0.9987046187452981,101.02060460350691,Properties and Real Estate,119.22392905635161,19.764381716982264,0.02846359713168652,-0.09636235940372481,Simple Linear Regression,Inter-Sector
0,LPLI,0.996832757702465,380.0161754351471,Properties and Real Estate,200.11260542468483,34.94066568094611,1.5014983998370912,0.2862994203718198,Simple Linear Regression,Inter-Sector
0,MDLN,0.9988908295785983,24.56355552647617,Properties and Real Estate,70.04222703425683,42.8651861017632,-0.031001614430823308,0.2949195261860891,Simple Linear Regression,Inter-Sector
0,MKPI,0.9988690309603339,107548.18699174083,Properties and Real Estate,5929.183995310945,20.011260542468484,12.75784018192327,0.06163278707907258,Simple Linear Regression,Inter-Sector
0,MMLP,0.9938173969403422,195.28894393772265,Properties and Real Estate,114.86560087384817,19.622965690732887,0.760636054546922,0.05044010403286768,Simple Linear Regression,Inter-Sector
0,MPRO,0.984988526599541,8416.232749104156,Properties and Real Estate,555.2273222010824,25.586512543828682,3.4330483298074457,0.1933105492358951,Simple Linear Regression,Inter-Sector
0,MSIE,0.9815940863876291,2.5636808245802327,Properties and Real Estate,5.0076008661662215,16.01182356959191,-0.12199237822225635,-0.27774147333211696,Simple Linear Regression,Inter-Sector
0,MTLA,0.9890584519948503,74.35854933066925,Properties and Real Estate,76.05067244110819,17.442814780070687,0.1527498672989169,0.0037786930896352624,Simple Linear Regression,Inter-Sector
0,MTSM,0.9970014411073501,102.57561617548636,Properties and Real Estate,150.07741622947083,27.610190790933974,0.1025607612706357,-0.06023022287599681,Simple Linear Regression,Inter-Sector
0,MYRX,0.9994946229385495,0.8143028347396973,Properties and Real Estate,13.749272685448261,33.34271711872373,0.017769082753802186,0.7604584601403432,Simple Linear Regression,Inter-Sector
0,NASA,0.9987619332726597,75.01367657877606,Properties and Real Estate,125.07460109385363,27.917124326061714,0.006541529463919804,-0.10052346320866934,Simple Linear Regression,Inter-Sector
0,NIRO,0.9955362860182302,16.43825916332853,Properties and Real Estate,27.01872065185384,20.01126054246848,-0.11966767403974361,-0.13042829701379224,Simple Linear Regression,Inter-Sector
0,NZIA,0.9892601096846204,453.9594160348864,Properties and Real Estate,160.0865654202264,31.259677028683846,0.39455220057426643,0.33506807387117193,Simple Linear Regression,Inter-Sector
0,OMRE,0.99711630882409,339.74555625177493,Properties and Real Estate,463.15680375910836,38.78412865758554,0.7533319132322233,0.12221335821902113,Simple Linear Regression,Inter-Sector
0,PAMG,0.9475930475497807,237.98056668977165,Properties and Real Estate,160.070378390428,27.170746481568525,-0.10600889005115155,-0.09006974200733368,Simple Linear Regression,Inter-Sector
0,PANI,0.9978339327034186,5236.53170067484,Properties and Real Estate,1125.6685947090664,25.816897542744954,1.5513545115988268,0.05225749131819756,Simple Linear Regression,Inter-Sector
0,PLIN,0.9949061067640218,5304.45397243917,Properties and Real Estate,1010.5419136062956,24.15353455009065,3.5276185858497002,0.0847462652294781,Simple Linear Regression,Inter-Sector
0,POLI,0.9524911676398121,3220.530499286207,Properties and Real Estate,430.19705949319837,23.50803603787969,-2.015106819173817,-0.3278208038483245,Simple Linear Regression,Inter-Sector
0,POLL,0.9962046276197511,35084.027276930625,Properties and Real Estate,1776.270329947225,25.441530570296596,-7.005925919248071,-0.5063921342988753,Simple Linear Regression,Inter-Sector
0,POSA,0.9595639014474089,182.4376270675129,Properties and Real Estate,142.0450421698739,30.745680123349334,-0.3030407465009557,-0.18712935784493206,Simple Linear Regression,Inter-Sector
0,PPRO,0.9985438024480385,8.84264506761597,Properties and Real Estate,33.76943164588357,14.297779152644807,-0.5878743818280749,-0.5269186722726104,Simple Linear Regression,Inter-Sector
0,PUDP,0.9914154440892463,161.22195477776327,Properties and Real Estate,220.08867677193928,28.15826178351336,0.1995334362745208,0.07243513064216066,Simple Linear Regression,Inter-Sector
0,PURI,0.9478300438230207,369.9552257432926,Properties and Real Estate,112.06728174124919,19.911772060556128,0.7144384689077597,0.11002940734657479,Simple Linear Regression,Inter-Sector
0,PWON,0.9981739309493067,80.72893319751,Properties and Real Estate,66.04926487329959,48.72516723264961,-0.6050784318444339,-0.1065936457759633,Simple Linear Regression,Inter-Sector
0,RBMS,0.9863963935187603,13.054169231565217,Properties and Real Estate,56.47540480994823,38.47020392218441,0.03312744877411757,0.050702842506151355,Simple Linear Regression,Inter-Sector
0,RDTX,0.9983597669331022,18679.357283689853,Properties and Real Estate,2201.7418651630924,20.453187279802908,3.3627140871454957,0.01752400945780374,Simple Linear Regression,Inter-Sector
0,REAL,0.9815928916732956,77.20643608053268,Properties and Real Estate,80.06474811919378,34.94891670622437,-0.239819155855296,-0.2920065184656827,Simple Linear Regression,Inter-Sector
0,RELF,0.9866044641049921,34.563452076104184,Properties and Real Estate,32.02125427390925,17.497953155141666,-0.31275614651428113,-0.3426887337101121,Simple Linear Regression,Inter-Sector
0,RIMO,0.9969066612854229,8.4815514619217,Properties and Real Estate,117.07009687686627,32.70177978695587,0.037277464150039165,0.01883051292795131,Simple Linear Regression,Inter-Sector
0,RISE,0.997010749994219,160.00126681688465,Properties and Real Estate,110.13934921304747,14.646162164219412,0.7888933077860385,0.08802939581208605,Simple Linear Regression,Inter-Sector
0,ROCK,0.9794464001137148,1284.205613834129,Properties and Real Estate,345.18016867949564,23.820248135684263,1.714129783658873,0.24434669506117712,Simple Linear Regression,Inter-Sector
0,RODA,0.9960239946687787,102.34033559716832,Properties and Real Estate,110.06897082261946,46.07500702989002,0.0981694770944613,-0.08192420848129324,Simple Linear Regression,Inter-Sector
0,SAGE,0.9915099330144505,28.134864633697532,Properties and Real Estate,18.030403464664886,7.705300625925165,-0.8200932144292219,-0.39077827302497986,Simple Linear Regression,Inter-Sector
0,SATU,0.9793051500323399,20.02909260210281,Properties and Real Estate,33.01393492130474,25.383638565735527,-0.1804816590271708,-0.20257804792753026,Simple Linear Regression,Inter-Sector
0,SMDM,0.9885041302652848,37.39722357909943,Properties and Real Estate,72.04926487329959,38.47020041728344,0.3946175997364966,0.12865297237691825,Simple Linear Regression,Inter-Sector
0,SMRA,0.9982561190846231,378.434707989607,Properties and Real Estate,242.41973677736132,23.621863691647384,-0.8162992055484523,-0.02672003592375934,Simple Linear Regression,Inter-Sector
0,TARA,0.9990654743786485,96.76981635307389,Properties and Real Estate,100.04504216987391,25.383638565735527,0.5530592657488934,0.10083847268137022,Simple Linear Regression,Inter-Sector
0,TRIN,0.9830081500476427,151.72774674077232,Properties and Real Estate,110.070378390428,25.69853330206362,-0.6100854489943207,-0.39946880288352865,Simple Linear Regression,Inter-Sector
0,TRUE,0.9883170974257868,291.0489622010754,Properties and Real Estate,155.09430704317356,25.441530570296596,-0.03647724592652173,-0.2761673368669366,Simple Linear Regression,Inter-Sector
0,UANG,0.9743506436597252,1504.1172576306255,Properties and Real Estate,250.14427570037742,20.677833371281242,-2.127755297015626,-1.0382198331087586,Simple Linear Regression,Inter-Sector
0,URBN,0.9983567749233411,1125.6979004309073,Properties and Real Estate,250.28151356171202,26.121511473252134,-6.13536549880843,-1.035465640789567,Simple Linear Regression,Inter-Sector
0,VAST,0.951427112574186,9.503647523805844,Properties and Real Estate,14.013794164523887,12.512316218324898,-0.2539678750794309,-0.3381466028308053,Simple Linear Regression,Inter-Sector
0,WINR,0.9869990383481584,5.128198656709837,Properties and Real Estate,2.018157624730435,22.233169971844358,-0.22019882270820104,-0.10648568781597711,Simple Linear Regression,Inter-Sector
0,AREA,0.37670892782666765,100.81758024046538,Technology,19.015764759455877,14.5158509614167,-0.18299095060136097,-0.4645258498822793,Simple Linear Regression,Inter-Sector
0,ATIC,0.9742677295629742,1077.2106856414605,Technology,450.2547697733494,20.441307528799296,1.5964871470404145,0.10608846317367683,Simple Linear Regression,Inter-Sector
0,AWAN,0.9044702261910688,166.32711551901133,Technology,58.04813881905278,14.826805207258106,-0.3499179578283239,-0.21695049706990924,Simple Linear Regression,Inter-Sector
0,AXIO,0.9751197822634226,53.27755806164027,Technology,43.018157624730435,25.010556758564206,-0.48777831826144913,-0.2732329446558128,Simple Linear Regression,Inter-Sector
0,BELI,0.8643797658271408,16.47271080170454,Technology,34.058836334397824,7.535140781946422,0.2446853669418982,0.05041441850513261,Simple Linear Regression,Inter-Sector
0,BUKA,0.9975776406641512,78.23279380809957,Technology,30.122458399344737,6.295913855378654,-2.3815319587017365,-0.7063987207270894,Simple Linear Regression,Inter-Sector
0,CASH,0.9948618501239759,130.08117136600114,Technology,83.0,100.0,-0.6658885099782238,-0.21565439149977436,Simple Linear Regression,Inter-Sector
0,CHIP,0.9830277073323052,5405.261167991568,Technology,250.28292112952067,17.70389305811661,-0.5308832311230128,0.0010775495304453174,Simple Linear Regression,Inter-Sector
0,CYBR,0.9590664541215822,91.26249010743061,Technology,26.02195805781355,14.297779152644807,0.5615764720931212,0.06329677232872975,Simple Linear Regression,Inter-Sector
0,DCII,0.9899021702965956,1312594.698740649,Technology,8507.108217433226,19.85462462969264,92.42883286910862,0.39285916210216987,Simple Linear Regression,Inter-Sector
0,DIVA,0.9965244052444197,1190.137507281469,Technology,280.2336562562209,32.66254076279234,-2.689260287352349,-0.35770503900878053,Simple Linear Regression,Inter-Sector
0,DMMX,0.9977779547609584,1757.234645460606,Technology,270.25758490896646,22.45989542382149,-1.4923569760987943,-0.2461648416810299,Simple Linear Regression,Inter-Sector
0,EDGE,0.9286822164880034,66664.25248714411,Technology,4030.0,100.0,6.190559134463768,0.14500787279094401,Simple Linear Regression,Inter-Sector
0,ELIT,0.9814192064770307,54.725585616683006,Technology,44.036596763022544,19.01966459878007,0.3169908060979985,0.16120185696807257,Simple Linear Regression,Inter-Sector
0,EMTK,0.9971600919733016,920.6761455415328,Technology,295.2526584216366,18.772496878303173,0.015302674193651455,0.03942868034999769,Simple Linear Regression,Inter-Sector
0,ENVY,0.9939055528363212,1498.005203593663,Technology,305.198467061007,28.810021882796942,-0.01362533410260182,-0.057182368514183436,Simple Linear Regression,Inter-Sector
0,GLVA,0.9861587217357535,513.8213896863624,Technology,165.10275245002492,21.61907440091133,2.710655500194111,0.5186612693977048,Simple Linear Regression,Inter-Sector
0,GOTO,0.9968446283214472,25.33784319839448,Technology,4.036596763022544,1.5290139253873272,-2.1082570664408866,-0.8305204588410464,Simple Linear Regression,Inter-Sector
0,HDIT,0.9927722803643397,438.56976772846235,Technology,110.07248974214087,25.816894857934486,-5.118819052585097,-1.4953601348285563,Simple Linear Regression,Inter-Sector
0,IOTF,0.927003850355084,141.14180216520967,Technology,45.02097276034755,36.616065831643546,0.718722851042262,0.48037592718591926,Simple Linear Regression,Inter-Sector
0,IRSX,0.9850735482409525,27.556915293361513,Technology,53.02350638240296,25.777319981891765,-0.1176672831457217,-0.233844921646852,Simple Linear Regression,Inter-Sector
0,JATI,0.9898091055018318,19.371848625476538,Technology,22.00971221787907,24.186496942724254,-0.479929416785886,-0.6254167513649106,Simple Linear Regression,Inter-Sector
0,KIOS,0.9978435768348346,1354.3468198376586,Technology,376.4663380902766,37.008864690245915,0.5098721281184867,-0.23824252670002344,Simple Linear Regression,Inter-Sector
0,KREN,0.9993763751274113,26.735149405017403,Technology,66.04940563008046,25.936352354137483,-0.044824142923815945,0.10798032258005653,Simple Linear Regression,Inter-Sector
0,LMAS,0.9982831795027,144.7627999534911,Technology,275.1689081370273,30.47853699491889,0.3911061831442183,0.0894669741442025,Simple Linear Regression,Inter-Sector
0,LUCK,0.9954869424968281,816.1281956121611,Technology,285.17101948874006,25.74144801822732,-1.258872234232354,-0.6692115755576657,Simple Linear Regression,Inter-Sector
0,MCAS,0.9972430049612708,37514.40904079336,Technology,1901.4181245671243,20.011260542468474,1.989164898332408,-0.07818171099262029,Simple Linear Regression,Inter-Sector
0,MENN,0.989656684498839,11.657997675387282,Technology,14.013231137400467,17.15451984755664,0.15750696777422532,0.0849359825826559,Simple Linear Regression,Inter-Sector
0,MLPT,0.994793168640085,4003.292969412874,Technology,1060.6038465898719,28.971747749459713,1.5397073411485533,0.12533524383439015,Simple Linear Regression,Inter-Sector
0,MPIX,0.8064880384716573,401.4022053105991,Technology,56.039130385077954,19.64321419527125,-0.9669886005511924,-0.8394051284090881,Simple Linear Regression,Inter-Sector
0,MSTI,0.7539108102478604,1335.1872329107757,Technology,120.19424435758128,8.026884944301745,0.7333070238021189,0.029317288094532337,Simple Linear Regression,Inter-Sector
0,MTDL,0.9990592078443475,33.241435834729835,Technology,128.07206747179828,20.01126054246848,-0.06708839309985407,0.12439254746673821,Simple Linear Regression,Inter-Sector
0,NFCX,0.9958287419329029,38177.661250665325,Technology,1801.2738488667474,20.612034336677407,3.3871147279259555,0.014823757102050956,Simple Linear Regression,Inter-Sector
0,NINE,0.9897540001983249,2.2867165341020184,Technology,4.006897082261943,22.233169971844358,-0.09302380277969059,-0.37258551688093544,Simple Linear Regression,Inter-Sector
0,PGJO,0.9681932947935744,9.459646349853816,Technology,13.012668110277048,15.396525029496985,-0.21065115599215978,-0.927398122840005,Simple Linear Regression,Inter-Sector
0,PTSN,0.9944188941333182,77.55492172804892,Technology,115.07178595823655,36.37259299357971,0.2149729857657472,0.06729380727713853,Simple Linear Regression,Inter-Sector
0,RUNS,0.9919702435435132,106.94782914025566,Technology,60.04166400713336,16.865635957059933,-1.637466020327573,-0.488059868502727,Simple Linear Regression,Inter-Sector
0,SKYB,0.9986565980432442,58.75579344952855,Technology,130.07882379727937,29.457783453864078,0.01852260466327701,-0.0399582910323667,Simple Linear Regression,Inter-Sector
0,TECH,0.9949441077344486,37962.97598286589,Technology,1451.0627136954627,25.816894857934475,8.86169321460336,0.2721110125585515,Simple Linear Regression,Inter-Sector
0,TFAS,0.9946114172560024,20815.501133421647,Technology,1150.6685947090664,22.795678688142047,2.7125452827003227,0.02582239533190604,Simple Linear Regression,Inter-Sector
0,TOSK,0.858884994047093,34.991698749168414,Technology,24.007037839042802,32.441943025733515,-0.044158749526579645,-0.17224325320827114,Simple Linear Regression,Inter-Sector
0,TRON,0.8848525100879994,188.1629264562837,Technology,60.035189195214,19.366190062972258,-1.6553353992775925,-0.6328214824311009,Simple Linear Regression,Inter-Sector
0,UVCR,0.994006859793901,132.5316911752338,Technology,55.089380555843604,12.512316218324898,-1.0141759829855574,-0.43342155583024666,Simple Linear Regression,Inter-Sector
0,WGSH,0.9796747861760499,33.70146193661062,Technology,27.022802598498686,16.96084251230838,0.007897658474069105,0.005429305305505907,Simple Linear Regression,Inter-Sector
0,WIFI,0.9957170882507513,369.16362316199746,Technology,245.12808867057902,21.22321114030987,-1.8223680342155375,-0.4849032973767779,Simple Linear Regression,Inter-Sector
0,WIRG,0.9952646683067727,246.83488596517097,Technology,75.08375028460932,15.801326886808933,-3.038538859211514,-0.8280066056723809,Simple Linear Regression,Inter-Sector
0,ZYRX,0.9914204689573122,246.01874579494586,Technology,125.08515785241786,20.011260542468477,-1.3948850763378058,-0.3350088369653476,Simple Linear Regression,Inter-Sector
0,AKSI,0.9871960601019273,469.23259236352476,Transportation,320.18087246339996,35.42193511685529,-0.38896259153752644,-0.17472586160061088,Simple Linear Regression,Inter-Sector
0,ASSA,0.9976765472033651,1422.804111402918,Transportation,510.4757579192933,25.758953028199606,-1.0341538379518165,-0.18844446554333036,Simple Linear Regression,Inter-Sector
0,BIRD,0.9982104281413802,9073.529190483716,Transportation,950.8375028460932,17.989073308991564,-3.75588097381097,-0.17992428694886486,Simple Linear Regression,Inter-Sector
0,BLTA,0.9989279516071571,168.0674900460901,Transportation,158.1618856789214,18.900308827802167,0.6889537560864468,0.1826195155048532,Simple Linear Regression,Inter-Sector
0,BPTR,0.9838239766944011,45.51175997275508,Transportation,58.02955892397975,25.83825732033862,0.33062263383437096,0.1743013475791503,Simple Linear Regression,Inter-Sector
0,CMPP,0.9897729539004266,158.48853986839927,Transportation,218.34208621736138,25.834616489186747,-0.323557620513443,-0.09202535956578836,Simple Linear Regression,Inter-Sector
0,DEAL,0.9966467650892814,651.3976216473131,Transportation,215.13934921304747,27.282964129516806,0.5440073829732792,0.33396535115863457,Simple Linear Regression,Inter-Sector
0,ELPI,0.9525865778180278,47.795220987462116,Transportation,46.04081946644823,13.70262484120483,0.10999333270636949,-0.0004836685106583921,Simple Linear Regression,Inter-Sector
0,GIAA,0.9973236237961669,59.438401903753046,Transportation,65.15665963344912,15.137995032765694,-0.6455743681911866,-0.23965996570936274,Simple Linear Regression,Inter-Sector
0,GTRA,0.961090094109206,198.8295932253988,Transportation,52.02927741041805,28.17103137793506,-0.0228806312915352,0.031736271814434676,Simple Linear Regression,Inter-Sector
0,HAIS,0.942049928828297,70.7327738411767,Transportation,59.0266030315818,23.80104960950879,-0.6197462156633904,-0.31419048079893136,Simple Linear Regression,Inter-Sector
0,HATM,0.9669739954888914,141.07573685343803,Transportation,58.044479142750504,19.36619006297226,0.2820324572864961,0.08120514558598185,Simple Linear Regression,Inter-Sector
0,HELI,0.9864858580994211,170.61979388957144,Transportation,120.05348757672527,26.615835360062825,0.14371296915439252,-0.027764686739678704,Simple Linear Regression,Inter-Sector
0,IMJS,0.9920383072040575,193.8655279497735,Transportation,139.68116561317595,25.185357325560553,-0.026605588596445028,-0.08310308965301916,Simple Linear Regression,Inter-Sector
0,JAYA,0.9664961332210158,73.91815324514799,Transportation,38.019283678977274,28.482287436293106,-0.03854587980640102,0.5354269955852502,Simple Linear Regression,Inter-Sector
0,KJEN,0.996981180649021,1227.788033393343,Transportation,390.1625740818886,31.044190122817657,1.1956643403792917,0.25435871955177064,Simple Linear Regression,Inter-Sector
0,KLAS,0.8865287227054834,34.973873265136575,Transportation,22.013512650962184,19.598947452481212,2.25354073238382,2.7553203700762414,Simple Linear Regression,Inter-Sector
0,LAJU,0.9889683817768434,105.91666244541527,Transportation,50.048420332614455,30.962099872963865,-0.1530144100648353,-0.34660236558350543,Simple Linear Regression,Inter-Sector
0,LOPI,0.9399009030293883,7.3622466987159525,Transportation,13.009289947536502,18.193334645706397,0.3374280463040047,0.43806828011700094,Simple Linear Regression,Inter-Sector
0,LRNA,0.9649766689699961,52.768810556372145,Transportation,60.01970594931984,30.00985297465992,0.22533837462127065,-0.006531636135110401,Simple Linear Regression,Inter-Sector
0,MIRA,0.9999736259693038,0.8449282279101765,Transportation,21.009149190755636,33.34271711872373,0.023149048103632486,0.04762159666041352,Simple Linear Regression,Inter-Sector
0,MITI,0.9930336332253403,850.4573725568622,Transportation,443.9783874008765,60.005632298677,1.150336089652908,0.26430716432738205,Simple Linear Regression,Inter-Sector
0,MPXL,0.9154780054433754,144.51746570040754,Transportation,52.03124800535002,18.989506571295628,0.1490512284421851,-0.07524656466528785,Simple Linear Regression,Inter-Sector
0,NELY,0.9953270596613616,58.90271804505464,Transportation,110.07319352604509,23.96903671354426,-0.12090548573056874,-0.09345398217640374,Simple Linear Regression,Inter-Sector
0,PPGL,0.9897340947903237,23.504900284808922,Transportation,30.04757579192932,9.103705161896002,-0.22131067039365918,-0.2230827965009267,Simple Linear Regression,Inter-Sector
0,PURA,0.9808705593869549,24.210171049569304,Transportation,75.02547697733493,29.306826944271457,-0.04643983633199525,-0.12657831792174187,Simple Linear Regression,Inter-Sector
0,RCCC,0.8997568387530571,41.969991586694505,Transportation,16.014779461989875,14.435122455284791,0.9245033733783147,0.6949625674789832,Simple Linear Regression,Inter-Sector
0,SAFE,0.9906050400281149,62.10627961001716,Transportation,100.02674378836264,37.04589950101686,0.4119140306543813,0.10890153730961115,Simple Linear Regression,Inter-Sector
0,SAPX,0.992820494673992,1431.8875152626924,Transportation,285.1653892175059,28.869073972329346,1.2706612230556218,0.10483954479122819,Simple Linear Regression,Inter-Sector
0,SDMU,0.9983603931433868,41.019728582346694,Transportation,65.02815135617121,25.84377279458015,-0.016257884636325097,-0.16378002443371847,Simple Linear Regression,Inter-Sector
0,SMDR,0.9982487517613468,20.96168865154794,Transportation,86.05827330727436,20.011260542468488,-0.05003631567314918,0.060718774859706504,Simple Linear Regression,Inter-Sector
0,TAXI,0.9987715828581534,317.907204726419,Transportation,200.17594597607012,50.0070378390428,-0.7802366805896414,-0.26914780072207645,Simple Linear Regression,Inter-Sector
0,TMAS,0.9982319281478691,8.26899293367848,Transportation,44.032233302816024,24.789348961391823,-0.028088072576120875,-0.01938607595666717,Simple Linear Regression,Inter-Sector
0,TNCA,0.9892715034736301,1522.1436541784244,Transportation,530.294181671989,28.89889825997199,-0.5447843035649711,-0.2613479281870587,Simple Linear Regression,Inter-Sector
0,TRJA,0.9820988169600747,144.34256224284903,Transportation,75.07812001337504,30.251754404471004,0.07070401677864557,-0.05508336387378776,Simple Linear Regression,Inter-Sector
0,TRUK,0.9804777826289767,144.21904332610248,Transportation,135.07600866166229,26.839567569330935,-0.3015714110218823,-0.04279177344286312,Simple Linear Regression,Inter-Sector
0,WEHA,0.9956731641796378,28.621273129188165,Transportation,88.15282296911852,31.044193456477885,0.2402822607323828,0.05626053631696159,Simple Linear Regression,Inter-Sector
