,Company,Test R2,Test MSE,Sector,Highest Difference,Highest Difference Percentage,Average Difference,Average Difference Percentage,Model,Evaluation
0,ADMG,0.996451874990284,58.41517391286906,Basic Materials,150.1777370021548,36.44702750191336,-0.141355045120675,-0.056605185641656376,Random Forest,Inter-Sector
0,AGII,0.9952554478369339,1572.6110773553962,Basic Materials,411.5903428586446,25.328636483608896,-2.8128329910719674,-0.3172624891118625,Random Forest,Inter-Sector
0,AKPI,0.9946249142179903,485.82946450875164,Basic Materials,236.5903428586446,25.371284352926242,0.5280719616169678,0.04182994003246507,Random Forest,Inter-Sector
0,ALDO,0.986067549821903,657.8794885635746,Basic Materials,479.8188461329596,22.768190435741626,0.6544509510758207,0.11769473906883138,Random Forest,Inter-Sector
0,ALKA,0.9905120089883255,196.3641638303135,Basic Materials,173.51687325452167,33.517118611939125,-0.3480649058247587,-0.2392574291139165,Random Forest,Inter-Sector
0,ALMI,0.9939084283739593,108.4010705026422,Basic Materials,120.40140056383063,27.896129454484626,0.23976820076431538,0.040421253034463464,Random Forest,Inter-Sector
0,AMMN,0.9912867674494097,38657.336500139034,Basic Materials,516.579424265371,12.021325120020226,44.690126271088154,0.8106455040752618,Random Forest,Inter-Sector
0,ANTM,0.9984782469748557,1024.8556670053965,Basic Materials,278.41960649468956,18.266254550816083,0.150199004113016,-0.11677309381838614,Random Forest,Inter-Sector
0,APLI,0.9964266282211774,35.60907618303136,Basic Materials,99.52901198297786,27.947658794352936,0.24680141956781243,-0.038699242940999024,Random Forest,Inter-Sector
0,ARCI,0.9877366531798949,140.41584265572675,Basic Materials,51.96320986324045,17.67456117797294,-0.9231895569231756,-0.1425178198837426,Random Forest,Inter-Sector
0,AVIA,0.9845325944902485,269.7763132087881,Basic Materials,75.96297030568684,15.192594061137369,-1.7893772712220375,-0.3066076793515962,Random Forest,Inter-Sector
0,AYLS,0.9886150731314209,80.45521139100158,Basic Materials,81.96320986324045,30.33485813410619,-0.39257494906264007,-0.392878002069591,Random Forest,Inter-Sector
0,BAJA,0.998768122892981,101.13785154099001,Basic Materials,100.15986514548877,28.041750441928347,0.13070079772706955,-0.1043282377854474,Random Forest,Inter-Sector
0,BEBS,0.9943125026851642,822.6895744392158,Basic Materials,193.14020737301382,22.858410812373158,0.5255345564351356,-0.16943238542819353,Random Forest,Inter-Sector
0,BMSR,0.9954652237109094,101.66984148595165,Basic Materials,165.30363323423262,40.77889763919419,-0.16030162588778749,-0.1749173842959591,Random Forest,Inter-Sector
0,BRMS,0.9993920243280288,18.360201677923772,Basic Materials,43.70650542353292,24.66515450255175,-0.5211241076003967,-0.15267201774285494,Random Forest,Inter-Sector
0,BRNA,0.998373882246462,309.7880590857132,Basic Materials,291.2250760441941,22.14639361552807,1.978249771679073,0.16731364508453175,Random Forest,Inter-Sector
0,BRPT,0.9981993678798271,268.6372912556783,Basic Materials,190.23026923423254,19.945438064786327,-1.543821116654344,-16.775545372834763,Random Forest,Inter-Sector
0,BTON,0.9972983958092871,39.433636909092805,Basic Materials,64.5231429234255,28.163339783841852,0.15042990671950293,-0.2179360931994388,Random Forest,Inter-Sector
0,CHEM,0.9221502589560285,39.975641176560536,Basic Materials,41.929407388955866,27.791155895866833,-0.09397952939052451,-0.16682015614395174,Random Forest,Inter-Sector
0,CITA,0.9981369081032319,1673.301725439565,Basic Materials,727.8251306477459,24.77633521988239,3.294964623347918,0.19500823029961967,Random Forest,Inter-Sector
0,CLPI,0.9990780224769563,180.25661394553993,Basic Materials,178.4850384408204,19.831670937868935,-0.4009863877815279,-0.05396211767429741,Random Forest,Inter-Sector
0,CMNT,0.9619940265943503,403.7336324021349,Basic Materials,148.41806447156569,17.46094876136067,2.1965351806121625,0.21179858722723574,Random Forest,Inter-Sector
0,CTBN,0.9982889291474447,4392.5321294157075,Basic Materials,792.3339720565282,21.258095661607022,-6.015787088229288,-0.1714082120469401,Random Forest,Inter-Sector
0,DKFT,0.9988446414990246,26.954902191083896,Basic Materials,63.72023807621662,24.063512983236787,0.33510876926201416,0.3682171980764888,Random Forest,Inter-Sector
0,DPNS,0.9887363200760874,107.02324507840063,Basic Materials,168.38877485386342,32.79388921892849,0.41229105844583,0.07248719802690352,Random Forest,Inter-Sector
0,EKAD,0.9994023912839634,4.818765093260172,Basic Materials,20.346975725016904,30.091047911709733,-0.2680238876879901,-0.25979558139033615,Random Forest,Inter-Sector
0,EPAC,0.9917466805010213,56.99695166818246,Basic Materials,67.82507780948157,24.94677290849149,-2.8224768975161063,-29.787356511520475,Random Forest,Inter-Sector
0,ESIP,0.9818731100742897,66.31561327261666,Basic Materials,94.55579168317934,23.876917723249086,-0.4309050097792727,-0.3522854206437247,Random Forest,Inter-Sector
0,ESSA,0.9956557441904808,288.8136455810096,Basic Materials,242.00631531599663,24.992667697826484,-0.6110246714941686,-0.12726532854244293,Random Forest,Inter-Sector
0,ETWA,0.9959566364293673,52.93110994570305,Basic Materials,95.14801326500708,35.35105778270605,-0.09367679689843245,-0.13967517895809334,Random Forest,Inter-Sector
0,FASW,0.9994652428353545,3489.7696265650766,Basic Materials,1119.0085245281261,14.970013706061888,-2.6617266862146445,-0.023676240206041962,Random Forest,Inter-Sector
0,FPNI,0.9926922619122646,74.437319304639,Basic Materials,119.84362329396856,30.779108065693034,-0.09039852734235984,-0.08932320432934941,Random Forest,Inter-Sector
0,FWCT,0.9629447802157242,28.279281073116096,Basic Materials,32.72723018000927,24.064139838242113,-0.20977543446102384,-0.3856278379066332,Random Forest,Inter-Sector
0,GDST,0.9845509774329207,18.955244688169486,Basic Materials,45.35012219998579,27.31935072288301,0.01732269275594432,-0.02469249124988196,Random Forest,Inter-Sector
0,GGRP,0.9812263316104163,349.0125703974231,Basic Materials,99.17274169162505,23.612557545625013,-1.3132039288986421,-0.33569978886192103,Random Forest,Inter-Sector
0,HKMU,0.9983227890486068,24.39957694134155,Basic Materials,79.88587727252354,29.808163161389384,-0.4452894478387137,-0.6252798477630397,Random Forest,Inter-Sector
0,IFII,0.8692154270168788,55.96255095477646,Basic Materials,55.929407388955866,25.893244161553643,0.25879986186572124,0.2382835510922156,Random Forest,Inter-Sector
0,IFSH,0.9874039961419042,2172.2981850303345,Basic Materials,448.2413467000413,24.160710392799558,1.2778648376679416,0.10884557681346822,Random Forest,Inter-Sector
0,IGAR,0.9977589816464884,57.32059329960858,Basic Materials,119.82170789828052,22.334546127336314,-0.1422511947019702,-0.1053873001516095,Random Forest,Inter-Sector
0,INAI,0.9980246410516916,36.47260554974398,Basic Materials,74.45801151247093,36.438339114295836,0.07142019956119941,0.07587628301367076,Random Forest,Inter-Sector
0,INCF,0.9992137268505477,1325.5250543620261,Basic Materials,137.24937576849868,33.93412255365559,-17.690850884918742,-0.8501281357147825,Random Forest,Inter-Sector
0,INCI,0.9965015577153998,102.37043852962445,Basic Materials,108.06013620039914,27.163490439473904,0.5811550701257481,0.19911486412083262,Random Forest,Inter-Sector
0,INCO,0.9964717423531071,9802.716433533942,Basic Materials,917.5818748432339,22.755359744872273,-9.363468298279972,-0.25462216478163097,Random Forest,Inter-Sector
0,INKP,0.9979432694084436,33309.26089112011,Basic Materials,2343.87260928614,24.711083518306275,4.52206439575559,0.028387372224632147,Random Forest,Inter-Sector
0,INRU,0.9952399129599002,494.9759449943534,Basic Materials,220.58202532245446,30.027385804862845,1.0580930191522564,0.06234961417170223,Random Forest,Inter-Sector
0,INTD,0.9886314341307771,124.3868229676681,Basic Materials,192.97806268340952,32.9994986212369,0.017816140039520503,-0.1779122451234248,Random Forest,Inter-Sector
0,INTP,0.953091987641591,2643762.8198207673,Basic Materials,8402.247699761541,31.177171427686613,664.4320633073086,2.970321213121789,Random Forest,Inter-Sector
0,IPOL,0.9945224796672062,9.484947493621123,Basic Materials,37.89242438445419,25.602989448955533,-0.194694921000832,-0.18709814535793554,Random Forest,Inter-Sector
0,ISSP,0.9930971194759644,41.036850149317196,Basic Materials,52.59549933930387,23.08218214690761,-0.8081413560790616,-0.42376243486136345,Random Forest,Inter-Sector
0,JKSW,0.9912049480813436,36.18020086725104,Basic Materials,120.33332526878411,32.283535287242046,-0.15854563115440826,-0.5508183383714822,Random Forest,Inter-Sector
0,KAYU,0.9897608297021417,158.36672144282048,Basic Materials,151.17627558413903,31.390646924255194,0.02374239104804178,-0.3930253138859519,Random Forest,Inter-Sector
0,KBRI,0.9987361716461285,40.542072888829,Basic Materials,137.90695165945863,22.459453791869148,-0.37040987420017585,-0.5020714637874314,Random Forest,Inter-Sector
0,KDSI,0.9979180557021895,314.01416887665255,Basic Materials,309.79457758868534,56.44028688674029,0.20502210327852335,0.07099761343520702,Random Forest,Inter-Sector
0,KKES,0.9921772981461457,12.582193592807275,Basic Materials,27.88035032768302,23.627415531934762,-0.29263928942659134,-0.40962053505302165,Random Forest,Inter-Sector
0,KMTR,0.9691895930960474,253.08435603806683,Basic Materials,148.71883763511437,24.45465402087377,-0.8046004897397555,-0.23409097089256456,Random Forest,Inter-Sector
0,KRAS,0.9973383021980282,127.00945564108633,Basic Materials,121.3785078751124,19.312076829972135,-1.0733821494195877,-0.2727963050790079,Random Forest,Inter-Sector
0,LMSH,0.9965434263003233,273.22076557644675,Basic Materials,241.4954933577435,24.16546545170456,-0.03479016467917531,-0.06541227189700947,Random Forest,Inter-Sector
0,LTLS,0.9983565563113159,146.98585408054964,Basic Materials,189.21049358758205,21.535409668116976,-0.3594819702037209,-0.07778809650211477,Random Forest,Inter-Sector
0,MBMA,0.9619225069612085,472.17857889624935,Basic Materials,63.485038440820404,10.873826218939017,-3.353947001370875,-0.547499953935284,Random Forest,Inter-Sector
0,MDKA,0.9979482664447241,4178.9119130124345,Basic Materials,459.69299915957254,17.010449950137165,-4.512019220760555,-0.10571017864745495,Random Forest,Inter-Sector
0,MDKI,0.96067915030519,42.905710029581726,Basic Materials,55.661400310171075,18.804527131814552,-0.7160728367681719,-0.32349601902605274,Random Forest,Inter-Sector
0,MOLI,0.993528898545276,548.6148057348868,Basic Materials,196.78365520206864,23.07346770975353,3.948519598451675,0.2780351782392787,Random Forest,Inter-Sector
0,NCKL,0.9158625877544468,1099.8993824669624,Basic Materials,98.17831040834199,9.213495674742846,-2.32191611463169,-0.2732914938254987,Random Forest,Inter-Sector
0,NICE,0.9147266548272444,3947.073165520669,Basic Materials,208.75516516815844,19.769174646449965,0.2937090543780407,-0.282257605716086,Random Forest,Inter-Sector
0,NICL,0.9892067846743626,72.51611882002999,Basic Materials,58.59549933930387,23.8144392244405,-0.9608092913364564,-0.6675458812641176,Random Forest,Inter-Sector
0,NIKL,0.9958818913683138,6508.843847103808,Basic Materials,1050.623052516662,24.026461416071307,-4.276945187361242,-0.3641619000435324,Random Forest,Inter-Sector
0,NPGF,0.9775037951927741,22.377470565800532,Basic Materials,31.68268038947646,27.07921400809954,-0.33402283113705045,-0.47394190350586235,Random Forest,Inter-Sector
0,OBMD,0.979751435449601,103.45142769524608,Basic Materials,69.8501959280868,26.13468458191624,0.9690000790201718,0.5747136449319994,Random Forest,Inter-Sector
0,OKAS,0.9728882800580206,565000.1858793383,Basic Materials,4552.247699761541,32.182234253550604,131.80821631335513,0.5514920852340647,Random Forest,Inter-Sector
0,OPMS,0.9918875668236611,193.39993392536815,Basic Materials,100.86175927023965,25.061342439629144,0.09393842338440953,-0.5086163007736204,Random Forest,Inter-Sector
0,PACK,0.9874807621842515,64.1511956755371,Basic Materials,19.885877272523544,13.296165549627698,-0.45242272218984425,-0.3899758949679863,Random Forest,Inter-Sector
0,PBID,0.9949174052099813,518.3286419490685,Basic Materials,170.30158215735503,15.962482622411803,-2.7481387182847317,-0.20673804279955593,Random Forest,Inter-Sector
0,PDPP,0.9949602208900542,56.6310799369672,Basic Materials,42.007967460025554,12.468637461027294,0.1391907634746095,-0.024224174763011908,Random Forest,Inter-Sector
0,PICO,0.99297063793404,1494.3721132734572,Basic Materials,906.2145514379599,37.183782086641216,0.48414541704051445,0.27766812967341076,Random Forest,Inter-Sector
0,PPRI,-0.3205237439112085,88.73653550933112,Basic Materials,83.35856941900377,80.15247059519594,0.18611177738996518,0.22032287236138187,Random Forest,Inter-Sector
0,PSAB,0.9918175579116807,75.16620316348224,Basic Materials,49.661400310171075,18.520207067369153,-4.872255673478701,-57.8417791015735,Random Forest,Inter-Sector
0,PURE,0.9896402637263857,215.15986932368523,Basic Materials,95.04979623311499,30.374193547428302,0.29944545775337617,0.47010920457192024,Random Forest,Inter-Sector
0,SAMF,0.982904275208459,1214.1165459264903,Basic Materials,429.40557504785716,23.289929866730457,-0.2741335970470548,-0.23588931228873317,Random Forest,Inter-Sector
0,SBMA,0.9830114434671696,156.50033894916112,Basic Materials,70.0513285602147,19.868258105685257,-0.70093286127741,-0.44001428464716175,Random Forest,Inter-Sector
0,SIMA,0.9920340613402213,93.90922730193084,Basic Materials,109.50526413732945,34.761963873982744,0.41826143506424346,0.09242579780426749,Random Forest,Inter-Sector
0,SMBR,0.9974894485160376,2623.383631804904,Basic Materials,516.1974537547508,20.451299294680343,-3.0271763204629387,-0.3807259869826947,Random Forest,Inter-Sector
0,SMCB,0.9986394990412811,855.3149797302093,Basic Materials,279.82414817533254,19.890789609235245,-1.6531713873734082,-0.11906144361085746,Random Forest,Inter-Sector
0,SMGA,0.6773412934950207,22.267807243875374,Basic Materials,21.14520737917121,25.476153468880973,-0.17633303598078953,-0.12577598454369596,Random Forest,Inter-Sector
0,SMGR,0.9974733288779652,36953.41416456685,Basic Materials,2000.8465998212766,83.53263849341973,-4.192053004620729,-0.0668578761372775,Random Forest,Inter-Sector
0,SMKL,0.9845094057858323,106.81441365556655,Basic Materials,93.52901198297786,19.566738908572777,-0.7662893122136728,-0.2565451768503324,Random Forest,Inter-Sector
0,SMLE,0.8421211040925776,383.95260556132115,Basic Materials,38.62499489468942,19.32418476453647,-2.392443361364525,-1.943658400145297,Random Forest,Inter-Sector
0,SOLA,,6723.484347486674,Basic Materials,-81.99685571707414,-43.38457974448367,-81.99685571707414,-43.38457974448367,Random Forest,Inter-Sector
0,SPMA,0.9970119213234939,44.91408044701403,Basic Materials,90.97527651412315,24.961820751626675,-0.18018158213978874,-0.029435312048350905,Random Forest,Inter-Sector
0,SQMI,0.9987616231796884,161.91576430447927,Basic Materials,137.52809835715152,32.30375169403236,-0.039085071114618807,-0.16232163230219737,Random Forest,Inter-Sector
0,SRSN,0.9940049967849194,52.00011956577057,Basic Materials,104.68663327737286,31.723222205264506,0.4465599209148158,-0.0027063606821222178,Random Forest,Inter-Sector
0,SULI,0.9987523014113793,316.1974068965149,Basic Materials,395.4023896017916,26.040031926105794,0.5349750707000025,-0.03157468477985414,Random Forest,Inter-Sector
0,SWAT,0.9739697497036968,51.51833736212025,Basic Materials,114.50526413732945,29.128844715756983,-0.23074989173396512,-0.5380695504250099,Random Forest,Inter-Sector
0,TALF,0.9529882096755244,256.8931702496469,Basic Materials,80.17174737203766,21.923616084916276,-1.2317514814552026,-0.4120293081492284,Random Forest,Inter-Sector
0,TBMS,0.9973549922996348,188.63203263696846,Basic Materials,278.178310408342,21.521565501122623,0.5047208916947481,0.0497143627309342,Random Forest,Inter-Sector
0,TDPM,0.9961557740923586,29.28291968609831,Basic Materials,56.483428997087856,24.992667697826484,-0.3350814286098245,-0.1598229740927657,Random Forest,Inter-Sector
0,TINS,0.9978960449810916,721.9570255385214,Basic Materials,220.26911256811127,20.172879104718568,-1.8989545274684911,-0.15218156173553357,Random Forest,Inter-Sector
0,TIRT,0.9817981365243048,79.52878718268136,Basic Materials,229.8540432006365,32.95245046491907,-0.05045426717526013,-0.15388143622386055,Random Forest,Inter-Sector
0,TKIM,0.9978841127255715,28641.773904580066,Basic Materials,2736.201557221155,38.14936414577047,-4.56600123222569,-0.07828882528521829,Random Forest,Inter-Sector
0,TPIA,0.99781052869737,2282.328767841952,Basic Materials,838.4655352397872,19.66900159163577,1.4745669517674855,0.08554343958870526,Random Forest,Inter-Sector
0,TRST,0.9981536403029102,46.93619736264251,Basic Materials,109.14452153920047,28.97020720802081,0.4129277268038008,0.09072242573548257,Random Forest,Inter-Sector
0,UNIC,0.99857505732665,10287.628374060143,Basic Materials,1257.581874843234,31.640162501554403,4.517511499598356,0.09140656332137059,Random Forest,Inter-Sector
0,WSBP,0.9987866152653792,33.46263916081082,Basic Materials,26.59442066428585,14.93846029756783,-1.006355694388374,-0.6001489592549298,Random Forest,Inter-Sector
0,WTON,0.9985230022476237,168.26624221802797,Basic Materials,103.75516516815844,17.76175107068033,-1.655800802258494,-0.4054913556760278,Random Forest,Inter-Sector
0,YPAS,0.9757248526603821,912.5244680518331,Basic Materials,266.7890259557196,35.865797692950025,-0.9976816932421646,-0.194731041370459,Random Forest,Inter-Sector
0,ZINC,0.9974090657820677,72.29858848462764,Basic Materials,62.67403710562479,19.44893359923188,-0.5538489101540821,-2.0357882297101844,Random Forest,Inter-Sector
0,ABBA,0.995945089666912,24.766147258121343,Consumer Cyclicals,83.22402225889346,29.32010232968433,-0.2926498223791078,-0.45091681131844646,Random Forest,Inter-Sector
0,ACES,0.9979850554820835,514.6293876063035,Consumer Cyclicals,186.21900529922164,13.66356812451624,-1.3312374680858319,-0.1515459696296372,Random Forest,Inter-Sector
0,ACRO,0.7162694878145468,47.85496435080291,Consumer Cyclicals,24.81892703154226,20.015263735114726,1.1460377121514211,1.1986535066670676,Random Forest,Inter-Sector
0,AEGS,0.9350597836390072,24.445149942683827,Consumer Cyclicals,13.018632474583171,14.306189532508979,-0.27668679396123114,-0.5123205773359157,Random Forest,Inter-Sector
0,AKKU,0.9873165120498973,7.820277355237546,Consumer Cyclicals,59.860806154345795,35.19885674402381,-0.5963450887160555,-3.427800081177353,Random Forest,Inter-Sector
0,ARGO,0.9992321015254867,27.34669617823954,Consumer Cyclicals,128.14020737301382,13.142585371591162,3.127238565014921,0.32077178146934854,Random Forest,Inter-Sector
0,ARTA,0.9982858201856887,621.6978495758136,Consumer Cyclicals,439.0215339684596,24.89418759692846,1.0669256788173134,0.061469908071201465,Random Forest,Inter-Sector
0,ASLC,0.9891873409870471,32.04395530876562,Consumer Cyclicals,24.361206505888276,13.296165549627698,-1.1004138252195,-0.7929118416118298,Random Forest,Inter-Sector
0,AUTO,0.9990818636757125,1322.171238012209,Consumer Cyclicals,444.5652477313279,22.931431102551638,-1.2215126939969292,0.00601439033404095,Random Forest,Inter-Sector
0,BABY,0.9567468765442354,110.16982737681795,Consumer Cyclicals,55.66209345511024,24.6292448916417,0.0746994645663347,0.04701408153616975,Random Forest,Inter-Sector
0,BAIK,0.22721541637576537,389.8674373008226,Consumer Cyclicals,19.645210889020774,21.82801209891197,-2.153717394004549,-0.59996822871901,Random Forest,Inter-Sector
0,BATA,0.9995840767481267,70.29939238777209,Consumer Cyclicals,73.75516516815844,25.430738400735365,0.019642448678984837,-0.008255859552961268,Random Forest,Inter-Sector
0,BAUT,0.9784007310564075,11.571202221455541,Consumer Cyclicals,52.383755285448416,21.468752166167384,-0.41779179207677697,-1.0226738784779796,Random Forest,Inter-Sector
0,BAYU,0.9966949887119007,1261.7732846723743,Consumer Cyclicals,659.0081757583262,34.73146074733239,1.9069636323167116,0.15967889018631246,Random Forest,Inter-Sector
0,BELL,0.993670161666328,37.466107995844396,Consumer Cyclicals,66.73107489094838,25.834664592004042,0.013273246512524001,-0.055614174074191725,Random Forest,Inter-Sector
0,BIKE,0.9866055472100279,158.39787767140635,Consumer Cyclicals,45.162346562381686,11.702250073823418,-0.3937066863762421,-0.2737463650491426,Random Forest,Inter-Sector
0,BIMA,0.9972533915923995,110.89601215891896,Consumer Cyclicals,189.0787571877703,29.776699733786916,1.7990633877972702,0.018056703714994064,Random Forest,Inter-Sector
0,BLTZ,0.9919784544406045,10175.49187670029,Consumer Cyclicals,801.7920530372671,22.60368374066997,-0.441375086327972,-0.01479182086683935,Random Forest,Inter-Sector
0,BMBL,0.9653824884470943,20.132338777857587,Consumer Cyclicals,10.145207379171211,14.09056580440446,-1.3708946485125544,-16.04981742610076,Random Forest,Inter-Sector
0,BMTR,0.9987103491240517,509.77936885631283,Consumer Cyclicals,285.21430928142786,19.092950160429144,-1.0990702624333974,-0.2565348038549921,Random Forest,Inter-Sector
0,BOGA,0.9977846556474684,303.1804183947511,Consumer Cyclicals,220.2280645105675,25.56948729632999,1.4802283972024075,0.1527593987305772,Random Forest,Inter-Sector
0,BOLA,0.9933535057083449,205.43469693831716,Consumer Cyclicals,146.2674854396879,21.30670391165366,-1.5001671069789206,-0.5970430397101484,Random Forest,Inter-Sector
0,BOLT,0.9580674684730819,774.6670509733755,Consumer Cyclicals,245.24355191372513,24.039563164063562,1.2031766765591745,0.11962642931639014,Random Forest,Inter-Sector
0,BRAM,0.9947942860119375,53860.350436161054,Consumer Cyclicals,4410.339933546189,38.03277156732902,0.4639065130103472,0.039567727943036514,Random Forest,Inter-Sector
0,BUVA,0.9970331584503963,27.762050712617143,Consumer Cyclicals,53.661400310171075,19.31639846484268,-0.07296892664614579,-0.13266504546935487,Random Forest,Inter-Sector
0,CARS,0.9969467029341921,18.275506086757108,Consumer Cyclicals,44.15881296603686,22.645545110788134,-0.32858566837091424,-0.3931789677813824,Random Forest,Inter-Sector
0,CBMF,0.9917251110169876,178.47376298780551,Consumer Cyclicals,110.87298583203858,29.962099407099256,-2.7871193892629136,-1.0044019075508244,Random Forest,Inter-Sector
0,CINT,0.9896494715706696,36.3783365054747,Consumer Cyclicals,56.786315573148755,23.817582306079224,-0.21953331096891432,-0.13184794900432154,Random Forest,Inter-Sector
0,CLAY,0.9975905382482446,4279.908962699046,Consumer Cyclicals,534.4958907892792,23.15014521595637,-2.794874261798041,-0.11554351379155538,Random Forest,Inter-Sector
0,CNMA,0.9235976368002177,47.70101027527614,Consumer Cyclicals,27.726085071713356,12.268179235271397,-0.7049627168220313,-0.2923656305492722,Random Forest,Inter-Sector
0,CNTX,0.9950395528941377,233.6653933076809,Consumer Cyclicals,186.50018278829828,25.805093063429887,-0.0716249901979661,0.0033415459786783255,Random Forest,Inter-Sector
0,CSAP,0.9965765429680163,134.50162783615892,Consumer Cyclicals,106.96442901703688,26.250954836322716,0.5488810244727753,0.07639725409601317,Random Forest,Inter-Sector
0,CSMI,0.995394047892924,6418.155814325103,Consumer Cyclicals,670.3539523382524,23.109266826123083,-20.908406532476125,-1.6066288213739386,Random Forest,Inter-Sector
0,DEPO,0.9634039537487084,82.72490807885406,Consumer Cyclicals,49.21954107569758,11.718938351356565,0.41177110721927423,0.12338822582238286,Random Forest,Inter-Sector
0,DFAM,0.9957752043496746,506.711901561961,Consumer Cyclicals,186.29189238372976,29.86987403100045,0.25641472766456774,-0.11424927442625621,Random Forest,Inter-Sector
0,DIGI,0.9941954818169451,160.7319268327008,Consumer Cyclicals,136.87426715246863,25.462563119528014,0.4176263027529891,-2.9110670329390356,Random Forest,Inter-Sector
0,DOOH,0.9886990533944323,27.912968977565384,Consumer Cyclicals,20.407702659952776,16.942040198046126,-0.9519209140302943,-1.2758425326801222,Random Forest,Inter-Sector
0,DRMA,0.9903027615135364,1250.8801753687446,Consumer Cyclicals,186.83106979267018,12.949009077423856,-1.4142076744189611,-0.2146647069681849,Random Forest,Inter-Sector
0,DUCK,0.9980135301657495,625.8456069944174,Consumer Cyclicals,221.45910333740744,24.6292448916417,0.26927211011955854,-0.0282661285952142,Random Forest,Inter-Sector
0,EAST,0.9752993771776568,26.836746687333626,Consumer Cyclicals,105.35856941900377,83.61791223730458,0.0027880881066467927,0.0777774008150977,Random Forest,Inter-Sector
0,ECII,0.9973244884685879,1232.8654202755856,Consumer Cyclicals,310.7780006072203,23.086933669697153,5.621219603874557,0.5523243671036955,Random Forest,Inter-Sector
0,ENAK,0.9848126390801655,1676.0906900322316,Consumer Cyclicals,160.65599585553286,11.003835332570745,-1.082023850282274,-0.07100512767553277,Random Forest,Inter-Sector
0,ERAA,0.99616859151639,103.68963799015482,Consumer Cyclicals,70.19931058568721,18.87317414954773,-1.2368427860410538,-0.36132208285156103,Random Forest,Inter-Sector
0,ERAL,0.9395816762063606,66.88465222370816,Consumer Cyclicals,36.32247415888429,10.089576155245636,-0.8684841768756112,-0.3170287412291808,Random Forest,Inter-Sector
0,ERTX,0.9925962088920729,51.23877367773232,Consumer Cyclicals,89.016617005498,29.4734163077764,-1.2520402418172463,-11.487029608847333,Random Forest,Inter-Sector
0,ESTA,0.9857172218687232,83.52959766183179,Consumer Cyclicals,92.65958771300268,25.849882134776543,0.2823563676312621,-0.3899811189021837,Random Forest,Inter-Sector
0,ESTI,0.9983722916179462,9.258040739736892,Consumer Cyclicals,37.89242438445419,26.43267214583318,-0.056384610406213724,-0.22878123025214162,Random Forest,Inter-Sector
0,FAST,0.998946797740292,209.50361710293095,Consumer Cyclicals,179.78010919893518,20.274780053587012,-0.34024081938388273,-0.18328262724724823,Random Forest,Inter-Sector
0,FILM,0.9966092247930605,6130.993647072032,Consumer Cyclicals,537.3322658327529,28.197553842359195,-1.345445743865199,-0.1758432167763459,Random Forest,Inter-Sector
0,FITT,0.9968731380802944,139.46245724949995,Consumer Cyclicals,93.22355869502582,32.59344681872933,-0.06056993070023384,-0.11979303546223241,Random Forest,Inter-Sector
0,FORU,0.9939511191055322,300.0072618603556,Consumer Cyclicals,397.70210868981655,34.15991610886965,0.500905699772493,-0.10679677091889936,Random Forest,Inter-Sector
0,FUTR,0.9812071008483061,10.72750217739858,Consumer Cyclicals,19.846953816936804,16.402441171022154,-0.4378410870104584,-0.6797260403273054,Random Forest,Inter-Sector
0,GDYR,0.9968638357078199,1039.1453896980527,Consumer Cyclicals,560.104468792746,22.985554056962158,1.311303540445576,0.07924106057053902,Random Forest,Inter-Sector
0,GEMA,0.9978150066638259,35.063021575556434,Consumer Cyclicals,86.49066799339931,44.56633926067663,0.49175150432999293,-0.47701335883043794,Random Forest,Inter-Sector
0,GJTL,0.9986865756632458,712.8693891662504,Consumer Cyclicals,258.3359794685298,21.284835021717683,-1.3581794344793645,-0.09748566430931742,Random Forest,Inter-Sector
0,GLOB,0.9963773854577515,630.5483977439302,Consumer Cyclicals,177.38872497487546,27.746385256150795,2.324553076466397,-0.030882225226767136,Random Forest,Inter-Sector
0,GRPH,0.46443106859655614,54.31980607728583,Consumer Cyclicals,7.8803503276830185,8.041173803758182,-3.271101064248151,-5.507706252535416,Random Forest,Inter-Sector
0,GWSA,0.9862480775304522,23.23794007184785,Consumer Cyclicals,114.35856941900377,84.71005142148428,-0.3328209988537236,-0.24265668230750337,Random Forest,Inter-Sector
0,HAJJ,0.9783117800264314,115.74109004618461,Consumer Cyclicals,31.461918373285442,16.55890440699234,-1.2836508549167238,-0.45559731058490394,Random Forest,Inter-Sector
0,HDTX,0.9980961184716122,71.45558490175337,Consumer Cyclicals,134.80539003825317,33.70134750956329,-0.27621915244140377,-0.15523755316472612,Random Forest,Inter-Sector
0,HOME,0.9956943631285747,44.60108415637082,Consumer Cyclicals,63.68663327737286,25.948888848455198,-0.3448699960181796,-0.35673472871223055,Random Forest,Inter-Sector
0,HOTL,0.9923724073684206,18.507301721230302,Consumer Cyclicals,40.8692300146859,26.198224368388395,0.16403969243812497,-0.07089923514988765,Random Forest,Inter-Sector
0,HRME,0.9974711526982961,260.075172836032,Consumer Cyclicals,131.5787571877703,24.94677290849149,-0.016545367943980437,-0.09445733458993279,Random Forest,Inter-Sector
0,HRTA,0.9837788653763759,77.90606200441316,Consumer Cyclicals,75.10973361090578,20.863814891918274,-0.8951403195813851,-0.39619206002825924,Random Forest,Inter-Sector
0,IDEA,0.9788149705423944,28.334037482528732,Consumer Cyclicals,23.59127931128674,16.97214338941492,-0.3692626175690654,-0.384341046484354,Random Forest,Inter-Sector
0,IIKP,0.9943378703591409,50.40603603617852,Consumer Cyclicals,89.66140031017108,27.17012130611245,-1.287612258308261,-20.72620650584622,Random Forest,Inter-Sector
0,IMAS,0.9991240476828934,2878.451035715279,Consumer Cyclicals,490.9521128630315,20.301081647985225,-2.316312523350564,-0.12153490435774558,Random Forest,Inter-Sector
0,INDR,0.9970248485128974,11067.828375820076,Consumer Cyclicals,2029.7678437353388,25.256745254230236,-2.6719383131071317,-0.04481040225667453,Random Forest,Inter-Sector
0,INDS,0.9991224444780956,1110.4006346951094,Consumer Cyclicals,429.3098153534172,26.367212159082964,-1.0071170165077918,-0.03701231995952343,Random Forest,Inter-Sector
0,INOV,0.9848023406502208,105.93883828756303,Consumer Cyclicals,51.36052199323882,18.475339092951504,-2.131725415063004,-1.1300271073935433,Random Forest,Inter-Sector
0,IPTV,0.9972320953878998,59.439390283455,Consumer Cyclicals,92.46911857984747,19.500104527134646,-1.2020288982748397,-0.7539930451298171,Random Forest,Inter-Sector
0,ISAP,0.9322958401840592,50.54368167451693,Consumer Cyclicals,14.803430726988992,16.245042782188285,-4.466294867566128,-43.51478660074367,Random Forest,Inter-Sector
0,JGLE,0.9939334905859455,34.26484899959152,Consumer Cyclicals,74.44960325070491,25.38262938525846,-0.49586490758393964,-1.97183911330696,Random Forest,Inter-Sector
0,JIHD,0.9963364472478693,484.21183833747295,Consumer Cyclicals,359.5722499269523,24.537986520795226,0.1000272678374933,-0.05309629800063656,Random Forest,Inter-Sector
0,JSPT,0.9985988204432755,368.7473185790935,Consumer Cyclicals,494.5722499269523,27.179508537093195,-0.6373379695261269,-0.041491197644531866,Random Forest,Inter-Sector
0,KDTN,0.8580308947066635,41.21528647744337,Consumer Cyclicals,35.346975725016904,20.792338661774647,-1.6931526853906802,-1.4858157043626412,Random Forest,Inter-Sector
0,KICI,0.9881920577965413,54.950004063659875,Consumer Cyclicals,87.95606177055441,26.89001141160868,-0.24211571489486988,-0.14338871176834336,Random Forest,Inter-Sector
0,KLIN,0.9823220007559859,3.014738480435863,Consumer Cyclicals,6.748822986796171,13.212624850057217,-0.2685071454745298,-1.3659278723391832,Random Forest,Inter-Sector
0,KOTA,0.9961714655095901,249.2498244588708,Consumer Cyclicals,174.7258824806014,25.88531592305206,-0.23919948072301117,-2.7138108854323564,Random Forest,Inter-Sector
0,KPIG,0.981538580237111,49.73778390183772,Consumer Cyclicals,37.11338140069955,24.73602442585257,-3.365200289361143,-47.75800709678333,Random Forest,Inter-Sector
0,LFLO,0.9724970674488082,15.804957358287252,Consumer Cyclicals,16.361988701055495,15.010998808307793,-0.4598823158007368,-0.7855695293423625,Random Forest,Inter-Sector
0,LIVE,0.37914840254202453,50.4410246832694,Consumer Cyclicals,18.367362417259415,9.323534221959093,-0.07592436041545574,-0.12507503373327875,Random Forest,Inter-Sector
0,LMAX,0.9816564841077327,119.37130743429235,Consumer Cyclicals,47.17674772230151,15.467658009001594,-0.05354280934334394,-0.7546425572276053,Random Forest,Inter-Sector
0,LMPI,0.9869646321493262,66.15589841827556,Consumer Cyclicals,90.04979623311499,42.41991861617394,-0.023810122614994062,-0.046033179403019896,Random Forest,Inter-Sector
0,LPIN,0.9948722187449454,130.51317059860645,Consumer Cyclicals,197.70210868981655,30.559405010265966,-0.2191902084767892,-0.2337403708784327,Random Forest,Inter-Sector
0,LPPF,0.638375899779394,26358578.587289248,Consumer Cyclicals,61452.247699761545,76.81530962470194,461.37726437470724,0.5399473720711936,Random Forest,Inter-Sector
0,LUCY,0.9933090868651308,19.043075615182943,Consumer Cyclicals,19.84298058702589,12.517108854133005,-0.1275034745444756,-0.15961921655193131,Random Forest,Inter-Sector
0,MABA,0.9951106107330654,466.75083544283234,Consumer Cyclicals,273.9798370269441,27.4655255769388,-0.4326450472788702,-0.528335108631338,Random Forest,Inter-Sector
0,MAMI,0.9888502785661679,7.4241485674009455,Consumer Cyclicals,33.59191575800914,31.847261239596904,-0.271449129626588,-1.3332688146103817,Random Forest,Inter-Sector
0,MAPA,0.9958727939821516,203.90905389978587,Consumer Cyclicals,91.58380518901038,27.52150589240386,0.2916236510710031,-0.023375070132986255,Random Forest,Inter-Sector
0,MAPB,0.9772964324780027,2028.9953737629962,Consumer Cyclicals,385.01107948920435,20.429231140508378,0.29497966436680867,0.008478867254079134,Random Forest,Inter-Sector
0,MAPI,0.9983218280855636,340.9316477124597,Consumer Cyclicals,134.11181924537664,21.635087241463495,-0.8189205166145022,-0.09680180638292293,Random Forest,Inter-Sector
0,MARI,0.9957619507316391,52.49694500474945,Consumer Cyclicals,64.25357381516713,25.405066672353133,-0.3556253113071412,-0.24328424006951713,Random Forest,Inter-Sector
0,MASA,0.9973024508749484,4281.590014075632,Consumer Cyclicals,967.7299252372077,25.262505498954102,0.2676229080454323,0.1080252706526725,Random Forest,Inter-Sector
0,MDIA,0.9972139540931542,32.81998038631296,Consumer Cyclicals,58.50314428292586,26.34930633472841,-0.23836955590444028,-0.9890910552278911,Random Forest,Inter-Sector
0,MEJA,0.9438943631682366,35.87220697044952,Consumer Cyclicals,13.030795875308513,8.80565232533212,0.34236033571965047,0.15336681667201035,Random Forest,Inter-Sector
0,MGLV,0.9857237784100064,51.47310252526231,Consumer Cyclicals,28.815246677353315,14.406409952493823,-0.8893190106065244,-0.754645182454959,Random Forest,Inter-Sector
0,MGNA,0.9658638064420411,12.57106141266164,Consumer Cyclicals,35.975165699377925,25.73203092817445,-0.701695339387254,-5.696672195513635,Random Forest,Inter-Sector
0,MICE,0.9970585999860071,95.75642913536633,Consumer Cyclicals,149.7258824806014,23.034751150861755,-0.060906707491331674,-0.041386050617407716,Random Forest,Inter-Sector
0,MINA,0.9947457652685748,1113.410338322811,Consumer Cyclicals,307.6387388622236,24.94677290849149,0.4321996039569828,-0.5072304806898442,Random Forest,Inter-Sector
0,MKNT,0.9917255048677195,51.210545614157276,Consumer Cyclicals,54.840326124660095,26.127493040627687,-2.1319301755043187,-74.75896771637389,Random Forest,Inter-Sector
0,MNCN,0.9978686705321022,1426.5625427230634,Consumer Cyclicals,332.01093717695585,22.894257200405978,-1.1014768129868868,-0.11531142658907494,Random Forest,Inter-Sector
0,MPMX,0.9934867633745192,409.7481196802235,Consumer Cyclicals,140.04143797561153,19.816937574324843,-1.1094061623229137,-0.17237003201492818,Random Forest,Inter-Sector
0,MSIN,0.9983752901487257,6663.939058853122,Consumer Cyclicals,890.2060607154917,24.56850449259693,-4.216148583573551,-0.14960023740987044,Random Forest,Inter-Sector
0,MSKY,0.997387698720056,1136.9133799744154,Consumer Cyclicals,324.92482461811096,29.754829039539448,-0.3745427538260017,-0.19582816259936842,Random Forest,Inter-Sector
0,MYTX,0.9944870806341863,20.516906352277392,Consumer Cyclicals,58.0595061871137,54.473144317502474,-0.09353779650322316,-0.2503792428723039,Random Forest,Inter-Sector
0,NATO,0.9934279055079499,311.0209125531384,Consumer Cyclicals,205.6180871539999,21.51514893519698,0.2732028951303737,-0.03679447005188896,Random Forest,Inter-Sector
0,NETV,0.9756410456826312,372.8347247187769,Consumer Cyclicals,130.91198006116497,19.686012039272928,-1.2158868015899755,0.052045632207119545,Random Forest,Inter-Sector
0,NIPS,0.9979199842739492,56.358061973694376,Consumer Cyclicals,88.97822438469234,31.304891197999616,-0.6791700674425256,-0.59079775336808,Random Forest,Inter-Sector
0,NUSA,0.971533155943571,79.7897955449412,Consumer Cyclicals,75.58097707393671,25.350376162887976,-0.5160530313066266,-0.7027428999445574,Random Forest,Inter-Sector
0,OLIV,0.9484328677375135,40.390142796000525,Consumer Cyclicals,8.727230180009272,13.293607770753235,-3.520022592160702,-41.33061214882497,Random Forest,Inter-Sector
0,PANR,0.9969068190199558,92.92553010004579,Consumer Cyclicals,140.87830253423806,26.330826433870808,0.4266939117862052,0.10187702260317504,Random Forest,Inter-Sector
0,PBRX,0.9982549135747509,33.56760762297924,Consumer Cyclicals,97.99983992689408,25.224030703444694,-0.1045776735507751,-0.41268867937600495,Random Forest,Inter-Sector
0,PDES,0.9941842237489003,958.5137751579316,Consumer Cyclicals,536.7190962021973,89.07860815820305,2.062152020495368,0.20654036697596279,Random Forest,Inter-Sector
0,PGLI,0.9951310771741526,59.30057034737317,Consumer Cyclicals,75.59961479543833,59.69394303132176,-0.24563332141382427,-0.23205000151510471,Random Forest,Inter-Sector
0,PJAA,0.9964459160194706,913.3055284975454,Consumer Cyclicals,422.2233871329595,21.651992426162423,1.7601948674165675,0.10034919617291249,Random Forest,Inter-Sector
0,PLAN,0.9948964846584997,11.103701182272427,Consumer Cyclicals,23.661400310171075,15.94824324706971,-0.14731485881069592,-0.3808009513123661,Random Forest,Inter-Sector
0,PMJS,0.9392695125785476,22.637319023516334,Consumer Cyclicals,41.76577325580081,24.86057931892905,-0.0536859375056575,-0.035208320675229596,Random Forest,Inter-Sector
0,PNSE,0.995371087886722,440.3807919869619,Consumer Cyclicals,302.00631531599663,26.87716762503604,0.5808631866249697,-0.04668146969669566,Random Forest,Inter-Sector
0,POLU,0.9893667613374173,4129.104187688114,Consumer Cyclicals,559.9240115145094,23.77906549923929,2.1087468900220907,-0.2750313254480479,Random Forest,Inter-Sector
0,POLY,0.9966624511695256,540.3851680100697,Consumer Cyclicals,442.6387388622236,28.532268925800196,0.42623435345429533,-0.22635198985554217,Random Forest,Inter-Sector
0,PRAS,0.9912849308967464,34.084590723087516,Consumer Cyclicals,64.48257301493925,49.7143378486893,0.05584591914291408,0.07783271726658451,Random Forest,Inter-Sector
0,PSKT,0.9965611438641198,4.037053479405641,Consumer Cyclicals,24.780583209877136,19.188822228382563,-0.36055737555224127,-0.5346934902574928,Random Forest,Inter-Sector
0,PTSP,0.9990442885700304,8199.594076486183,Consumer Cyclicals,1292.3487345030308,22.43142727943943,0.7060455189516782,-0.04949595774066006,Random Forest,Inter-Sector
0,PZZA,0.9955870352617432,317.5777997682298,Consumer Cyclicals,104.6891163045558,12.102788012087375,-1.4387909597508097,-0.2571459255392381,Random Forest,Inter-Sector
0,RAAM,0.9019586918494027,1052.480328521907,Consumer Cyclicals,143.01067651412313,19.153757080827667,-2.283657555965254,-0.4473879309125056,Random Forest,Inter-Sector
0,RAFI,0.9879851657896398,36.4923543453375,Consumer Cyclicals,59.35288165613619,22.653771624479464,-0.40071657735078076,-0.3947785457181985,Random Forest,Inter-Sector
0,RALS,0.9947163233392368,435.8326889113468,Consumer Cyclicals,265.44582365103815,17.696388243402545,-0.647362194058938,-0.11567842132170138,Random Forest,Inter-Sector
0,RICY,0.9981245363618854,39.1545524667788,Consumer Cyclicals,130.0513285602147,28.3069333537535,0.5086267565883771,0.09180467163789922,Random Forest,Inter-Sector
0,SBAT,0.9803728421582596,47.99602203063871,Consumer Cyclicals,43.35146772201654,22.78393421140214,-1.534915249688164,-76.40090611632321,Random Forest,Inter-Sector
0,SCMA,0.9986012271846855,70.78434854118075,Consumer Cyclicals,129.98522783440978,19.56674813332386,-0.39701441731790876,-0.3421244020031275,Random Forest,Inter-Sector
0,SCNP,0.9676066622904305,92.36937575159286,Consumer Cyclicals,88.19729255467928,19.599398345484285,0.11091083080097319,-0.03182177084193792,Random Forest,Inter-Sector
0,SHID,0.9975287311027241,3111.0692042492265,Consumer Cyclicals,1291.6510187270292,32.283535287242046,2.095717604858692,0.19523945575646606,Random Forest,Inter-Sector
0,SLIS,0.9971343036377623,27626.638522139325,Consumer Cyclicals,2294.7805621238513,21.52294545924453,1.8624874395095459,-0.5335767769741241,Random Forest,Inter-Sector
0,SMSM,0.998860283101406,415.69940724542175,Consumer Cyclicals,204.27263225541083,13.618175483694056,-0.5521056040862109,-0.12882054361471157,Random Forest,Inter-Sector
0,SNLK,0.9834440710538984,1572.2330469860883,Consumer Cyclicals,191.5179663571514,24.890109753547407,3.2285137085921645,0.2577725137242747,Random Forest,Inter-Sector
0,SOFA,0.9945008128251475,12.286498069811666,Consumer Cyclicals,27.850195928086805,18.448848275880554,-0.2545283740107566,-0.7478755115501357,Random Forest,Inter-Sector
0,SONA,0.9985562343729282,1240.6873696641383,Consumer Cyclicals,757.604468792746,31.37873934354828,2.6062827315306705,0.12594739388111534,Random Forest,Inter-Sector
0,SOTS,0.9534803217690256,344.65611092731825,Consumer Cyclicals,81.94599159255552,28.716437062692208,-2.826165634405392,-1.181776046404321,Random Forest,Inter-Sector
0,SRIL,0.995257697074393,32.41322816950784,Consumer Cyclicals,40.75355915078049,13.814765813823895,-1.0556354539410076,-0.4507133511354301,Random Forest,Inter-Sector
0,SSTM,0.9955062260379078,180.29749463178553,Consumer Cyclicals,188.73107489094838,37.74621497818968,0.9067478111553665,0.24985515631314884,Random Forest,Inter-Sector
0,SWID,0.9586074443330106,28.307293584344723,Consumer Cyclicals,53.03079587530851,27.910945197530797,-0.06378529832752647,-0.015041465487933493,Random Forest,Inter-Sector
0,TELE,0.9983291028809986,214.27924253723526,Consumer Cyclicals,155.049796233115,28.11103673772699,-0.5751504717621296,-1.8870103005694847,Random Forest,Inter-Sector
0,TFCO,0.9908465455318368,487.51940695496785,Consumer Cyclicals,240.16234656238169,39.14700698402637,0.09160900541627386,-0.012044671772983956,Random Forest,Inter-Sector
0,TMPO,0.9912314654850521,31.614118581917698,Consumer Cyclicals,68.86552613534354,40.55525740296555,-0.06936282399996753,-0.08260754854225792,Random Forest,Inter-Sector
0,TOOL,0.9751491035835848,7.8178782221294325,Consumer Cyclicals,21.78227240233828,20.745021335560267,0.06549204791677167,0.06701451736260479,Random Forest,Inter-Sector
0,TOYS,0.9968520871863776,103.20576511599916,Consumer Cyclicals,58.84264594719298,25.784756025061238,-1.3719728047392066,-0.8124018052864741,Random Forest,Inter-Sector
0,TRIO,0.9988045375364308,538.3880771737859,Consumer Cyclicals,473.58201072619795,26.814341150827147,1.8282211290787118,0.19988002535610477,Random Forest,Inter-Sector
0,TRIS,0.9908925490379197,62.75690501862885,Consumer Cyclicals,62.061038242380505,26.183058165202517,-0.3677361973965648,-0.2165595555195794,Random Forest,Inter-Sector
0,TYRE,0.07127643175771603,73.1897731710401,Consumer Cyclicals,121.35856941900377,85.46378128098857,0.45979458610939966,0.3143391933090854,Random Forest,Inter-Sector
0,UFOE,0.9919386003246913,2352.148129096447,Consumer Cyclicals,303.46458598789104,23.98824729913028,0.09861063197878657,-0.2540519446093251,Random Forest,Inter-Sector
0,UNIT,0.9892929226552868,166.62231992033102,Consumer Cyclicals,295.04143797561153,44.60252825907148,0.21946631507035458,-0.0407284542221789,Random Forest,Inter-Sector
0,UNTD,0.8801233892960598,81.22372769997263,Consumer Cyclicals,34.898461943489934,17.10708918798526,-2.602564844771295,-1.7817359813043991,Random Forest,Inter-Sector
0,VIVA,0.9985136709508817,51.94906899936532,Consumer Cyclicals,71.63416361980188,23.87805453993396,-0.3821450432905714,-1.183769006080134,Random Forest,Inter-Sector
0,VKTR,0.8979844459186039,11.205133421415342,Consumer Cyclicals,12.535126394412046,10.622988469840717,-0.4545048290090605,-0.3182554351827258,Random Forest,Inter-Sector
0,WOOD,0.9945935227359263,221.97268615990853,Consumer Cyclicals,86.48808795465783,18.476807592088683,-1.2054914876639633,-0.2678735343912274,Random Forest,Inter-Sector
0,YELO,0.9923953201987472,18.87137377664638,Consumer Cyclicals,49.929407388955866,26.815983860575066,-0.45414031171621727,-0.5972627993671333,Random Forest,Inter-Sector
0,ZATA,0.9816166527290744,27.83795630341649,Consumer Cyclicals,36.74041118803504,27.00472735485745,-1.0475466862247678,-5.867224292567583,Random Forest,Inter-Sector
0,ZONE,0.9971242006715957,355.67966269159746,Consumer Cyclicals,191.18364519814395,13.704920802734332,1.117804446719974,0.055777734393758056,Random Forest,Inter-Sector
0,AALI,0.909884089279108,5048769.099858736,Consumer Non-Cyclicals,13849.183246761542,42.74843596447502,940.711377583182,3.9468260870625484,Random Forest,Inter-Sector
0,ADES,0.9985331635088727,6801.703672623011,Consumer Non-Cyclicals,2105.8684914412606,29.689584254842345,0.15513760384542216,0.06497395448410435,Random Forest,Inter-Sector
0,AGAR,0.9838600487915403,230.39774588039216,Consumer Non-Cyclicals,98.44960325070491,19.84871033280341,-0.6072347982608021,-0.17573709761203696,Random Forest,Inter-Sector
0,AISA,0.9988636463325744,473.33895293413434,Consumer Non-Cyclicals,363.6416258455188,32.59915017157955,-0.9859836579536393,-0.06912415020491482,Random Forest,Inter-Sector
0,ALTO,0.9943605506659121,114.03877922672476,Consumer Non-Cyclicals,97.13785871300269,24.188194826826496,1.3794899824443567,-0.22088715973438847,Random Forest,Inter-Sector
0,AMMS,0.9875188282988725,13.065947914175892,Consumer Non-Cyclicals,20.72783429727758,14.407555788820034,0.14929481004735876,-0.28116599365854494,Random Forest,Inter-Sector
0,AMRT,0.9988559549925095,648.9447818134017,Consumer Non-Cyclicals,241.99829001287253,26.907112658241893,-0.492888962644784,-0.025833898087721713,Random Forest,Inter-Sector
0,ANDI,0.9958096682739127,71.5883175484054,Consumer Non-Cyclicals,99.32339267186069,23.285395971101515,-0.2112504554527582,-3.191714626309077,Random Forest,Inter-Sector
0,ANJT,0.996828462582598,524.3811792181403,Consumer Non-Cyclicals,328.75516516815844,24.81171057872894,0.34928161576184247,0.017013356442388605,Random Forest,Inter-Sector
0,ASHA,0.9896063055410907,53.75213513363937,Consumer Non-Cyclicals,57.95335587386421,19.063603905876388,-0.28104068729651616,-0.30408708554110636,Random Forest,Inter-Sector
0,AYAM,0.6136837387160744,27.36374685049876,Consumer Non-Cyclicals,25.163641179930693,25.16364117993069,0.5063273112195259,0.42058375350566496,Random Forest,Inter-Sector
0,BEEF,0.9926620170269255,70.87204789935299,Consumer Non-Cyclicals,59.30080554432203,25.12745997640764,-0.45016144154007554,-0.14994288957106539,Random Forest,Inter-Sector
0,BEER,0.9542158085445914,48.78123683429973,Consumer Non-Cyclicals,42.840326124660095,14.571539498183705,0.417054514340562,0.12252822033129387,Random Forest,Inter-Sector
0,BISI,0.99914171466902,398.3254063901447,Consumer Non-Cyclicals,248.64162584551877,13.549952362153611,-0.11597453596949783,0.06102836567734325,Random Forest,Inter-Sector
0,BOBA,0.9734050369306585,30.319251718314433,Consumer Non-Cyclicals,50.86479059214872,21.130165663448615,-0.2941675452317394,-0.11439719761840918,Random Forest,Inter-Sector
0,BTEK,0.977939916431698,65.59677373386377,Consumer Non-Cyclicals,44.49842116619445,25.283193844428663,-3.787579404098441,-97.34012313232708,Random Forest,Inter-Sector
0,BUAH,0.9942355005850763,1160.8577676294321,Consumer Non-Cyclicals,197.65309914486852,18.056131897651976,0.8635664106615895,0.11156829568232755,Random Forest,Inter-Sector
0,BUDI,0.9966919933096894,18.908496377455396,Consumer Non-Cyclicals,59.17674772230151,25.6331807653006,-0.14340982617577475,-0.06221796883548514,Random Forest,Inter-Sector
0,BWPT,0.9994002542751793,93.57467168694815,Consumer Non-Cyclicals,122.4274945923139,24.763393465945082,-0.48487730065688234,-0.4999239916287817,Random Forest,Inter-Sector
0,CAMP,0.9783178027109486,374.4532393638251,Consumer Non-Cyclicals,240.0931102774466,33.16297121649425,-0.6238184462774853,-0.17750107662709688,Random Forest,Inter-Sector
0,CBUT,0.9688921205034715,11451.710565036947,Consumer Non-Cyclicals,507.4752682334097,23.77021868721658,5.6503928379311334,0.22857340121757597,Random Forest,Inter-Sector
0,CEKA,0.9984955453449136,628.922328008763,Consumer Non-Cyclicals,295.70586243407024,33.74575349610952,-1.0611384505549906,-0.04169855610132607,Random Forest,Inter-Sector
0,CLEO,0.9954849347454787,140.15779760133378,Consumer Non-Cyclicals,105.30363323423262,15.712997381213038,-0.21391731981471052,-0.07864336387573397,Random Forest,Inter-Sector
0,CMRY,0.9485815561326518,10196.971676600388,Consumer Non-Cyclicals,633.5811225400839,15.085264822382952,-10.439778592195575,-0.2611770308488942,Random Forest,Inter-Sector
0,COCO,0.9963493932355834,356.8442469188142,Consumer Non-Cyclicals,196.58380518901038,24.770809395579157,0.36322075238933377,-0.27873411309655377,Random Forest,Inter-Sector
0,CPIN,0.9980208610218608,9790.451309083386,Consumer Non-Cyclicals,765.2060607154917,15.47075007977412,-7.144298173337844,-0.1547402276335111,Random Forest,Inter-Sector
0,CPRO,0.9986116136112018,12.791697825593134,Consumer Non-Cyclicals,59.04490220335799,16.75398493476297,-0.31926970004727584,-0.517323657430613,Random Forest,Inter-Sector
0,CRAB,0.9508676964737363,36.47759326867337,Consumer Non-Cyclicals,31.661400310171075,11.640220702268778,-0.3211592353216065,-0.16840562856076047,Random Forest,Inter-Sector
0,CSRA,0.9870767555765512,275.24190121193993,Consumer Non-Cyclicals,105.57167142945968,19.777744674685906,-0.4186084505614373,-0.1042389290878739,Random Forest,Inter-Sector
0,DAYA,0.9864380872129628,151.31196967028077,Consumer Non-Cyclicals,140.4390272095776,39.010840891549336,-0.6350379584391056,-0.332293280233748,Random Forest,Inter-Sector
0,DEWI,0.9933663110337086,68.94488322504482,Consumer Non-Cyclicals,61.54479432267067,23.926889981137386,0.20905686140234603,0.03792082261435103,Random Forest,Inter-Sector
0,DLTA,0.9994805463851184,3043.223471923037,Consumer Non-Cyclicals,710.2141726965292,15.521011631998274,-4.060546958817321,-0.1054197421642247,Random Forest,Inter-Sector
0,DMND,0.9276147897730862,363.5212674605725,Consumer Non-Cyclicals,126.0470284552506,13.061868233704727,-0.81719322580925,-0.09002646651910406,Random Forest,Inter-Sector
0,DPUM,0.9976239534011894,251.6660198817624,Consumer Non-Cyclicals,271.5001827882983,32.90911306524828,-0.7247337434518568,-0.6760924247827399,Random Forest,Inter-Sector
0,DSFI,0.9943390939486201,43.70153439444515,Consumer Non-Cyclicals,124.65794704340101,25.970405634041878,-0.35116070047500425,-0.2542375562069185,Random Forest,Inter-Sector
0,DSNG,0.9898301082783957,167.6670043282808,Consumer Non-Cyclicals,99.7258824806014,19.197073831444087,-0.4328691793486777,-0.08955419919525198,Random Forest,Inter-Sector
0,ENZO,0.9142040857465819,6.804058769584945,Consumer Non-Cyclicals,15.495518223808176,20.821564546790906,-0.25147255251017075,-0.42587105239460554,Random Forest,Inter-Sector
0,EPMT,0.9986493365078627,1325.233286572687,Consumer Non-Cyclicals,560.3982580264123,22.056279712086095,1.3872976980874454,0.049615881011644616,Random Forest,Inter-Sector
0,EURO,0.9842468999767772,117.20575516572647,Consumer Non-Cyclicals,40.54212423707028,16.571905807743402,-0.23890881266693187,-0.18214536532780767,Random Forest,Inter-Sector
0,FAPA,0.9626789198597392,36259.56355240231,Consumer Non-Cyclicals,5279.358569419004,99.61053904564159,1.9866346043583754,0.0181389168977865,Random Forest,Inter-Sector
0,FISH,0.9976081284594487,10233.55504551285,Consumer Non-Cyclicals,1737.754695357593,25.935431214854574,2.684771216399022,0.00641551351510112,Random Forest,Inter-Sector
0,FLMC,0.9952219290544232,71.02000486763787,Consumer Non-Cyclicals,49.95335587386421,16.876133741170342,-0.5987896445705585,-1.2299701817053337,Random Forest,Inter-Sector
0,FOOD,0.9699949812909487,46.283616821267195,Consumer Non-Cyclicals,55.850195928086805,29.79831098456457,0.6006611360101842,0.5619706766987816,Random Forest,Inter-Sector
0,GGRM,-0.43522404046147734,797754612.4292368,Consumer Non-Cyclicals,75852.24769976154,80.35195730906943,19418.36501931874,35.275039690510354,Random Forest,Inter-Sector
0,GOLL,0.9910101385370234,13.15078135163328,Consumer Non-Cyclicals,31.648984335292155,22.60641738235154,-0.37858094842528534,-0.5628109149782966,Random Forest,Inter-Sector
0,GOOD,0.9939908906600226,57.62000704071747,Consumer Non-Cyclicals,51.378507875112405,11.84329700022551,-0.14597294720192344,-0.05891951259884015,Random Forest,Inter-Sector
0,GRPM,0.9161512037911369,12.69247653310084,Consumer Non-Cyclicals,7.687177999379031,11.942210777288352,-1.2542073027186118,-2.3396735766192,Random Forest,Inter-Sector
0,GULA,0.9652175063270032,309.8613196941652,Consumer Non-Cyclicals,125.87298583203858,19.36507474339055,0.7638406251962168,0.06068047218005651,Random Forest,Inter-Sector
0,GZCO,0.9988397952484338,8.220458369449625,Consumer Non-Cyclicals,32.449129638752794,21.479727608301516,-0.3309262938698667,-0.3683155399551451,Random Forest,Inter-Sector
0,HERO,0.9991181853256489,882.5622312154803,Consumer Non-Cyclicals,314.3269560985418,20.46593217085787,-0.8496468383036122,-0.0200824415891364,Random Forest,Inter-Sector
0,HMSP,0.9991176453868367,1605.743524843915,Consumer Non-Cyclicals,335.37970192875855,10.42644606356469,-2.491779061128249,-0.07676102440381669,Random Forest,Inter-Sector
0,HOKI,0.9922636524916564,19.72771165515471,Consumer Non-Cyclicals,26.461918373285442,15.96981342043467,-0.372137291006465,-0.24026595569400713,Random Forest,Inter-Sector
0,IBOS,0.9918776669590029,349.6244282214599,Consumer Non-Cyclicals,107.99093780495718,15.88102026543488,0.7281641135715449,0.05527910866949641,Random Forest,Inter-Sector
0,ICBP,0.9993168956819553,10770.311023316406,Consumer Non-Cyclicals,1207.4272500181887,14.183903092043545,4.116410983377044,0.1941205848531115,Random Forest,Inter-Sector
0,IKAN,0.9946023834540546,84.83694968221026,Consumer Non-Cyclicals,63.94798342517254,26.589846093988186,-0.3904043231732967,-0.38013785048491766,Random Forest,Inter-Sector
0,INDF,0.9989169419712168,8321.489234245006,Consumer Non-Cyclicals,758.7760160268263,14.308552163641252,-2.935149674195612,0.03453525800488501,Random Forest,Inter-Sector
0,IPPE,0.986372972060901,198.70700898555774,Consumer Non-Cyclicals,104.12100535367631,27.096616282668073,-1.3299586010515143,-4.178928712346081,Random Forest,Inter-Sector
0,ITIC,0.991302427111121,4671.191330627646,Consumer Non-Cyclicals,730.3494269280063,92.18127629507718,-2.587228292375094,-0.3526472105315916,Random Forest,Inter-Sector
0,JARR,0.9527922131702757,276.7436600023582,Consumer Non-Cyclicals,88.68602803062913,24.424539888574287,-0.6036011356394813,-0.3827260926399731,Random Forest,Inter-Sector
0,JAWA,0.9973677620762703,36.086099137791074,Consumer Non-Cyclicals,58.62499489468942,30.33485813410619,0.34219294474609296,0.02621549332671688,Random Forest,Inter-Sector
0,JPFA,0.9983865570166466,745.7524433866114,Consumer Non-Cyclicals,237.07438889487435,28.41419423499612,-1.3831123026609606,-0.13586653169189886,Random Forest,Inter-Sector
0,KEJU,0.9767491462482834,788.036798942001,Consumer Non-Cyclicals,143.89620116206288,11.241890715786163,2.1515471529363657,0.1563058569006996,Random Forest,Inter-Sector
0,KINO,0.9939468312894095,6995.0386144546965,Consumer Non-Cyclicals,650.7004719403067,23.62787799537332,-8.269773415182206,-0.3136132493306169,Random Forest,Inter-Sector
0,KMDS,0.9016835075854344,364.85632567164765,Consumer Non-Cyclicals,75.05660855667458,15.07160814391056,-4.833149315395503,-0.980026824655589,Random Forest,Inter-Sector
0,KPAS,0.9856681038310461,137.5223309250487,Consumer Non-Cyclicals,113.38877485386342,27.229655740201427,-0.2622048884009906,-0.019504090189659377,Random Forest,Inter-Sector
0,LAPD,0.9971360045596492,20.099796390169736,Consumer Non-Cyclicals,60.061038242380505,28.764298108030022,0.06452845567575141,-3.5083732081223817,Random Forest,Inter-Sector
0,LSIP,0.9982593061153705,793.6412115328129,Consumer Non-Cyclicals,233.75516516815844,21.321607443151418,-1.6417332000344802,-0.1015319363224272,Random Forest,Inter-Sector
0,MAGP,0.9990533876750747,0.5314420075934382,Consumer Non-Cyclicals,5.629706695254896,5.311044052127261,-0.25406350516428733,-0.5114129509409868,Random Forest,Inter-Sector
0,MAIN,0.9994920506457337,335.8613265550272,Consumer Non-Cyclicals,234.60593895799252,19.785643595041954,-4.863584717103497,-0.1055366533800426,Random Forest,Inter-Sector
0,MAXI,0.9522345157239697,1.8423226236478567,Consumer Non-Cyclicals,8.082934671772847,11.547049531104067,-0.1827578799339075,-0.31862559288636516,Random Forest,Inter-Sector
0,MBTO,0.9982550198803253,28.2127910614028,Consumer Non-Cyclicals,47.59385943445355,31.579278350117168,0.14715652198285886,0.052368848125706254,Random Forest,Inter-Sector
0,MGRO,0.9858688448489608,237.95197885459743,Consumer Non-Cyclicals,84.98522783440978,12.2280903358863,1.167006490727599,0.14322432600298132,Random Forest,Inter-Sector
0,MIDI,0.9972795050445887,31.694202027142598,Consumer Non-Cyclicals,54.748006818509964,20.244352083088838,-0.010940351853936348,-0.01750144644218934,Random Forest,Inter-Sector
0,MKTR,0.9411311510071345,74.46242469140896,Consumer Non-Cyclicals,46.07247158658885,20.757132370770233,2.2754308912871557,1.3804910618143134,Random Forest,Inter-Sector
0,MLBI,0.9983671565065869,52473.421661098466,Consumer Non-Cyclicals,2180.5251335344874,20.01026571204294,31.538733554556707,0.16766653443991464,Random Forest,Inter-Sector
0,MLPL,0.9981539416406581,74.19691062292775,Consumer Non-Cyclicals,77.71836219858358,23.98314311514298,-0.7552316428080607,-0.3562561629611993,Random Forest,Inter-Sector
0,MPPA,0.9986037120154858,915.8095748799363,Consumer Non-Cyclicals,335.3539523382524,24.76415151407604,-0.555863984078251,-0.1384349623148795,Random Forest,Inter-Sector
0,MRAT,0.9961825286836992,84.1868913454167,Consumer Non-Cyclicals,115.87298583203858,26.848493011733165,-0.15610004637298386,-0.08763027000841388,Random Forest,Inter-Sector
0,MSJA,0.7471186608720493,196.82647014476257,Consumer Non-Cyclicals,66.8403261246601,21.018970479452857,1.0723127159963615,0.3049675226968136,Random Forest,Inter-Sector
0,MYOR,0.999218846265726,794.5076662686802,Consumer Non-Cyclicals,396.3886294979593,15.954041554325963,-1.0271071983047457,-3.0442151776335313,Random Forest,Inter-Sector
0,NANO,0.9885212546751376,5.946059638108123,Consumer Non-Cyclicals,22.535126394412046,17.60556749563441,-0.39636068649496664,-1.8718410146006197,Random Forest,Inter-Sector
0,NASI,0.986541746367955,164.07604742334252,Consumer Non-Cyclicals,79.63626819786651,30.2237757664763,0.04028508843329185,0.2035971039656844,Random Forest,Inter-Sector
0,NAYZ,0.991453706658174,15.033722566857083,Consumer Non-Cyclicals,19.88035032768302,18.073045752439107,0.628227026042628,1.2481326843428973,Random Forest,Inter-Sector
0,NSSS,0.936919852428678,34.115161330369084,Consumer Non-Cyclicals,45.8692300146859,28.490204978065776,0.17166520635203825,0.056589601698416946,Random Forest,Inter-Sector
0,OILS,0.9747205117197132,123.55584823289578,Consumer Non-Cyclicals,101.19272444015724,19.880209032281755,-0.13815568342946632,0.010384371554796722,Random Forest,Inter-Sector
0,PCAR,0.9981935043748372,3534.0663073055325,Consumer Non-Cyclicals,867.3487345030308,36.95800314259826,0.21588565944716706,-0.3511934932561629,Random Forest,Inter-Sector
0,PGUN,0.9853366734272703,640.6020188523731,Consumer Non-Cyclicals,270.70586243407024,23.451820029328807,0.2591000422931233,-0.1062327451539477,Random Forest,Inter-Sector
0,PMMP,0.9686858522987636,188.60928194002616,Consumer Non-Cyclicals,81.21954107569758,21.67355866932936,-0.05742922527045134,-0.0777154685215381,Random Forest,Inter-Sector
0,PNGO,0.9755936458192188,1632.381439205711,Consumer Non-Cyclicals,275.43513453987634,15.967254176224715,-2.875724989986964,-0.5432335021625238,Random Forest,Inter-Sector
0,PSDN,0.9881031305055267,63.432689706740284,Consumer Non-Cyclicals,110.91198006116497,38.581968245250245,-0.09790801938228354,-0.14800063669459215,Random Forest,Inter-Sector
0,PSGO,0.9668491041233764,40.853480924045165,Consumer Non-Cyclicals,55.319019223944565,26.71358792753355,0.3639723670315024,0.2167301729444702,Random Forest,Inter-Sector
0,PTPS,0.9580274303111701,258.223118582498,Consumer Non-Cyclicals,57.11490526508902,30.54721567922261,0.7678437376524019,0.3552861153455337,Random Forest,Inter-Sector
0,RANC,0.9970049498680963,521.9822179837067,Consumer Non-Cyclicals,405.21430928142786,22.57232693797882,-0.5925041289397679,-0.08444080894604192,Random Forest,Inter-Sector
0,ROTI,0.9944531277891828,442.3467140097577,Consumer Non-Cyclicals,173.5740195776982,13.14954693770441,-0.630574415586014,-0.052879543940623525,Random Forest,Inter-Sector
0,SDPC,0.9781823871299378,24.32331786673308,Consumer Non-Cyclicals,71.72608507171336,43.534485582289896,0.23137754194579885,0.12746979602141775,Random Forest,Inter-Sector
0,SGRO,0.9946282944485534,1792.4831195545046,Consumer Non-Cyclicals,436.7631573979561,13.202373067663695,0.5214180405766111,-0.0061993141920706,Random Forest,Inter-Sector
0,SIMP,0.998678508789782,117.75833030719468,Consumer Non-Cyclicals,100.87298583203858,16.139677733126174,-0.9088440654537345,-0.22703040561674265,Random Forest,Inter-Sector
0,SIPD,0.9933267320377202,990.0137986234477,Consumer Non-Cyclicals,368.2413467000413,29.141342298287785,2.326567161368104,0.18261161333359,Random Forest,Inter-Sector
0,SKBM,0.991291449735074,479.88999597700507,Consumer Non-Cyclicals,203.5740195776982,24.814269297330526,-0.007289037500431691,-0.13548492110098492,Random Forest,Inter-Sector
0,SKLT,0.9938489599721945,39.288734722807426,Consumer Non-Cyclicals,108.74472351071057,20.240048717900937,-1.6664371665418678,-16.16704064681014,Random Forest,Inter-Sector
0,SMAR,0.9980910467838179,9483.810612002018,Consumer Non-Cyclicals,1774.700465179636,25.65007947449128,-0.8691376874164645,-0.07691491267162597,Random Forest,Inter-Sector
0,SOUL,0.9675170648286904,3.4265265502404225,Consumer Non-Cyclicals,4.510774208596281,13.293607770753235,-0.14865808264303187,-0.19636420150890926,Random Forest,Inter-Sector
0,SSMS,0.9918228731136358,976.3682562644622,Consumer Non-Cyclicals,311.5903428586446,20.432153630075057,-3.1559586419160763,-0.25393148453234776,Random Forest,Inter-Sector
0,STAA,0.9788127335605371,501.0703555834222,Consumer Non-Cyclicals,150.15986514548877,20.021315352731836,2.274129788123778,0.2439261331409698,Random Forest,Inter-Sector
0,STRK,0.9760179257941617,252.96684601194517,Consumer Non-Cyclicals,78.39587598996064,19.30932906156666,0.4289018159897854,-0.6548421913762594,Random Forest,Inter-Sector
0,STTP,0.9981811167389266,16970.94057717758,Consumer Non-Cyclicals,2378.5459901974446,24.711083518306275,1.2022874811230475,-0.0005139225696327174,Random Forest,Inter-Sector
0,TAPG,0.9386160948729723,283.35247440878203,Consumer Non-Cyclicals,71.43530135111416,9.100038388676964,-1.7196797288833636,-0.28384500317877426,Random Forest,Inter-Sector
0,TAYS,0.9880336090023433,303.78292145679285,Consumer Non-Cyclicals,145.15986514548877,27.480198541363876,-0.06289047568973595,-0.36322352234654987,Random Forest,Inter-Sector
0,TBLA,0.9981844018140827,173.211773991566,Consumer Non-Cyclicals,134.93030329170767,22.674877783743423,-0.5241080985219068,-0.01517228114421269,Random Forest,Inter-Sector
0,TCID,0.9991146257094246,5986.733537566014,Consumer Non-Cyclicals,1344.9390152129017,18.247840496603416,7.451450172330962,0.10872234209269498,Random Forest,Inter-Sector
0,TGKA,0.9988289593129372,7592.870892926848,Consumer Non-Cyclicals,1436.8111849128045,36.841312433661656,1.1519490142555955,-0.01149396964396438,Random Forest,Inter-Sector
0,TGUK,0.7943608168211799,65.6731509600221,Consumer Non-Cyclicals,37.74041118803504,26.152835046681037,-0.33951231441871893,-0.4755504624232627,Random Forest,Inter-Sector
0,TLDN,0.9854173751994529,79.77653335080089,Consumer Non-Cyclicals,73.50898788568759,11.0539831407049,0.9523152789777436,0.197289620922953,Random Forest,Inter-Sector
0,TRGU,0.9556961484058809,112.57604959521724,Consumer Non-Cyclicals,58.74041118803504,28.794319209821097,-0.895855260279321,-0.24520141800284623,Random Forest,Inter-Sector
0,UCID,0.9884726145512231,675.8189855196156,Consumer Non-Cyclicals,170.02972917133366,12.635753459331909,-4.092034060380457,-0.3020091108177759,Random Forest,Inter-Sector
0,UDNG,0.9427856037735184,22.385325679412613,Consumer Non-Cyclicals,19.88035032768302,18.073045752439107,0.030545084153332028,-0.07249814636520435,Random Forest,Inter-Sector
0,ULTJ,0.9988991209311382,382.6920364503942,Consumer Non-Cyclicals,249.96753156444265,19.300228437797244,-0.7745569294425302,-9.421195541906616e-05,Random Forest,Inter-Sector
0,UNSP,0.9783760730696722,520989.27295066114,Consumer Non-Cyclicals,9702.247699761541,34.344239645173595,91.3852796343313,0.17148728746809402,Random Forest,Inter-Sector
0,UNVR,0.9990302019180242,9267.783792305216,Consumer Non-Cyclicals,946.4463411152392,16.77780035568543,-1.4912942741394646,-0.03923811860208867,Random Forest,Inter-Sector
0,VICI,0.992128032699179,82.82215940557768,Consumer Non-Cyclicals,50.401400563830634,10.90700191049088,-0.09220667283759575,-0.0029578906832653773,Random Forest,Inter-Sector
0,WAPO,0.9752828349247072,144.8123537354765,Consumer Non-Cyclicals,273.94798342517254,50.44475960210397,0.039303026186080725,-0.1893044244798266,Random Forest,Inter-Sector
0,WICO,0.9909988801338592,132.08667198549762,Consumer Non-Cyclicals,81.75835498454796,33.76521770974903,0.12290213709218017,-0.5324689990498102,Random Forest,Inter-Sector
0,WIIM,0.9967034825906319,873.9243657103153,Consumer Non-Cyclicals,267.71065024120935,25.730137707538148,-1.1959761051805828,-0.309562369230703,Random Forest,Inter-Sector
0,WINE,0.9092075768345756,949.9023767105597,Consumer Non-Cyclicals,293.3585694190038,93.42629599331332,-0.3450890639631235,0.005724126532600742,Random Forest,Inter-Sector
0,WMPP,0.994035360613104,12.121864479384328,Consumer Non-Cyclicals,21.2874776469086,21.6894455688179,-0.7432301367672752,-1.828296782878885,Random Forest,Inter-Sector
0,WMUU,0.9962865609768486,12.647471556520198,Consumer Non-Cyclicals,17.860806154345795,8.930403077172897,-1.16340100011713,-2.0622170371549204,Random Forest,Inter-Sector
0,ABMM,0.9924621785567921,5236.038651254828,Energy,763.6192771859942,25.206850857374807,9.24243698967829,0.26062693014593946,Random Forest,Inter-Sector
0,ADMR,0.9777227235199851,3947.9450085110498,Energy,378.3072826103885,18.536426072447203,-2.5353123899671437,-0.1945692964785433,Random Forest,Inter-Sector
0,ADRO,0.997442057006464,1331.649800117786,Energy,205.096224617826,15.115886875390636,-2.7707605320065043,-0.1878645746571408,Random Forest,Inter-Sector
0,AIMS,0.9888717832327828,193.36797883270125,Energy,249.50526413732945,35.643609162475634,-0.30334998119744944,-0.1656797909664891,Random Forest,Inter-Sector
0,AKRA,0.9983285122581618,354.0097016806139,Energy,118.896717019363,16.21536263887902,-0.5358514223845519,-0.09487092812317521,Random Forest,Inter-Sector
0,ALII,0.8990399693396145,1794.3698041639052,Energy,109.2901324600291,18.110497329202165,-0.8437582980210436,-0.33691470909240373,Random Forest,Inter-Sector
0,APEX,0.9981231271075716,2325.229629795357,Energy,850.3982580264123,30.50968958110411,-2.151741585721477,-0.33748166889507925,Random Forest,Inter-Sector
0,ARII,0.9957338635376675,603.517506059807,Energy,166.74023329510976,25.608272285000726,1.2743292639312722,0.0023609330418121934,Random Forest,Inter-Sector
0,ARTI,0.996763640622016,167.30951645245983,Energy,212.6387388622236,22.374647994950916,0.028822583295187176,-7.70912558429185,Random Forest,Inter-Sector
0,ATLA,0.7118572365592726,1220.445963119008,Energy,49.27237845570971,18.66377971807186,-0.5476392934023437,-0.3567087297119297,Random Forest,Inter-Sector
0,BBRM,0.9942970862665166,26.78043756024008,Energy,84.26585314190368,25.30427313587273,-0.05213823776897013,-0.14326006218149687,Random Forest,Inter-Sector
0,BESS,0.9945990079564897,779.0239055191832,Energy,271.87426715246863,25.56948729632999,-0.21393387220639498,-0.22224502283659736,Random Forest,Inter-Sector
0,BIPI,0.9982412102251135,4.316420949899575,Energy,14.839607814184404,15.902670702782745,-0.5121367564214869,-0.6163562289939226,Random Forest,Inter-Sector
0,BOSS,0.9986675847260292,1012.4474776657803,Energy,304.9748178630314,27.402165027629405,-0.7014768262421915,-0.2714250666737655,Random Forest,Inter-Sector
0,BSML,0.9893404713591795,1504.588118253605,Energy,321.34970296724396,32.61749443697458,0.3026219306052947,0.10475991175149234,Random Forest,Inter-Sector
0,BSSR,0.995280879699568,4508.034311289582,Energy,600.5965926756012,23.218389549730745,-1.6132372504094588,-0.02593044523837876,Random Forest,Inter-Sector
0,BULL,0.9992520662952716,25.89822706086276,Energy,38.12100535367631,25.99554819820595,-0.19002709985004407,-0.23585863606545213,Random Forest,Inter-Sector
0,BUMI,0.999190495938764,1744.6206832662833,Energy,718.6125532237174,37.35155645505432,-1.2201543900390412,-0.4173450402987401,Random Forest,Inter-Sector
0,BYAN,0.9954099673552498,121054.92506503692,Energy,4852.247699761541,20.736101281032226,70.62393704681584,0.309275430227251,Random Forest,Inter-Sector
0,CANI,0.9810841020689453,704.2317817360732,Energy,279.96753156444265,33.11069832490561,-1.7929516015189217,-0.5024640942550251,Random Forest,Inter-Sector
0,CBRE,0.9846456307725724,7.495348024700616,Energy,34.929407388955866,17.912516609720956,-0.223377875719404,-0.7991031346077846,Random Forest,Inter-Sector
0,CGAS,0.8414372498070213,1684.6937085320064,Energy,18.62735033557479,13.978456550354835,-8.786717776146228,-1.268446255646154,Random Forest,Inter-Sector
0,CNKO,0.9982020914915756,11.698636280092611,Energy,54.17674772230151,33.38104814712949,-0.35593643170313727,-1.138577981913742,Random Forest,Inter-Sector
0,COAL,0.9892749632796908,96.44597365898719,Energy,101.45801151247093,58.71713883800756,-1.1955250657551468,-0.902582024660666,Random Forest,Inter-Sector
0,CUAN,0.9950825911166349,69135.1093255747,Energy,1088.2052160059338,20.21434278613163,29.223451387263484,0.6830566715401781,Random Forest,Inter-Sector
0,DEWA,0.9998410801089093,1.833771808115919,Energy,9.985227834409784,13.318113733893222,-0.2984340224984151,-0.45899583145472145,Random Forest,Inter-Sector
0,DOID,0.9984338684281465,227.95628197440445,Energy,266.39804689665425,39.102932013991634,-0.27385882511637577,-0.1777587817064586,Random Forest,Inter-Sector
0,DSSA,0.07630558305986301,352357393.9081732,Energy,129427.24769976154,87.4656176379534,6447.918261831638,11.952314736821936,Random Forest,Inter-Sector
0,DWGL,0.9746749112701785,165.01609215382112,Energy,110.58097707393671,29.8187749971316,-1.0565080526144075,-0.6089716380732546,Random Forest,Inter-Sector
0,ELSA,0.9949726502006233,64.67845051521829,Energy,93.99371213729023,23.208323984516106,-1.103977138483595,-0.3371592932575073,Random Forest,Inter-Sector
0,ENRG,0.9983971893572706,9136.049516556268,Energy,2210.5070411059696,24.749963339437233,0.6271914905304838,-0.3250318812361431,Random Forest,Inter-Sector
0,FIRE,0.9968893340245267,15111.117319152612,Energy,1839.2316037711298,28.719510828675844,-2.3749795329567522,-0.12936985621453284,Random Forest,Inter-Sector
0,GEMS,0.9971689944992117,7838.850497475564,Energy,1266.5985077964397,23.567999756207815,-0.5914034931193883,0.007293363413123489,Random Forest,Inter-Sector
0,GTBO,0.9994532862228188,782.7587998789515,Energy,479.7553797297096,25.940508851544053,-2.0833207181596616,-0.518822443087705,Random Forest,Inter-Sector
0,GTSI,0.9293648375699567,4.307269255159295,Energy,12.677978812856466,20.123775893422962,-0.33500410009581044,-0.5929197144000041,Random Forest,Inter-Sector
0,HILL,0.9314879258146921,13946.15323504071,Energy,569.6239114656064,20.12805340867867,8.359997337588466,0.24845538119879418,Random Forest,Inter-Sector
0,HITS,0.997727994723315,279.37358166266193,Energy,245.24355191372513,24.37647268696506,0.349302609015652,-0.08412819851286821,Random Forest,Inter-Sector
0,HRUM,0.9979833565072226,769.5470717064803,Energy,213.18560494145254,19.03268127666916,-2.076770025191082,-0.26885940480087156,Random Forest,Inter-Sector
0,HUMI,0.9712312396685299,56.14938037826951,Energy,23.11490526508902,18.050636625965417,-0.945779301741977,-1.1058433781431807,Random Forest,Inter-Sector
0,IATA,0.9964609655914127,5.7720961339440295,Energy,30.346975725016904,26.068281936512307,-0.3492006598814593,-0.5007711921628262,Random Forest,Inter-Sector
0,INDY,0.9977351826688758,2612.1041577250594,Energy,380.02972917133366,20.932443327537985,-3.871629796353231,-0.2869904399404275,Random Forest,Inter-Sector
0,INPS,0.9954038432422769,9458.14322870738,Energy,871.6998304114304,31.356317450573805,-0.729668079485241,-0.09504247426293837,Random Forest,Inter-Sector
0,ITMA,0.9944988551748554,652.8092870618785,Energy,317.7618281016728,20.828110208096938,-1.1695132179684677,-0.33710260563333055,Random Forest,Inter-Sector
0,ITMG,-0.1425884869637577,154602667.5612562,Energy,38252.247699761545,67.34550651366469,8351.816457006742,23.763285779908422,Random Forest,Inter-Sector
0,JSKY,0.9924417670462241,342.77823478134184,Energy,141.0470284552506,23.16328058533315,-0.49953781031391653,-0.7895804964544407,Random Forest,Inter-Sector
0,KKGI,0.9989345092545056,83.96490315283464,Energy,80.50012309466905,19.776556626089207,-1.147248713418138,-15.482005720274502,Random Forest,Inter-Sector
0,KOPI,0.9984918521117808,182.13166510110509,Energy,190.83156373031647,32.95245046491907,-1.7437255236789446,-292.8638214819957,Random Forest,Inter-Sector
0,LEAD,0.9992753572282015,49.83933737904625,Energy,116.07010766832514,25.861781147223084,-0.8058063810802188,-0.7613015939252916,Random Forest,Inter-Sector
0,MAHA,0.8909206668303147,53.536348597678675,Energy,35.35288165613619,14.854151956359743,-0.7163925808047634,-0.34937369886239633,Random Forest,Inter-Sector
0,MBAP,0.9977572797307734,7336.703257597684,Energy,949.0960192691318,18.506231703411324,-3.368164584299598,-0.08093297769202915,Random Forest,Inter-Sector
0,MBSS,0.9958453230271839,590.657164791142,Energy,307.38872497487546,21.495715033208075,-1.6135767843752142,-0.34913781670151045,Random Forest,Inter-Sector
0,MCOL,0.994424696677912,13320.526758071719,Energy,760.0893095505235,20.060590434759494,-5.6861133659819005,-0.026505929129925786,Random Forest,Inter-Sector
0,MEDC,0.9962303480887973,270.71929208636885,Energy,136.91017791372508,18.655126333551838,-0.7736070197248479,-0.14253344201620768,Random Forest,Inter-Sector
0,MKAP,0.9747666946262343,97.893496576705,Energy,51.2344160883147,18.56319423489663,2.4340475370861996,0.6490671933467961,Random Forest,Inter-Sector
0,MTFN,0.9972073512131439,7.433842137902364,Energy,35.46191837328544,47.49026133871175,-0.14270167638651107,-0.2752264025496176,Random Forest,Inter-Sector
0,MYOH,0.9990330370453966,288.19173996472523,Energy,180.93377227448195,21.39812914231057,1.6849286773430374,0.013672499155741868,Random Forest,Inter-Sector
0,PGAS,0.998425359706279,3275.096764821105,Energy,421.4938326080651,18.971757681009123,-4.788478183575564,-0.1596760869149441,Random Forest,Inter-Sector
0,PKPK,0.9953083087259177,154.2637697797073,Energy,332.6042309329132,28.28279873611755,0.41649710830822245,0.05396742692037874,Random Forest,Inter-Sector
0,PSSI,0.9970115188393922,108.0838491498243,Energy,116.50018278829828,30.22110147297924,-0.7037472680443833,-0.192835110877293,Random Forest,Inter-Sector
0,PTBA,0.9981781977341917,2927.2870690751147,Energy,363.25644789077364,17.210467155072276,-4.250966393717986,-0.05381105321359715,Random Forest,Inter-Sector
0,PTIS,0.9971175636909896,271.32459508612817,Energy,248.82167635804603,34.27946179060235,0.4078695417814389,-0.12600396783398315,Random Forest,Inter-Sector
0,PTRO,0.997760539803307,3580.104602334752,Energy,1411.2858279096026,20.411779237588213,-1.6201080181421414,-0.10890151531257836,Random Forest,Inter-Sector
0,RAJA,0.9968812370825408,253.84820816034363,Energy,285.9671843373419,28.806961457004814,-0.3170544469419202,-0.9849943686631126,Random Forest,Inter-Sector
0,RGAS,0.7865611626146278,45.74099339098089,Energy,30.85423643137989,32.47814361197883,0.39629607634724645,0.20025715696366936,Random Forest,Inter-Sector
0,RIGS,0.9981782812453937,137.8749771643102,Energy,173.11562288576658,24.954334298105056,0.19636388915385045,-0.06359365583979126,Random Forest,Inter-Sector
0,RMKE,0.9863602141563516,643.9372326697927,Energy,152.1097392298393,19.686012039272928,-0.5179087216311798,-0.11462465947360725,Random Forest,Inter-Sector
0,RMKO,0.9757896145306392,137.9069928904816,Energy,77.06679326746058,20.606094456540262,-2.1423543434990586,-0.7277551073531837,Random Forest,Inter-Sector
0,RUIS,0.9936771976866727,54.828926683813094,Energy,83.90392485086323,24.711083518306275,-0.12441212157285184,-0.13786636973148791,Random Forest,Inter-Sector
0,SEMA,0.989395544238126,41.3432689540039,Energy,34.56785566348621,25.605819009989787,-0.6424954920357325,-0.541462215116059,Random Forest,Inter-Sector
0,SGER,0.9940825994005477,2629.8989455632363,Energy,329.4109170253596,20.248772693472425,0.38010017531876,-0.037485393881957374,Random Forest,Inter-Sector
0,SHIP,0.9875843225676324,712.8508483264263,Energy,155.91397626560274,33.442798081703174,0.22546746895462663,-0.002951249044201928,Random Forest,Inter-Sector
0,SICO,0.9291308758285757,75.50782044172124,Energy,45.40007066669543,29.95908286312241,1.9713869174773841,1.6065701062885458,Random Forest,Inter-Sector
0,SMMT,0.9989491958309039,381.6719832017669,Energy,204.9496210162947,28.51981293812727,-0.8627583963178472,-3.188628702703094,Random Forest,Inter-Sector
0,SMRU,0.997140545792833,73.04475064788863,Energy,113.11562288576658,31.633114737021305,-0.11373725855705376,-0.25973032517838235,Random Forest,Inter-Sector
0,SOCI,0.9966510377160023,60.944664870250875,Energy,58.62499489468942,25.269394351159235,-0.9558990518479965,-0.3715989638074018,Random Forest,Inter-Sector
0,SUGI,0.9990321992312741,17.32632510685378,Energy,94.86276678410508,43.292276174071496,0.0345777421312919,-0.1799721941960646,Random Forest,Inter-Sector
0,SUNI,0.9740997937028164,138.03073953093175,Energy,56.96569729493535,11.333948866974694,0.5316747265768351,0.02917257308881844,Random Forest,Inter-Sector
0,SURE,0.9918223454451914,2901.2607761588615,Energy,518.739964537393,20.14231394294534,2.024794644049643,0.10420076551589601,Random Forest,Inter-Sector
0,TAMU,0.9969784413030706,94.51513048946016,Energy,80.90392485086323,25.602989448955533,-1.914368194349009,-19.369099322550476,Random Forest,Inter-Sector
0,TCPI,0.9869965953489032,51793.099161596656,Energy,1320.489519122234,20.129758925593073,-9.993015255421755,-0.11901957770943207,Random Forest,Inter-Sector
0,TEBE,0.9965663992813831,564.4712482190326,Energy,154.91479545986215,22.28557773831578,-0.7450772156542922,-0.1310015273425804,Random Forest,Inter-Sector
0,TOBA,0.9942344246138135,335.7759165760219,Energy,295.7129181521616,24.82622880251055,0.4496983885418277,0.18460137124096618,Random Forest,Inter-Sector
0,TPMA,0.9943557312046629,195.08593873308737,Energy,190.83156373031647,20.01026571204294,-0.740598992144747,-0.297954698193331,Random Forest,Inter-Sector
0,TRAM,0.9997801166952786,59.687780901513186,Energy,91.13776768145186,24.55519880557366,0.08264943097085246,-0.295119794429842,Random Forest,Inter-Sector
0,UNIQ,0.9951365156832929,35.51809900423035,Energy,38.38281414865992,25.698457502087752,-0.23406757522098195,-0.6061773432729505,Random Forest,Inter-Sector
0,WINS,0.9980245410825134,120.06487947400188,Energy,99.65751615399995,20.102368480615187,-0.1546069833839324,-0.16556151885441364,Random Forest,Inter-Sector
0,WOWS,0.9752710207756238,61.469167465540984,Energy,49.35288165613619,24.892505690830546,-0.8034483252019577,-2.048149790805463,Random Forest,Inter-Sector
0,BMHS,0.9939069052668783,333.2023523795599,Healthcare,123.75516516815844,15.091662608805546,-3.0577739049019033,-0.6651842823962325,Random Forest,Inter-Sector
0,CARE,0.9927176284221484,103.26855748991309,Healthcare,50.898461943489934,23.135664519768152,-0.1996067720006993,-0.02019281696348807,Random Forest,Inter-Sector
0,DGNS,0.9902881113591483,774.5739572284034,Healthcare,210.23569955494509,19.274804655268042,-3.066293014765049,-1.0382156060425654,Random Forest,Inter-Sector
0,DVLA,0.9982491709800696,1093.348503617261,Healthcare,503.9894589702203,22.291111826039465,0.40215546843643246,0.07203303628097099,Random Forest,Inter-Sector
0,HALO,0.985527558005845,51.2449914890551,Healthcare,42.579530087599494,25.650319329879213,-0.5800947401134516,-0.6355575463503221,Random Forest,Inter-Sector
0,HEAL,0.9961788701715789,481.5143290035441,Healthcare,138.9798370269441,11.60915879033614,-3.036654853438055,-0.37928457825428796,Random Forest,Inter-Sector
0,IKPM,0.8967680983278241,173.0322529525686,Healthcare,37.27237845570971,14.790626371313378,1.4927068080139603,0.5788059317336132,Random Forest,Inter-Sector
0,INAF,0.9967455869106356,5736.281453856246,Healthcare,998.7852114779516,27.069534511386184,-3.1089334223733514,-0.167801244920471,Random Forest,Inter-Sector
0,IRRA,0.9909485800416583,3121.204965698085,Healthcare,757.0549267256897,21.024492138287414,-0.39670607269452074,-0.11488436158798006,Random Forest,Inter-Sector
0,KAEF,0.9972797704598451,2879.2875135678387,Healthcare,969.3142038618416,25.65007947449128,-2.004573265548323,-0.03290166398058756,Random Forest,Inter-Sector
0,KLBF,0.9987915096204386,515.3550662675531,Healthcare,172.48875494594336,18.826185905058303,-1.6875939436239722,-0.1635770282833215,Random Forest,Inter-Sector
0,MEDS,0.9832364195616786,104.03142259359797,Healthcare,76.79670265938086,25.67967977332059,-0.5137598238736802,-0.7415874821310128,Random Forest,Inter-Sector
0,MERK,0.9994593018093152,4473.4234834897015,Healthcare,1374.700465179636,14.319796512287875,-0.4179122255054014,-0.0031560304661149333,Random Forest,Inter-Sector
0,MIKA,0.9750562269967663,3684.8703851152018,Healthcare,362.02904032052675,15.682979879443392,-4.6538308686629435,-0.2295983274448806,Random Forest,Inter-Sector
0,MMIX,0.990866507543792,225.1536482592834,Healthcare,74.47666210007333,24.94677290849149,-1.282263153954487,-0.6967872871402313,Random Forest,Inter-Sector
0,MTMH,0.9879708096333932,1798.9785576725321,Healthcare,243.32403758121927,10.013334879885567,1.8249904057817887,0.11385168181569703,Random Forest,Inter-Sector
0,OMED,0.620316192430568,130.1055442919961,Healthcare,187.35856941900377,90.07623529759796,-0.06294529927104241,-0.05718597087888895,Random Forest,Inter-Sector
0,PEHA,0.9894860233828162,2640.876456498007,Healthcare,463.7897210948911,20.068155770547293,-5.014063069836184,-0.40166519633093956,Random Forest,Inter-Sector
0,PEVE,0.9181595471225733,26.71124103680358,Healthcare,23.59385943445355,12.963659029919533,-0.2666932281040245,-0.17952226346037778,Random Forest,Inter-Sector
0,PRAY,0.8098017434797986,300.3328425952382,Healthcare,59.67172294610327,7.505877100138776,0.23404726631792103,0.04278097069452012,Random Forest,Inter-Sector
0,PRDA,0.9931369524171184,17745.37335702002,Healthcare,1364.350633721143,17.65874008881627,-9.440155514438203,-0.21833584226864977,Random Forest,Inter-Sector
0,PRIM,0.9966054186195693,316.1933286459907,Healthcare,224.98914205454423,25.805093063429887,-0.8520055835461777,-0.43684569833380027,Random Forest,Inter-Sector
0,PYFA,0.9968732106485835,298.70944191249646,Healthcare,253.75516516815844,37.5318718428525,0.39958216355109916,0.05476420192885114,Random Forest,Inter-Sector
0,RSCH,0.9349544163335877,89.95509152690471,Healthcare,49.672795524538856,25.087270466938815,0.6628324277624346,0.3400113256197708,Random Forest,Inter-Sector
0,RSGK,0.9683355336590219,1408.264176820169,Healthcare,253.7699499843011,11.80325348764191,1.7161541360699542,0.1611249559301413,Random Forest,Inter-Sector
0,SAME,0.9920471180569774,74.68214734813705,Healthcare,86.21609246125769,16.41015284905008,-0.43597831154853,-0.2338475740315874,Random Forest,Inter-Sector
0,SCPI,-0.21502966906770582,106670034.20003437,Healthcare,24452.24769976154,56.86569232502684,8202.845287596836,26.599056683024635,Random Forest,Inter-Sector
0,SIDO,0.9977407820165755,115.18741636960092,Healthcare,71.56157282658683,9.524124740108064,-0.6959734095942839,-0.15601789332975818,Random Forest,Inter-Sector
0,SILO,0.9956956342561224,1054.2076683225594,Healthcare,458.6430785702796,16.73879848796641,0.23110779243642465,-0.014352003310050945,Random Forest,Inter-Sector
0,SOHO,0.9559093636379392,350.40151156458745,Healthcare,146.5903428586446,19.820388147771997,0.18725762639950586,-0.004594634112231164,Random Forest,Inter-Sector
0,SRAJ,0.995057410830238,198.4891182473933,Healthcare,149.63293635376544,28.426923242710604,-0.3592477710868526,-0.2750202167236341,Random Forest,Inter-Sector
0,SURI,0.9196000270981625,1747.9930130569094,Healthcare,136.50018278829828,25.545541375808728,4.2559725481050865,1.0757925872422276,Random Forest,Inter-Sector
0,TSPC,0.9984611866316686,1070.2966550157173,Healthcare,390.02972917133366,19.599483877956462,-1.4248167942392478,-0.10508657222315385,Random Forest,Inter-Sector
0,AMFG,0.9984271837800323,7359.154377971358,Industrials,610.8064553150707,16.300023861825622,5.234111228321268,0.12249937071069905,Random Forest,Inter-Sector
0,AMIN,0.9886948011327606,140.3179910572352,Industrials,103.06679326746058,26.899018642805476,1.485062183764843,0.4049350357013891,Random Forest,Inter-Sector
0,APII,0.9840294931295116,66.02511577098844,Industrials,75.75355915078049,28.603526769149102,0.12266011943342582,-0.002949474419580313,Random Forest,Inter-Sector
0,ARKA,0.997928476625354,827.126806896094,Industrials,378.36667016475803,24.94677290849149,-0.3567204212962411,-1.6785229090533458,Random Forest,Inter-Sector
0,ARNA,0.9988332801492444,127.26037898155309,Industrials,100.7239538106337,18.502828096013584,-0.5051018968190506,-0.07232776579264892,Random Forest,Inter-Sector
0,ASGR,0.9987255937740888,428.86359438654034,Industrials,235.58570246429736,18.280292361560605,-1.5583588788079776,-0.16050510138061297,Random Forest,Inter-Sector
0,ASII,0.9991142931541543,7386.186523772389,Industrials,602.6399469567477,14.192738897306583,-6.628898037243623,-0.1377911860060836,Random Forest,Inter-Sector
0,BHIT,0.9991050239264868,12.949416919465687,Industrials,32.929407388955866,27.781781210676606,-0.29161733295155995,-0.2147472213651539,Random Forest,Inter-Sector
0,BINO,0.9418140688404462,4.535873481774213,Industrials,15.35012219998579,11.286854558813081,-0.3145899011188341,-0.25355222581611264,Random Forest,Inter-Sector
0,BLUE,0.9930675197251171,183.65949432178695,Industrials,116.50018278829828,19.528682796467027,-1.3398173279800578,-0.33702374081500663,Random Forest,Inter-Sector
0,BNBR,0.979667926762619,25913.311704545667,Industrials,1251.893607364574,33.54507289556744,-57.51990754043422,-1.2630828534309282,Random Forest,Inter-Sector
0,CAKK,0.9828512700322056,54.47196023192756,Industrials,56.407702659952776,32.59344681872933,0.30933108599750453,0.25775627691273245,Random Forest,Inter-Sector
0,CCSI,0.9938791307102568,284.1068261651799,Industrials,135.16234656238169,19.876815670938484,-3.6626449937048964,-0.7265286205866586,Random Forest,Inter-Sector
0,CRSN,0.7423440568336355,15.487492476420478,Industrials,14.567855663486213,12.667700576944533,0.041737680829728806,0.03232674848525791,Random Forest,Inter-Sector
0,CTTH,0.9882260164186872,9.67628710344724,Industrials,39.929407388955866,29.185530797416686,-0.10123673402416343,-0.4481705504701968,Random Forest,Inter-Sector
0,DYAN,0.99683239807747,14.900809395638289,Industrials,48.98102326546211,24.347520365762072,-0.29529342192395813,-0.36514460526820675,Random Forest,Inter-Sector
0,FOLK,0.7922573461364304,13.219436491568954,Industrials,18.714337848689297,27.122228766216374,0.06618733547493211,0.10023649939672247,Random Forest,Inter-Sector
0,GPSO,0.9100035376302282,72.65344392174076,Industrials,52.59999489169002,29.551997708639156,0.11802464502278678,0.07650250440916971,Random Forest,Inter-Sector
0,HEXA,0.9992914816140557,3984.5102553461634,Industrials,691.759549287076,22.88364684088582,-1.7118583824468063,-0.018098543426638206,Random Forest,Inter-Sector
0,HOPE,0.9866792765293558,29.391460385423805,Industrials,51.185514555172176,25.291926371818946,-0.315097409486647,-0.4424176320523872,Random Forest,Inter-Sector
0,HYGN,0.7613569020421621,48.14149833957762,Industrials,19.41065793691513,10.291520262644674,-0.41439035182472245,-0.4655381973793642,Random Forest,Inter-Sector
0,IBFN,0.997198201042019,558.3998885919506,Industrials,399.45575892973034,32.743448482754566,1.6532828337378447,-0.4420703837555358,Random Forest,Inter-Sector
0,ICON,0.998739077833183,65.68535838923947,Industrials,140.59549933930387,37.59237950248767,-0.3763029260184045,-0.29063796108990375,Random Forest,Inter-Sector
0,IKAI,0.9987271827910192,38.57547916138444,Industrials,157.99249945696567,36.71572003381756,0.34314228590509727,-0.5689912011253125,Random Forest,Inter-Sector
0,IKBI,0.9929912127989521,85.00522261471136,Industrials,148.20533110238534,30.34426037629876,-0.743120494883924,-0.27244857580100174,Random Forest,Inter-Sector
0,IMPC,0.9987776978966826,13.684296699477558,Industrials,43.40662458910015,22.546566149770854,0.2187965453605735,0.04544474883113552,Random Forest,Inter-Sector
0,INDX,0.9973651537799603,13410.54372798236,Industrials,2499.116332924461,50.187758258407925,8.586733179781712,0.3703696560138787,Random Forest,Inter-Sector
0,INTA,0.999034649800897,29.831094354580284,Industrials,56.83105990393034,24.990950419482242,0.25783587277929393,-0.224362220043566,Random Forest,Inter-Sector
0,JECC,0.9979115041075909,11346.180146863306,Industrials,1577.6675502493254,32.328697221702164,3.461049681739947,0.1107208859164116,Random Forest,Inter-Sector
0,JTPE,0.9935090479194895,61.275493732664216,Industrials,44.32247415888429,19.691822419526694,-3.5488815843825607,-94.95719633180494,Random Forest,Inter-Sector
0,KBLI,0.9970516469793668,66.16413798723812,Industrials,144.47666210007333,32.621766518222074,-0.2836691272064957,-0.12483240371879022,Random Forest,Inter-Sector
0,KBLM,0.9905512009150544,63.25058305665349,Industrials,91.13785871300269,46.25859070842901,-0.29520803032790416,-0.1329918361477266,Random Forest,Inter-Sector
0,KIAS,0.9980573010749691,8.852913175179156,Industrials,59.64366082215241,25.99702766596539,-0.25498202653630353,-1.1111613586618747,Random Forest,Inter-Sector
0,KING,0.9764144308885631,95.48918835138166,Industrials,31.406624589100147,17.292603641845446,0.39108256518862655,0.2669497355634633,Random Forest,Inter-Sector
0,KOBX,0.9949489158366432,79.45086800501655,Industrials,90.44960325070491,30.35342127654624,-0.03111817951949341,-0.006838333126640971,Random Forest,Inter-Sector
0,KOIN,0.9920245068342561,85.26263469856673,Industrials,102.62735033557479,34.20911677852493,0.20646294526483916,-0.013668521295293919,Random Forest,Inter-Sector
0,KONI,0.9934323912683944,2067.026831365379,Industrials,838.8362896310919,31.394441986848264,1.231928462135721,0.026619424384158215,Random Forest,Inter-Sector
0,KPAL,0.9890300851818346,316.0593455788016,Industrials,167.03019026575953,30.99829700546711,-0.6444883412228316,-0.4554074267124804,Random Forest,Inter-Sector
0,KRAH,0.9988753465517212,1211.969936733111,Industrials,374.05349741087,23.004586798404056,1.764133559251374,0.19593828232420696,Random Forest,Inter-Sector
0,KUAS,0.9940156004907024,8.359504297567357,Industrials,27.272378455709713,16.9500834457623,-0.48147640282635296,-0.6376422284779362,Random Forest,Inter-Sector
0,LABA,0.9925211367881631,112.25355547086488,Industrials,137.24937576849868,29.370201788830457,-0.12005815772305416,-0.3274457806966012,Random Forest,Inter-Sector
0,LION,0.9979093316505475,275.3139752126054,Industrials,277.03019026575953,27.687831371073173,0.1346438408663456,-0.06482858199894441,Random Forest,Inter-Sector
0,MARK,0.9940138876811456,497.16661572282504,Industrials,176.625442226725,19.73180365975655,-0.0190160896718638,0.01961550766267538,Random Forest,Inter-Sector
0,MDRN,0.99941782465875,35.349044865317445,Industrials,58.988338775031025,33.48649579925221,-0.6126506408654453,-9.51981374383135,Random Forest,Inter-Sector
0,MFMI,0.9879477887106919,727.1526158510892,Industrials,242.8119223591533,32.35017319046536,0.3746811957350224,-0.03546751956862954,Random Forest,Inter-Sector
0,MHKI,0.4507421750699506,3650.4473274216034,Industrials,53.74472351071057,21.42986286445414,-11.628146642434324,-3.9219927816341795,Random Forest,Inter-Sector
0,MLIA,0.998180220699962,32.899968876212014,Industrials,61.96297030568684,25.99702766596539,-0.09764290517519333,-0.08156031751526158,Random Forest,Inter-Sector
0,MUTU,0.944626317343009,52.192745707572804,Industrials,28.630184152200556,33.523153739062394,0.8591142629719778,0.8394151658424167,Random Forest,Inter-Sector
0,NTBK,0.9434453558563898,6.193412627064862,Industrials,13.62467612681769,18.41172449569958,-0.3742810353656477,-0.6189896860179995,Random Forest,Inter-Sector
0,PADA,0.9837513537366033,45.806452837080094,Industrials,38.04960162815388,58.71713883800756,-0.9280406144360484,-0.8504095240502832,Random Forest,Inter-Sector
0,PIPA,0.9857444837869387,7.1064714119412775,Industrials,16.35012219998579,12.064068593059474,-0.46405643729271034,-0.6172815401129168,Random Forest,Inter-Sector
0,PTMP,0.9560151434311495,117.84914772249164,Industrials,46.70345146391509,21.86561763912544,0.28932371301105064,0.04264649166366625,Random Forest,Inter-Sector
0,SCCO,0.9991667534332296,10744.155800822247,Industrials,2099.3585694190037,99.02634761410395,16.27903312292741,0.2979217743586436,Random Forest,Inter-Sector
0,SINI,0.9897286831250762,2982.2293311332005,Industrials,475.93377227448195,31.208771952425046,-6.328098686060927,-2.1233399196518192,Random Forest,Inter-Sector
0,SKRN,0.9929204745975128,240.24381629113975,Industrials,135.83782880168542,19.956141196896223,-0.8351581770702508,-0.5312483929990233,Random Forest,Inter-Sector
0,SMIL,0.846190884955032,45.428552880951166,Industrials,23.318402961397197,14.132365431149815,0.10260000246451673,0.07029102443927068,Random Forest,Inter-Sector
0,SOSS,0.9320583931497252,976.7185213278344,Industrials,260.65599585553286,20.03636310191646,-5.390555097383273,-1.3082902525662692,Random Forest,Inter-Sector
0,SPTO,0.9954581580924069,205.04395914889696,Industrials,138.32246198804228,15.891650403333065,-1.5681770750569324,-0.24766121785335143,Random Forest,Inter-Sector
0,TIRA,0.9908201713718029,66.03398361956988,Industrials,125.15986514548877,27.06109354353246,-0.19130188407914864,-0.019064604429926024,Random Forest,Inter-Sector
0,TOTO,0.999088918883879,28.371630357480417,Industrials,63.17458946504621,15.992361523660614,-0.3514998007264918,-0.49984953968315193,Random Forest,Inter-Sector
0,TRIL,0.9973271857993735,123.54765151145723,Industrials,290.93377227448195,33.75077413784256,0.38361626727776515,-0.32777805564823287,Random Forest,Inter-Sector
0,UNTR,0.7334149875674576,30273363.665166978,Industrials,21877.24769976154,54.118114285124406,3065.479068668182,11.239433143887053,Random Forest,Inter-Sector
0,VISI,0.9771070027045156,124.5790109359124,Industrials,27.69274356107215,12.779719708095378,4.355018367485504,1.8159321111590159,Random Forest,Inter-Sector
0,VOKS,0.9962939928840865,29.899683934078663,Industrials,81.27237845570971,27.456884613415443,-0.07204257777292393,-0.07010283456625614,Random Forest,Inter-Sector
0,WIDI,0.9864262183478634,49.423427156366856,Industrials,34.185514555172176,17.712701842058124,-0.4712500994628162,-8.14794116884606,Random Forest,Inter-Sector
0,ZBRA,0.9982796297127849,72.35103492500653,Industrials,186.08993318835394,31.633868514099177,0.034043156965688486,0.0017172662831268848,Random Forest,Inter-Sector
0,ACST,0.9984783143724484,791.8409896919778,Infrastructure,267.23392873766306,27.201594710342093,-0.7440204943039623,-0.21223515285334701,Random Forest,Inter-Sector
0,ADHI,0.9980756538485893,987.8391263141081,Infrastructure,304.6526197205196,26.229140086613235,-1.7787702505316132,-0.16310461203256288,Random Forest,Inter-Sector
0,ARKO,0.9698243617843983,678.485609525389,Infrastructure,159.98914205454423,19.194849350810852,-0.34968968793783173,-0.04948678516268716,Random Forest,Inter-Sector
0,ASLI,0.814670478870689,1.0380463661281278,Infrastructure,4.748822986796171,8.187625839303744,-0.3468238685634249,-0.6751735161644619,Random Forest,Inter-Sector
0,BALI,0.9916594786061316,1141.3507840947136,Infrastructure,425.3305867013171,24.533543003422164,2.27883896798449,0.2328774661525688,Random Forest,Inter-Sector
0,BDKR,0.9895784022254063,138.57434567414768,Infrastructure,54.922542484966016,11.081963330207081,1.1099529270556672,0.22342713606894335,Random Forest,Inter-Sector
0,BREN,0.9652867562528552,111511.25644486681,Infrastructure,1035.2141726965292,22.807815878551008,36.49797758446477,0.49129769194824,Random Forest,Inter-Sector
0,BTEL,0.9994474102279466,6.144077717467329,Infrastructure,40.17540746800739,11.64181697151877,-0.16128782917144152,-0.37019391898105836,Random Forest,Inter-Sector
0,BUKK,0.9898880757508433,1569.5316484311043,Infrastructure,274.9852278344098,31.071777156430485,4.021236349602898,0.24651055791154514,Random Forest,Inter-Sector
0,CASS,0.9910423319051418,710.0245521783695,Infrastructure,1064.3585694190037,98.0975640017515,1.621617706865323,0.17499987982846607,Random Forest,Inter-Sector
0,CENT,0.994152212371357,28.639309138741183,Infrastructure,43.474863739661856,30.988297080352694,-1.656628999077258,-14.598552587658482,Random Forest,Inter-Sector
0,CMNP,0.9968587809971108,1034.734210660667,Infrastructure,385.81272954406586,22.031993376982918,0.3737656404821721,0.09366068870846601,Random Forest,Inter-Sector
0,DATA,0.545505259157598,1489.4070919491746,Infrastructure,48.19729255467928,11.75543720845836,0.8600814573878576,-0.18043208388531082,Random Forest,Inter-Sector
0,DGIK,0.9953398587370093,9.84410026539478,Infrastructure,24.37009898003612,24.94677290849149,-0.27863603070802523,-0.34780659804928826,Random Forest,Inter-Sector
0,EXCL,0.9971866248027734,5144.833090510493,Infrastructure,581.2114169601614,20.020641990553123,-4.058915342030515,-0.12786318603275562,Random Forest,Inter-Sector
0,FIMP,0.9585123215033088,6.670264375028717,Infrastructure,11.202758476171098,14.223424179435346,-0.22031223588691623,-0.5469196141411402,Random Forest,Inter-Sector
0,FREN,0.9989935096553109,2347.1512272925625,Infrastructure,595.5878050162946,24.94561895346522,-1.4241494685836071,-0.4118423643828673,Random Forest,Inter-Sector
0,GHON,0.9702157910225918,4488.250888854392,Infrastructure,530.3982580264123,26.675105238325486,-0.42992056388887584,-0.042732955297880286,Random Forest,Inter-Sector
0,GMFI,0.9968051410079772,30.889098573715902,Infrastructure,53.63416361980188,28.216654336907915,-0.7719591349957069,-0.4938684013024127,Random Forest,Inter-Sector
0,GOLD,0.9764739604831061,133.00048980363715,Infrastructure,104.12100535367631,23.83347700784264,-0.2738039381312089,-0.12158087252359288,Random Forest,Inter-Sector
0,HADE,0.9617859370653234,42.172078361898485,Infrastructure,48.629706695254896,37.14719203236694,-2.397122161277228,-72.64832003450095,Random Forest,Inter-Sector
0,IBST,0.9940918371280908,32645.944058043842,Infrastructure,2711.2858279096026,27.666181917444927,15.631128465771035,0.181097362427586,Random Forest,Inter-Sector
0,IDPR,0.9973126885095192,657.8893303388113,Infrastructure,283.5740195776982,25.676091987574633,1.8278065180484073,0.013052206721399158,Random Forest,Inter-Sector
0,INET,0.9901677493387546,47.638480028416026,Infrastructure,14.722136562226197,17.953825075885607,-2.2252354046686986,-1.4294329274246864,Random Forest,Inter-Sector
0,IPCC,0.9953685936248912,631.0931220319324,Infrastructure,196.62091576325997,16.726955801401278,-2.2584769530916557,-0.3184423151274216,Random Forest,Inter-Sector
0,IPCM,0.9859107191184855,80.55171748483859,Infrastructure,98.64010331057347,20.130633328688464,-0.6797426674099195,-0.3079243883351719,Random Forest,Inter-Sector
0,ISAT,0.9950449095164913,14319.167349767915,Infrastructure,1206.2286557209318,20.355232585885,-10.0092220917907,-0.23306323679340857,Random Forest,Inter-Sector
0,JAST,0.998158776419639,517.6161637334579,Infrastructure,171.66270258173813,26.983803943934724,0.004953273692333751,-0.04148194967349503,Random Forest,Inter-Sector
0,JKON,0.9970509121160914,177.74585955183784,Infrastructure,139.1210053536763,25.75074268292681,1.5221882756770406,0.15266980079383158,Random Forest,Inter-Sector
0,JSMR,0.9970432054898162,7116.882112586523,Infrastructure,941.6458882069146,16.48648378935771,-9.751692640843133,-0.21792870753900837,Random Forest,Inter-Sector
0,KARW,0.9985046711021622,46.1301687538687,Infrastructure,78.19729255467928,33.24470394643186,-0.5129122069474273,-0.292265894594273,Random Forest,Inter-Sector
0,KBLV,0.9987239639019204,659.5036507285405,Infrastructure,386.97195240995006,37.03867491236107,2.5973088186701347,0.09955285748797864,Random Forest,Inter-Sector
0,KEEN,0.9896655682804801,328.2984129257324,Infrastructure,110.87298583203858,20.34948558118635,-0.3272384278442136,-0.04012080343787867,Random Forest,Inter-Sector
0,KETR,0.9163383276359739,81.65653963529552,Infrastructure,61.30080554432203,25.756640985009255,-0.3873861045044351,-0.17699531066088262,Random Forest,Inter-Sector
0,KOKA,0.8815055731438304,34.72586075378662,Infrastructure,26.495518223808176,27.314967241039355,-0.7481619870898822,-0.8488455520646205,Random Forest,Inter-Sector
0,KRYA,0.9882587591482319,245.10807088609894,Infrastructure,107.13785871300269,24.998342234924184,0.34482500397110005,-0.03526700665912897,Random Forest,Inter-Sector
0,LCKM,0.9362800311657832,122.63440798443516,Infrastructure,81.64366082215241,21.37268607909749,0.9122996135308503,0.2931241187627678,Random Forest,Inter-Sector
0,LINK,0.9950882116504683,8569.904740301505,Infrastructure,602.2473968608556,15.135685328782236,-13.025526884458541,-0.3901354297453827,Random Forest,Inter-Sector
0,MANG,0.9613398057536255,62.664634228158675,Infrastructure,12.346975725016904,14.201476693927773,0.577850051666047,0.36847500403317573,Random Forest,Inter-Sector
0,META,0.9954348304224819,20.826182631059464,Infrastructure,51.22389646234478,28.008923832641656,-0.14460933501611917,-0.14506667544019028,Random Forest,Inter-Sector
0,MORA,0.9267021471325355,176.18994629172593,Infrastructure,103.12262561829584,15.507161747112159,-0.4120794767433164,-0.06368266340612777,Random Forest,Inter-Sector
0,MPOW,0.992563643570703,51.59639250207131,Infrastructure,73.64366082215241,27.228024328731514,-0.46904889725544474,-0.462824815015666,Random Forest,Inter-Sector
0,MTEL,0.9605372012213484,122.41943163801676,Infrastructure,64.67172294610327,8.08396536826291,-1.2779204622507907,-0.1989644496411131,Random Forest,Inter-Sector
0,MTPS,0.9921772576727117,1374.2609787948568,Infrastructure,329.6059389579925,25.818888625494647,-0.6354787596060865,-11.336145477347495,Random Forest,Inter-Sector
0,MTRA,0.996241794425464,14.950636404419003,Infrastructure,47.550842748871446,12.014007884066839,-0.7926881480572072,-0.36680682407529297,Random Forest,Inter-Sector
0,NRCA,0.9967681119896198,210.39348141232372,Infrastructure,273.75516516815844,21.555524816390427,-1.1671245922151259,-0.2511375688644748,Random Forest,Inter-Sector
0,OASA,0.9868293350040629,24.58952815688847,Infrastructure,39.374347740273805,32.12699019336716,-0.07322437839629611,-0.1508416631553588,Random Forest,Inter-Sector
0,PBSA,0.9952602304595362,169.60953570849165,Infrastructure,96.32167635804603,23.476091929210803,0.17047566127998642,-0.03332760807301907,Random Forest,Inter-Sector
0,PGEO,0.9767976459125172,1338.110053454226,Infrastructure,121.59034285864459,14.574373004853204,-3.918122734656539,-0.3292219341783468,Random Forest,Inter-Sector
0,PORT,0.9556101268632904,1116.6474619140818,Infrastructure,215.23569955494509,22.92566035580224,0.6017894262802242,0.019443454259251647,Random Forest,Inter-Sector
0,POWR,0.9942235947766586,396.3317603424996,Infrastructure,282.71916523076015,19.98015301984171,-1.2102636116813923,-0.19476989513955403,Random Forest,Inter-Sector
0,PPRE,0.9974745367304831,31.238716434618276,Infrastructure,48.74041118803504,25.123923292801564,-0.635443416055829,-0.41302598837423987,Random Forest,Inter-Sector
0,PTDU,0.9978781791286886,1362.9912693735816,Infrastructure,380.89314358131105,25.405066672353133,2.092453789653623,-1.8072893540936052,Random Forest,Inter-Sector
0,PTPP,0.9982875684472736,2160.3028546458136,Infrastructure,267.0549267256897,17.63298634119832,-3.4820084982769988,-0.25402123278545624,Random Forest,Inter-Sector
0,PTPW,0.9853323878889318,723.6238689043495,Infrastructure,187.38872497487546,19.263554946676443,0.9835778467237188,0.07504877957497234,Random Forest,Inter-Sector
0,RONY,0.9973857216479474,211.58480471016114,Infrastructure,96.00796746002555,30.537933417972635,-0.8565927614756256,-0.046144461843704514,Random Forest,Inter-Sector
0,SMKM,0.9968259300758812,229.75810456424946,Infrastructure,72.99093780495718,12.9464009494682,0.08140466737447999,-0.11431026869969613,Random Forest,Inter-Sector
0,SSIA,0.9983747790665815,196.5168098401847,Infrastructure,173.75516516815844,35.97800330578602,-0.8608697974008046,-0.11650827331662544,Random Forest,Inter-Sector
0,SUPR,0.5049320543507743,79482908.37541965,Infrastructure,52427.247699761545,73.86720352203106,3498.993914670471,8.841337387629071,Random Forest,Inter-Sector
0,TAMA,0.9814990644033853,80.13425663279176,Infrastructure,59.28102683489601,20.571006780297697,-1.1758202670830642,-6.041143061120121,Random Forest,Inter-Sector
0,TBIG,0.9972394233042889,1378.1809932437689,Infrastructure,418.6430785702796,23.731548041386418,-1.0166771325349047,-0.05102341401614612,Random Forest,Inter-Sector
0,TGRA,0.9982589572909957,157.60978787936457,Infrastructure,100.0513285602147,31.67881337652123,-0.5294944113595004,-0.5757620237125113,Random Forest,Inter-Sector
0,TLKM,0.9980541507935021,2471.6107871959543,Infrastructure,430.240306022205,14.437594161818959,-4.5937191162418936,-0.1440206823103968,Random Forest,Inter-Sector
0,TOPS,0.9986616079391817,142.27785651356737,Infrastructure,72.5913159588481,23.368904406770305,-2.0541359403663093,-20.976331746059365,Random Forest,Inter-Sector
0,TOTL,0.9974952370710052,171.75933729255698,Infrastructure,194.60593895799252,21.255104426201825,-1.0107407393092607,-0.2224345164783762,Random Forest,Inter-Sector
0,TOWR,0.9973976470986943,250.21274988877374,Infrastructure,244.05442194465286,16.084931622971972,-0.5106166695859172,-0.09693583855993929,Random Forest,Inter-Sector
0,WEGE,0.9942923409896022,34.116574190790324,Infrastructure,32.46138941160865,14.667543664466884,-0.8857102768737135,-0.4456525568166635,Random Forest,Inter-Sector
0,WIKA,0.9979534849946661,1506.5972433085915,Infrastructure,279.9309503995264,17.61363836650768,-3.2033945934762675,-0.2547979395279717,Random Forest,Inter-Sector
0,WSKT,0.9981270602417244,1146.595193525164,Infrastructure,191.43182724582357,17.998446056697496,-3.34013172381649,-0.332846578174704,Random Forest,Inter-Sector
0,ADCP,0.980559538871284,2.89698201381792,Properties and Real Estate,6.740242344690458,11.71575230325696,-0.46215703017772364,-0.6470853256474256,Random Forest,Inter-Sector
0,AMAN,0.9927524822741585,287.30534572730187,Properties and Real Estate,233.41806447156569,26.514613434090222,0.05379307927150419,-0.12497335840220623,Random Forest,Inter-Sector
0,APLN,0.997578481249894,24.27378467485527,Properties and Real Estate,38.54212423707028,13.96453776705445,-0.7462204419016331,-0.3786103048017169,Random Forest,Inter-Sector
0,ARMY,0.9955643640464347,66.441868322244,Properties and Real Estate,121.12595798452077,25.326145032691517,-0.5861737467346326,-0.5785396339785642,Random Forest,Inter-Sector
0,ASPI,0.992950865144116,96.22766108770492,Properties and Real Estate,174.35856941900377,89.4146509841045,0.197777947546629,0.010851730982165207,Random Forest,Inter-Sector
0,ASRI,0.9980704324550616,72.67834712636821,Properties and Real Estate,105.7239538106337,17.941013823754787,-0.9694989131655473,-0.3282983655839514,Random Forest,Inter-Sector
0,ATAP,0.9711395541837903,41.59551414120041,Properties and Real Estate,44.36438374027381,26.152835046681037,-0.13239932988741568,0.040192164839336915,Random Forest,Inter-Sector
0,BAPA,0.9966406989227482,11.71131476885784,Properties and Real Estate,43.87274309330846,28.902537217438173,-0.14450238885736205,-0.1820400788586537,Random Forest,Inter-Sector
0,BAPI,0.6077871783282127,14.831717499396241,Properties and Real Estate,-0.28566215131070294,-0.4131373117963204,-0.45673034080204405,-0.7084162695515506,Random Forest,Inter-Sector
0,BBSS,0.9810033735342156,19.203872814131376,Properties and Real Estate,28.079907862284657,25.527188965713325,-0.09875001072614883,-0.18174661957300714,Random Forest,Inter-Sector
0,BCIP,0.9986727887546046,102.30231850121736,Properties and Real Estate,154.09012659398877,26.94655317014635,0.37180044032930915,-0.15788694864443595,Random Forest,Inter-Sector
0,BEST,0.997577208096351,99.89146606206445,Properties and Real Estate,88.4850384408204,15.105150275722993,-1.4191515983090681,-0.4972140465999802,Random Forest,Inter-Sector
0,BIKA,0.9981581116731073,417.9474045869542,Properties and Real Estate,320.57040464749525,27.253152098340973,-1.2140730745372343,-0.3738241228738841,Random Forest,Inter-Sector
0,BIPP,0.98364511811835,7.896738955381657,Properties and Real Estate,34.88035032768302,31.85937778450682,-0.13626528718591713,-0.6834890221957516,Random Forest,Inter-Sector
0,BKDP,0.9933322299754956,10.976206936248149,Properties and Real Estate,39.929407388955866,28.97020720802081,-0.09997961301841629,-0.1541339717842675,Random Forest,Inter-Sector
0,BKSL,0.9998805267769622,4.647072873182146,Properties and Real Estate,39.3835966446328,14.399405768450372,-0.4148244127176368,0.11998420178584882,Random Forest,Inter-Sector
0,BSBK,0.9952984339511904,6.702061535511043,Properties and Real Estate,16.070755755618393,10.503761931776728,-0.14976417965403999,-0.2993141972386534,Random Forest,Inter-Sector
0,BSDE,0.9966854294775048,765.4035648005532,Properties and Real Estate,295.1079891120048,28.301911465901924,-1.5913094068537876,-0.1285867631047656,Random Forest,Inter-Sector
0,CBPE,0.7907475006924864,20.475606610772658,Properties and Real Estate,22.648984335292155,17.289301019306986,-0.05736085090611069,-0.03477782772191948,Random Forest,Inter-Sector
0,CITY,0.9903322266904978,99.80949334021085,Properties and Real Estate,108.72023807621662,28.034264303564825,-1.168834589174278,-0.96354876039069,Random Forest,Inter-Sector
0,COWL,0.9991565893579978,83.9101149758066,Properties and Real Estate,118.28303665653527,23.20746777702305,-0.06313359218907807,-0.19245624383881685,Random Forest,Inter-Sector
0,CPRI,0.9771351008938008,2.46822474584292,Properties and Real Estate,13.567855663486213,12.792865734891334,-0.3717885955618884,-0.6378490169529079,Random Forest,Inter-Sector
0,CSIS,0.9863016379190777,2063.774686593435,Properties and Real Estate,798.6071049152288,58.71713883800756,1.9408379084806355,-0.3688745049932269,Random Forest,Inter-Sector
0,CTRA,0.9978792210650449,431.7801534682396,Properties and Real Estate,145.28399704587582,25.020437354834137,-0.7630718477109015,-0.20862790813970228,Random Forest,Inter-Sector
0,DADA,0.9856112087852992,49.43709451231469,Properties and Real Estate,76.14801326500708,25.417743752879467,-1.3980161256305987,-19.207394951085,Random Forest,Inter-Sector
0,DART,0.9993964076029247,39.31560454689828,Properties and Real Estate,97.03019026575953,39.904576931777314,0.29001533684758785,0.017682383196267373,Random Forest,Inter-Sector
0,DILD,0.9983379889232515,49.63682938471155,Properties and Real Estate,73.52392413138023,30.87969701053137,-0.2024410023360821,-0.6255231436015151,Random Forest,Inter-Sector
0,DMAS,0.9878290136660454,22.52136839102562,Properties and Real Estate,28.542124237070283,15.27904245355759,-0.7602261203760008,-0.37875065785345624,Random Forest,Inter-Sector
0,DUTI,0.9985768714332409,5974.884463543641,Properties and Real Estate,1080.2957760001054,22.351553456598307,-1.3047037472659428,0.00726585511474077,Random Forest,Inter-Sector
0,ELTY,0.9977667205616559,3454.5973008834717,Properties and Real Estate,767.6694862579275,49.49696860626377,0.9226198975239929,-0.36684104178023064,Random Forest,Inter-Sector
0,EMDE,0.9933789959663225,17.96408316037669,Properties and Real Estate,57.30080554432203,25.160245955681106,0.24166139552203864,0.13760565800640207,Random Forest,Inter-Sector
0,FMII,0.9942588757618726,59.00997452603059,Properties and Real Estate,101.52782597311136,29.32530400689439,0.05774910454642939,-0.07939454416072388,Random Forest,Inter-Sector
0,FORZ,0.9987167211180289,177.99643605126343,Properties and Real Estate,118.03021888573551,33.46637188169018,0.15379268327627363,-0.44019206656122156,Random Forest,Inter-Sector
0,GAMA,0.9988047686540613,11.069157575788946,Properties and Real Estate,27.171872883642664,21.428652888577027,-0.29572045144871756,-0.6330513032436325,Random Forest,Inter-Sector
0,GMTD,0.9994435972715934,352.5314130674899,Properties and Real Estate,397.9076367446323,32.99543894192455,0.23427366532833155,-1.5592398214660796,Random Forest,Inter-Sector
0,GPRA,0.9943397358954718,27.007471337316243,Properties and Real Estate,58.2344160883147,34.443519286291654,0.02612352008610782,-0.12035837559013654,Random Forest,Inter-Sector
0,GRIA,0.8411564246395342,45.362962708475905,Properties and Real Estate,37.15663948959771,25.62526861351566,1.0630098744407044,0.759556842270203,Random Forest,Inter-Sector
0,HBAT,0.9179473639130792,6.859993558234537,Properties and Real Estate,7.714337848689297,13.300582497740168,-0.11797420477080081,-0.07332768579867016,Random Forest,Inter-Sector
0,HOMI,0.9937031242733589,465.7341657122867,Properties and Real Estate,109.7258824806014,25.62526861351566,-1.2323913337496288,-0.29521595059762495,Random Forest,Inter-Sector
0,INDO,0.941354464651605,50.280534041270045,Properties and Real Estate,59.49842116619445,33.19787217225978,0.05332361869648735,0.0963192251777175,Random Forest,Inter-Sector
0,INPP,0.9904755006488118,562.4681420090249,Properties and Real Estate,224.95635586796345,24.18885546967349,1.5911242121531133,0.1573826408143964,Random Forest,Inter-Sector
0,IPAC,0.9739441260244447,32.50817793376914,Properties and Real Estate,32.14801326500708,15.058658328345542,1.3326534595570714,1.051897517783762,Random Forest,Inter-Sector
0,JRPT,0.9983878850343417,132.28094496075306,Properties and Real Estate,151.74023329510976,20.78633332809723,0.547127654968441,0.03301529864355925,Random Forest,Inter-Sector
0,KBAG,0.9961456209391901,25.78780585440421,Properties and Real Estate,52.383755285448416,21.468752166167384,-0.36066993889449117,-1.4047858544643819,Random Forest,Inter-Sector
0,KIJA,0.9973534457022877,16.830304408321442,Properties and Real Estate,48.5019004895977,31.520000692508717,-0.178523470689317,-0.09112354431739263,Random Forest,Inter-Sector
0,KOCI,0.6936004106636591,7.980672977474886,Properties and Real Estate,7.986595268217911,13.300582497740168,-0.066876278189268,-0.15817909227489593,Random Forest,Inter-Sector
0,LAND,0.9959981588769481,1001.0652230674709,Properties and Real Estate,293.5740195776982,29.766436160031084,0.8307580144181471,-2.4013854280995988,Random Forest,Inter-Sector
0,LCGP,0.9981870036685061,38.43767973999502,Properties and Real Estate,119.73305045655763,32.680026220106754,-0.39484223525276624,-0.5028327323566665,Random Forest,Inter-Sector
0,LPCK,0.9990155163427399,6933.3206187869955,Properties and Real Estate,1137.6344017352294,22.687800467270318,-5.9445550985120645,-0.14879359979551016,Random Forest,Inter-Sector
0,LPKR,0.9985628651931238,112.0752879203886,Properties and Real Estate,120.36976401196239,19.30009841192792,0.18120642436314985,-0.09920410797988946,Random Forest,Inter-Sector
0,LPLI,0.9965430047507001,414.781690102727,Properties and Real Estate,199.50526413732945,34.85972390867319,0.8890006121093773,0.15979763077265918,Random Forest,Inter-Sector
0,MDLN,0.9988151677833812,26.239152596310603,Properties and Real Estate,69.64366082215241,31.203260746414273,-0.28610183809761325,-0.2625374451263395,Random Forest,Inter-Sector
0,MKPI,0.6805704612265141,30375780.911595963,Properties and Real Estate,21152.24769976154,53.28022090620036,3219.3099799883407,11.675788512150415,Random Forest,Inter-Sector
0,MMLP,0.9933983371442909,208.52572207598058,Properties and Real Estate,115.77695767169428,19.706424845564626,1.0136018713135757,0.08022001085688203,Random Forest,Inter-Sector
0,MPRO,0.9851178491360014,8343.727636679752,Properties and Real Estate,542.841703702522,25.01574671440193,3.619625662669638,0.18775675913902343,Random Forest,Inter-Sector
0,MSIE,0.9758054192759696,3.3699594579899386,Properties and Real Estate,5.771195549395436,19.912307284012755,-0.009376484966744172,0.289786146088194,Random Forest,Inter-Sector
0,MTLA,0.988257509188904,79.80174120068396,Properties and Real Estate,74.19729255467928,17.0177276501558,0.39311072195505786,0.05513502824036396,Random Forest,Inter-Sector
0,MTSM,0.9969454126118392,104.49225602021095,Properties and Real Estate,151.5787571877703,27.526098670941323,-0.4085326796421305,-0.19820990889709128,Random Forest,Inter-Sector
0,MYRX,0.9475797355999909,84.46360777875609,Properties and Real Estate,13.691075203970684,16.720162442115726,-6.058118566993455,-120.68299924541517,Random Forest,Inter-Sector
0,NASA,0.9986748446475878,80.29032105243209,Properties and Real Estate,124.32289130503466,28.00341240903819,-0.4339654253179528,-0.9747516632188363,Random Forest,Inter-Sector
0,NIRO,0.9954718350136217,16.675609119310778,Properties and Real Estate,28.082837721407458,19.81779553922486,-0.40118110450817046,-0.3038511997541129,Random Forest,Inter-Sector
0,NZIA,0.9892484872052175,454.45068119753523,Properties and Real Estate,158.01067651412313,31.692386431298363,0.23897125108304731,0.2552601905943182,Random Forest,Inter-Sector
0,OMRE,0.9970495220114546,347.6141251882199,Properties and Real Estate,463.8320423524859,38.451982609850845,0.44699376583157546,0.10843376938537214,Random Forest,Inter-Sector
0,PAMG,0.9478483312363797,236.8213205675861,Properties and Real Estate,159.7258824806014,28.1678419807845,-0.261589467465747,-0.282435980318551,Random Forest,Inter-Sector
0,PANI,0.9977627769509486,5408.552835051485,Properties and Real Estate,1105.0223532069149,24.70380895735307,-5.6326132350276925,-89.5934227619662,Random Forest,Inter-Sector
0,PLIN,0.994452512760492,5776.797699022323,Properties and Real Estate,1051.0321443777616,24.35165956097999,2.018490788673988,0.022762165562297414,Random Forest,Inter-Sector
0,POLI,0.9514323678688709,3292.3044576336006,Properties and Real Estate,444.6059389579925,24.29540650043675,-2.0458389011917744,-0.3339347393874474,Random Forest,Inter-Sector
0,POLL,0.9961851161400225,35264.389364872055,Properties and Real Estate,1790.216021682505,25.269394351159235,-9.528247569992057,-0.6175275185853041,Random Forest,Inter-Sector
0,POSA,0.9591732537346523,184.20013245961857,Properties and Real Estate,144.98522783440978,30.767968239179023,-0.5982579584074357,-0.7343266308032917,Random Forest,Inter-Sector
0,PPRO,0.9983816713940189,9.827173137452556,Properties and Real Estate,33.43312948294562,11.248038311326951,-0.8276133314035249,-1.2852153576642034,Random Forest,Inter-Sector
0,PUDP,0.9910953237642934,167.23396344653395,Properties and Real Estate,210.83782880168542,28.797798531881448,-0.8593734587549129,-0.18652551396072253,Random Forest,Inter-Sector
0,PURI,0.947063471877413,375.3912528739979,Properties and Real Estate,111.12595798452077,20.192224301399268,0.6781989086152619,0.0750609428777812,Random Forest,Inter-Sector
0,PWON,0.9980235985723964,87.3749975445356,Properties and Real Estate,66.79670265938086,48.05702176681498,-1.001437302505078,-0.5086286588962985,Random Forest,Inter-Sector
0,RBMS,0.9858088324212391,13.617999272628534,Properties and Real Estate,55.94843798003615,39.40733333316593,-0.04342188097422969,-0.09085975896873537,Random Forest,Inter-Sector
0,RDTX,0.9983071749162534,19278.287455757414,Properties and Real Estate,2102.1981853698107,20.371579680994895,-0.7416257270601724,-0.011613443793748356,Random Forest,Inter-Sector
0,REAL,0.9777389289691373,93.37142625140436,Properties and Real Estate,78.74472351071057,35.86891030047643,-1.645246396245156,-19.324594223145088,Random Forest,Inter-Sector
0,RELF,0.9859049243473552,36.36841972188703,Properties and Real Estate,32.15881296603686,17.573121839364404,-0.5763523607018075,-1.5758157855556163,Random Forest,Inter-Sector
0,RIMO,0.9967210530690629,8.990466192596005,Properties and Real Estate,114.48489622192159,33.63323599802952,-0.1732359458293469,-0.4215347789270549,Random Forest,Inter-Sector
0,RISE,0.996832490950559,169.5426811355247,Properties and Real Estate,110.22806451056749,14.828464063263624,0.5816671913217444,0.07767485190061299,Random Forest,Inter-Sector
0,ROCK,0.9795907323401218,1275.1876191064584,Properties and Real Estate,336.45910333740744,24.062606454648545,1.5654176746071962,0.24533335667871486,Random Forest,Inter-Sector
0,RODA,0.9960203150219495,102.43504781709754,Properties and Real Estate,109.98522783440978,46.208175726418055,-0.028120816053795395,-0.4220179240116587,Random Forest,Inter-Sector
0,SAGE,0.9919361614181804,26.72240481890582,Properties and Real Estate,15.548428219121348,6.644627444068953,-1.1202514062188258,-0.9193528305751585,Random Forest,Inter-Sector
0,SATU,0.9788774451433059,20.443038141317672,Properties and Real Estate,32.81892703154226,24.94677290849149,-0.3090057014654496,-0.38264469979824023,Random Forest,Inter-Sector
0,SMDM,0.9884412397550177,37.6018127513621,Properties and Real Estate,72.79670265938086,37.99068158664886,0.285446687225816,-0.014690825854183694,Random Forest,Inter-Sector
0,SMRA,0.9981405560575587,403.5127164796865,Properties and Real Estate,236.3949964003291,23.085060625639983,-0.8898413122626586,-0.6670646875568071,Random Forest,Inter-Sector
0,TARA,0.9988848582875136,115.47255234040018,Properties and Real Estate,100.14801326500708,24.94677290849149,-1.064158082357082,-10.882665730387913,Random Forest,Inter-Sector
0,TRIN,0.9824888255562175,156.36502491426089,Properties and Real Estate,109.7258824806014,25.350376162887976,-0.9638449736993848,-0.5440107775556169,Random Forest,Inter-Sector
0,TRUE,0.988230326383948,293.2106357677104,Properties and Real Estate,152.71836219858358,25.617570287789558,-0.31225065937547414,-0.8700392874457072,Random Forest,Inter-Sector
0,UANG,0.9742641644357767,1509.1885308213443,Properties and Real Estate,249.4979568779804,20.8558520262695,-2.7863514547730004,-1.1605435775510053,Random Forest,Inter-Sector
0,URBN,0.9981764496747529,1249.2304320443363,Properties and Real Estate,252.17018296981723,26.712687623004143,-6.267906922500065,-1.0724856438765906,Random Forest,Inter-Sector
0,VAST,0.9486955086859532,10.03810618797464,Properties and Real Estate,14.803430726988992,13.21734886338303,-0.4197380416558853,-0.5661853852189322,Random Forest,Inter-Sector
0,WINR,0.979396283542781,8.127087356201354,Properties and Real Estate,2.2250285290216993,5.4112084771853475,-0.778917745564114,-3.3426074363090557,Random Forest,Inter-Sector
0,AREA,0.37176741043736183,101.61687265479254,Technology,18.380793066848,14.2562003206602,-0.320546171455336,-0.5837648812350866,Random Forest,Inter-Sector
0,ATIC,0.9743884617132048,1072.1565664316115,Technology,462.0573212682191,20.932443327537985,1.1164068448284385,-0.21518547473496746,Random Forest,Inter-Sector
0,AWAN,0.9044351070146766,166.38826160023632,Technology,57.945991592555515,14.486497898138879,-0.9278500053627393,-0.4325076144549155,Random Forest,Inter-Sector
0,AXIO,0.9745691861550955,54.4565837615152,Technology,42.683078684861044,24.815743421430838,-0.8429505849878035,-0.41832143440656633,Random Forest,Inter-Sector
0,BELI,0.7759174988331228,27.217518535912493,Technology,40.68602803062913,9.00133363509494,1.1257326332844275,0.24801086567032743,Random Forest,Inter-Sector
0,BUKA,0.9974978101926387,80.8110078348203,Technology,34.71601314374152,5.96340139210738,-2.7349678408310854,-0.8875139264018471,Random Forest,Inter-Sector
0,CASH,0.9949612811160826,127.56390343193739,Technology,62.35856941900377,75.1308065289202,-0.868075154820699,-0.35287026532495447,Random Forest,Inter-Sector
0,CHIP,0.9828584854049964,5459.154223594823,Technology,251.24750915768414,18.234757148466997,-2.189593040188372,-0.10431207989310783,Random Forest,Inter-Sector
0,CYBR,0.956945968369384,95.99017264335689,Technology,25.04902967026274,13.763203115528977,0.037416621793417745,-0.1726519034506074,Random Forest,Inter-Sector
0,DCII,-2.3477669321952814,435168868.64681953,Technology,40452.247699761545,68.5631316945111,18805.160521929556,46.444644372016505,Random Forest,Inter-Sector
0,DIVA,0.9962488878507904,1284.4821035667944,Technology,281.75315595021516,32.529882334382485,-3.9620222629426114,-0.46090830969464586,Random Forest,Inter-Sector
0,DMMX,0.9976333440967461,1871.5954445983143,Technology,280.26911256811127,22.515301394056888,-2.525121179761154,-0.3678091611858758,Random Forest,Inter-Sector
0,EDGE,0.9275720455599804,67701.9840514904,Technology,4009.3585694190037,99.48780569277925,-3.161687115796479,-0.05715695800547367,Random Forest,Inter-Sector
0,ELIT,0.9815926668867897,54.21469664449616,Technology,43.17674772230151,19.672256799164455,0.22711499171183377,0.09500189009691028,Random Forest,Inter-Sector
0,EMTK,0.9970107566902839,969.089485505176,Technology,294.9496210162947,21.707620130883512,-0.0021401922565626665,0.017479356670683514,Random Forest,Inter-Sector
0,ENVY,0.9937705175990776,1531.1966453482162,Technology,307.8303966095109,28.786133080474862,-0.3229451720419929,-0.4947816171448126,Random Forest,Inter-Sector
0,GLVA,0.9861108879666525,515.597093724978,Technology,162.96701061562783,21.791727359534768,2.2691832008321065,0.38583945437977735,Random Forest,Inter-Sector
0,GOTO,0.9962347896730527,30.234887864912636,Technology,3.1767477223015135,1.2033135311748158,-2.635622731799087,-1.064845610950853,Random Forest,Inter-Sector
0,HDIT,0.9925663669594531,451.06435782127477,Technology,108.38877485386342,25.79203792281496,-5.704255153638408,-3.5910483016568224,Random Forest,Inter-Sector
0,IOTF,0.9263367504224608,142.43167412657675,Technology,45.672795524538856,37.04956984268587,0.6075672154144457,0.42354728368213584,Random Forest,Inter-Sector
0,IRSX,0.9850745707613313,27.555027536785502,Technology,52.63122167448668,25.762872549615214,-0.31236945630271407,-0.5700850839015381,Random Forest,Inter-Sector
0,JATI,0.9894205218160035,20.11050648731083,Technology,21.98659526821791,24.161093701338366,-0.6805407142744608,-0.9078143688179318,Random Forest,Inter-Sector
0,KIOS,0.9977728406260943,1398.772867981861,Technology,341.61909572738546,36.926755763326426,0.5936603322491979,-0.31445173688272465,Random Forest,Inter-Sector
0,KREN,0.9979613995748622,87.39594801109921,Technology,64.47666210007333,25.651634589077698,-4.191806739885694,-78.18815345594388,Random Forest,Inter-Sector
0,LMAS,0.9982665810880957,146.16238306463953,Technology,277.6387388622236,30.455208086401232,0.24203356959167818,-0.22216948268088266,Random Forest,Inter-Sector
0,LUCK,0.9954362277024498,825.2993115568906,Technology,286.4954933577435,25.75074268292681,-2.094877777939741,-0.8630532968113287,Random Forest,Inter-Sector
0,MCAS,0.9972020951759616,38071.06815635191,Technology,1850.2684400012567,20.495747368664386,1.2409816184436115,-0.10368948576381781,Random Forest,Inter-Sector
0,MENN,0.9589106467192874,46.31199589492829,Technology,13.739097462777295,16.879931434907782,-3.4396481892173827,-34.91333035173236,Random Forest,Inter-Sector
0,MLPT,0.9945845848733195,4163.663426857482,Technology,1034.9495642538332,28.57372693578019,0.24707017923706107,0.0366342543246148,Random Forest,Inter-Sector
0,MPIX,0.805434189465279,403.58820617526726,Technology,56.361206505888276,19.66678098597733,-1.015097132553795,-0.8950569380079765,Random Forest,Inter-Sector
0,MSTI,0.7255359919816242,1489.1383070046866,Technology,113.30241507358642,7.895638681086162,3.7949845218559557,0.25934593262784994,Random Forest,Inter-Sector
0,MTDL,0.9989184805900478,38.21381572320664,Technology,133.89271374577123,20.920736522776757,-0.588581354713153,-3.5509439095479696,Random Forest,Inter-Sector
0,NFCX,0.9957597768803127,38808.86756146537,Technology,1853.126124253682,20.89686612369217,0.47821716601646286,-0.02824888796590437,Random Forest,Inter-Sector
0,NINE,0.7291313352317678,60.45284660208483,Technology,4.160146270405008,9.900401036003444,-5.2673016302960995,-64.05134004844444,Random Forest,Inter-Sector
0,PGJO,0.9673745508346508,9.70314935502933,Technology,12.880350327683018,13.75765662144791,-0.42109582819955327,-1.2169688933090632,Random Forest,Inter-Sector
0,PTSN,0.9943587345859847,78.39089744614175,Technology,115.34432459115806,32.92835276977972,0.012915042971979603,-0.1812564995318748,Random Forest,Inter-Sector
0,RUNS,0.9916996826452381,110.55141299458028,Technology,59.52392413138023,16.720203407691077,-1.8113676887865064,-0.5703441465539923,Random Forest,Inter-Sector
0,SKYB,0.9985736525075792,62.38354665964324,Technology,127.90695165945863,28.876968651933527,-0.7625529580903209,0.11581633543369486,Random Forest,Inter-Sector
0,TECH,0.9949848165053613,37657.307663352905,Technology,1459.8923001227731,26.451457578805776,9.737252106110656,0.19947767765749036,Random Forest,Inter-Sector
0,TFAS,0.9945408693444833,21088.019938820962,Technology,1130.0223532069149,22.617026624556352,-1.4141356272806525,-0.12324272363473199,Random Forest,Inter-Sector
0,TOSK,0.8556963229672947,35.782380201371446,Technology,23.714337848689297,32.04640249822878,-0.17365929484766426,-0.33388154375002205,Random Forest,Inter-Sector
0,TRON,0.8805319916247387,195.22310118068995,Technology,59.746035990625046,19.272914835685498,-2.2998538692424053,-0.8773495850892626,Random Forest,Inter-Sector
0,UVCR,0.9937399616189382,138.43385019087333,Technology,55.87298583203858,12.337342538750562,-1.1838352139005324,-0.5294542987371041,Random Forest,Inter-Sector
0,WGSH,0.9791614212524774,34.55267799668396,Technology,26.26382003509579,17.630026039821182,-0.03367073789013758,0.003579620114020339,Random Forest,Inter-Sector
0,WIFI,0.9957339509134715,367.71015364630523,Technology,242.0639756641756,20.957919970924294,-2.0623391678903533,-0.5585133410895227,Random Forest,Inter-Sector
0,WIRG,0.9955218157502949,233.4307647736606,Technology,76.29189238372976,15.484883008538164,-3.0934355187684472,-0.8717552677753159,Random Forest,Inter-Sector
0,ZYRX,0.9911256510673762,254.4726726073903,Technology,124.47666210007333,19.092010451526427,-1.6705166561754814,-0.40185294231406316,Random Forest,Inter-Sector
0,AKSI,0.9870791241378759,473.51800497785626,Transportation,324.96342432112647,35.248820761497726,-0.6051306644572759,-0.31318936768771416,Random Forest,Inter-Sector
0,ASSA,0.9975893099740549,1476.2252477004308,Transportation,484.95719388100224,25.3076613134389,-1.1447789570564837,-0.22143454439167648,Random Forest,Inter-Sector
0,BIRD,0.9981539462501741,9359.90499938136,Transportation,930.0259201241643,17.427023929363823,-5.197075099867758,-0.21132499083316783,Random Forest,Inter-Sector
0,BLTA,0.9988254998865258,184.12908171709947,Transportation,150.10501076209334,19.82468358975868,0.07647872130034676,-0.20671314042352895,Random Forest,Inter-Sector
0,BPTR,0.9834774938325477,46.48660060851832,Transportation,58.72783429727758,25.376488166020224,0.3503176990069304,0.2676659052238197,Random Forest,Inter-Sector
0,CMPP,0.9895132533232565,162.51311987693163,Transportation,222.9715805491719,25.630847233313386,-0.3711328927113118,-0.20926955867558028,Random Forest,Inter-Sector
0,DEAL,0.9965605150919659,668.152500030236,Transportation,215.2280645105675,27.00967168919205,-0.8082783369784916,-13.648685654324174,Random Forest,Inter-Sector
0,ELPI,0.9503304348463076,50.06953165625995,Transportation,45.48257301493925,13.536480063970014,-0.7211626423893854,-0.33864026245121753,Random Forest,Inter-Sector
0,GIAA,0.9970892272853833,64.64400565737891,Transportation,65.48939825070494,15.934593864680568,-0.7091085549680295,-0.27965840517891266,Random Forest,Inter-Sector
0,GTRA,0.9619640214971548,194.36382485417565,Transportation,51.411730092465035,28.197553842359195,-0.3204532270040302,-0.09394274523246195,Random Forest,Inter-Sector
0,HAIS,0.9392982666593355,74.09140125869594,Transportation,59.885877272523544,24.147531158275623,-1.3256663659484607,-0.6109315631106875,Random Forest,Inter-Sector
0,HATM,0.9665566248941836,142.8586005410376,Transportation,59.23015018893307,19.10084636291779,-0.22541292393799875,-0.12115640360561247,Random Forest,Inter-Sector
0,HELI,0.9861409572961022,174.97426229811379,Transportation,120.58518341293666,26.573122655484344,-0.15818628314588593,-0.15959407111439466,Random Forest,Inter-Sector
0,IMJS,0.9913163191356407,211.44578401396208,Transportation,140.4196956090566,25.316569378857672,0.1649832695674589,-0.07265483936904821,Random Forest,Inter-Sector
0,JAYA,0.9663905005052461,74.15120620358631,Transportation,38.03079587530851,28.566020017260346,-0.14959361689125572,0.43714562662517237,Random Forest,Inter-Sector
0,KJEN,0.9969039963973101,1259.1797430649412,Transportation,378.7187770558753,29.948484779905566,0.5366236758554679,0.18633780364539776,Random Forest,Inter-Sector
0,KLAS,0.8906343584804103,33.70844302861592,Transportation,21.652766629733506,19.606837602663063,2.040853643845868,2.490844975094124,Random Forest,Inter-Sector
0,LAJU,0.9889148922412553,106.43022563901455,Transportation,49.90402883023245,30.73327619575648,-0.230298265524935,-0.4062470497456056,Random Forest,Inter-Sector
0,LOPI,0.9384735002270794,7.537106090932369,Transportation,12.771195549395436,19.35029628696278,0.2602076884874993,0.3137745177568083,Random Forest,Inter-Sector
0,LRNA,0.9645442131062065,53.42038140583689,Transportation,60.05477160972569,30.027385804862845,0.22175915625079007,-0.01642063280568836,Random Forest,Inter-Sector
0,MIRA,0.999702720258809,9.523764031808641,Transportation,20.633079713661616,25.99702766596539,-0.7865559443049237,-8.036582336830717,Random Forest,Inter-Sector
0,MITI,0.9929103245048753,865.5109598588685,Transportation,453.0030573201502,60.144770497222154,0.9459328649864093,0.1871079196951494,Random Forest,Inter-Sector
0,MPXL,0.9154349494752286,144.59108369099678,Transportation,52.123462052402886,19.023161332993755,0.021383942054176507,-0.15257234675439685,Random Forest,Inter-Sector
0,NELY,0.9952270543936421,60.163290973578725,Transportation,109.2901324600291,24.39528642243093,-0.24426881496378802,-0.14497786615900252,Random Forest,Inter-Sector
0,PPGL,0.9897799551831917,23.399897955314657,Transportation,31.63379341239869,9.249654476176099,-0.2777887521669684,-0.26823470452544457,Random Forest,Inter-Sector
0,PURA,0.9790313646258108,26.537851229114448,Transportation,74.81524667735331,29.22470573334114,-0.4433134833215368,-2.6945379192468604,Random Forest,Inter-Sector
0,RCCC,0.8989738483066886,42.29781547051633,Transportation,15.975165699377925,14.406409952493823,0.827451239458625,0.6094677044663213,Random Forest,Inter-Sector
0,SAFE,0.9905348397675587,62.57034513279139,Transportation,100.40770265995278,36.801985473686265,0.20254678982254343,0.020507377348557607,Random Forest,Inter-Sector
0,SAPX,0.9924600030732827,1503.784310233051,Transportation,285.9671843373419,28.768173329534854,2.255943651234388,0.1651286241694852,Random Forest,Inter-Sector
0,SDMU,0.9982680151478682,43.33084376698239,Transportation,64.37009898003612,25.818888625494647,-0.28932540845855226,-0.4141186287302449,Random Forest,Inter-Sector
0,SMDR,0.9981748973764789,21.845693892485357,Transportation,86.48808795465783,20.821564546790906,-0.15273387251518972,-0.1103151500825333,Random Forest,Inter-Sector
0,TAXI,0.998720944816777,331.0120350306926,Transportation,203.5740195776982,33.41236235370064,-1.0878657745012303,-3.092845884717254,Random Forest,Inter-Sector
0,TMAS,0.9851997530967306,69.21841830824638,Transportation,44.73557429402362,20.49915647931901,-4.808655985771394,-84.80175141807904,Random Forest,Inter-Sector
0,TNCA,0.9893385817921366,1512.6266788411356,Transportation,540.4988028548914,29.031020476092007,-0.9546421110477459,-0.38228163065149934,Random Forest,Inter-Sector
0,TRJA,0.9816928570867504,147.6159374244072,Transportation,76.50018278829828,30.09072374785864,-0.3779880183236229,-0.22910682060455112,Random Forest,Inter-Sector
0,TRUK,0.9801552397793771,146.60180652952624,Transportation,138.11562288576658,26.911413239707144,-0.473564002386279,-0.1680873246321705,Random Forest,Inter-Sector
0,WEHA,0.9954424508768943,30.14740185847413,Transportation,95.96947389828057,31.118185230599217,0.15823471581570098,0.0004180620811406384,Random Forest,Inter-Sector
