,Company,Test R2,Test MSE,Sector,Highest Difference,Highest Difference Percentage,Average Difference,Average Difference Percentage,Model,Evaluation
0,ADMG,0.996449219527629,58.458892584671034,Basic Materials,142.34805767510704,36.85366382760738,-0.49439453738722866,-0.20512113740708257,Multiple Linear Regression,Inter-Sector
0,AGII,0.9956447808572225,1443.564246496972,Basic Materials,395.63760403395577,24.346929479012662,-2.0781719990603897,-0.24518803699472183,Multiple Linear Regression,Inter-Sector
0,AKPI,0.9947327982213335,476.07832197838576,Basic Materials,230.16768968290717,25.397831131717695,0.6287649209865119,0.0665575928315794,Multiple Linear Regression,Inter-Sector
0,ALDO,0.9860772003207736,657.423799493799,Basic Materials,470.2988183959708,22.855441557833682,-0.05834148133294295,-0.0748310075733731,Multiple Linear Regression,Inter-Sector
0,ALKA,0.990640469822473,193.70552890419538,Basic Materials,169.73087679606112,31.830089523871504,-0.11844453392079582,-0.05732966461997857,Multiple Linear Regression,Inter-Sector
0,ALMI,0.9940403392703419,106.05368246279696,Basic Materials,120.64065461980107,27.94066073595809,0.5393401595287588,0.15882988680940607,Multiple Linear Regression,Inter-Sector
0,AMMN,0.9915092823610616,37670.121506612435,Basic Materials,514.7333640229208,11.81215559710378,38.07728430907494,0.6948316795554528,Multiple Linear Regression,Inter-Sector
0,ANTM,0.9986436585502433,913.4558618969518,Basic Materials,248.98550444584635,15.822709056475984,-8.421264756505355,-0.8073195815487788,Multiple Linear Regression,Inter-Sector
0,APLI,0.996415557619561,35.71939604918359,Basic Materials,98.04658092334205,28.580637268814062,0.42609278879471013,0.4296092717072386,Multiple Linear Regression,Inter-Sector
0,ARCI,0.9883161715025237,133.78033321445804,Basic Materials,51.51973276157901,17.523718626387417,-2.136636662083563,-0.4480314111206556,Multiple Linear Regression,Inter-Sector
0,AVIA,0.9844887753906616,270.5405884537378,Basic Materials,51.89826538878583,8.896942289858817,-4.059605161509491,-0.629390487613336,Multiple Linear Regression,Inter-Sector
0,AYLS,0.98707925807515,91.30853758590132,Basic Materials,63.72188766302713,18.000533238143255,-1.9064382647246518,-1.4916694173970897,Multiple Linear Regression,Inter-Sector
0,BAJA,0.9988663535289714,93.07305723402385,Basic Materials,98.18284960223036,25.70658768462456,-0.10232228044721924,-0.21350332195216062,Multiple Linear Regression,Inter-Sector
0,BEBS,0.9928660183697753,1031.9217727131752,Basic Materials,156.29045240465075,15.628427848502177,-10.814819021289862,-2.9045732840864864,Multiple Linear Regression,Inter-Sector
0,BMSR,0.9954921553120761,101.0660340548823,Basic Materials,169.09304352619563,41.10302306193383,-0.05661028671483301,-0.05671902697549404,Multiple Linear Regression,Inter-Sector
0,BRMS,0.9933735461189304,200.11167432314824,Basic Materials,37.90938134320663,18.004373874700715,-8.558014916101369,-9.187818242149921,Multiple Linear Regression,Inter-Sector
0,BRNA,0.9984593759789037,293.5008391845195,Basic Materials,300.20487365864074,22.829267958831995,1.742877751433354,0.189196853465064,Multiple Linear Regression,Inter-Sector
0,BRPT,0.9975401737713084,366.9828209950656,Basic Materials,167.83337874086715,24.875534720932205,-7.718341843074178,-7.863721412606724,Multiple Linear Regression,Inter-Sector
0,BTON,0.9973602348143346,38.53101139487358,Basic Materials,63.9866264263174,28.001830914986698,0.2889151289962811,0.07274526827726581,Multiple Linear Regression,Inter-Sector
0,CHEM,0.9060054996610089,48.265933421657536,Basic Materials,17.391739474214575,21.739674342768218,-3.265372374493557,-2.622929289089319,Multiple Linear Regression,Inter-Sector
0,CITA,0.9982722947847137,1551.7066671828677,Basic Materials,710.4892596220407,24.66314346375658,1.8386618278289875,0.08707602931464142,Multiple Linear Regression,Inter-Sector
0,CLPI,0.9992037568769159,155.6741738895617,Basic Materials,180.14581924631625,20.01620213847958,0.00938013883331692,-0.017431021861457955,Multiple Linear Regression,Inter-Sector
0,CMNT,0.9644821966897467,377.30205176803895,Basic Materials,140.75158947104194,16.559010526004933,-2.4584912654819546,-0.2655645393815991,Multiple Linear Regression,Inter-Sector
0,CTBN,0.9985045776887076,3838.935447697764,Basic Materials,800.6273659083886,20.628867825347367,-0.10285692172216178,0.012619610613540905,Multiple Linear Regression,Inter-Sector
0,DKFT,0.9986516641946723,31.45712756920374,Basic Materials,59.62048256830087,19.419157913770942,-1.0517889379398087,-0.6297559903259897,Multiple Linear Regression,Inter-Sector
0,DPNS,0.9891258882403287,103.32171508127865,Basic Materials,169.9650957565841,33.34644723896187,0.5813067005793666,0.11547233042133638,Multiple Linear Regression,Inter-Sector
0,EKAD,0.9990199497725938,7.902548438027641,Basic Materials,17.199205248804276,11.46674394346997,-0.47602209057426703,-0.7696116360987966,Multiple Linear Regression,Inter-Sector
0,EPAC,0.9951712041072412,33.347387817610525,Basic Materials,64.21829287480165,18.889816015026604,-0.9761548002582049,-1.3407782552056746,Multiple Linear Regression,Inter-Sector
0,ESIP,0.9781220662653791,80.03847315756227,Basic Materials,90.59535575231757,16.96456342771767,-2.0756066324709006,-2.0552845900765426,Multiple Linear Regression,Inter-Sector
0,ESSA,0.9958407438598428,276.5145473504994,Basic Materials,211.52320765742593,20.323359788358538,-2.7204661333265023,-0.6415458196434276,Multiple Linear Regression,Inter-Sector
0,ETWA,0.9961776970354603,50.03723630773434,Basic Materials,80.80364467525038,34.45768405281131,-0.02294202489505283,-0.058750276546314366,Multiple Linear Regression,Inter-Sector
0,FASW,0.9994963013334868,3287.0850987185013,Basic Materials,1126.2180295817107,15.066461934203486,1.523000966578461,0.10243353324662702,Multiple Linear Regression,Inter-Sector
0,FPNI,0.9925789571139761,75.59145282005561,Basic Materials,117.39369294851065,31.02399192001043,-0.2409899846570848,-0.12067654840435321,Multiple Linear Regression,Inter-Sector
0,FWCT,0.9491619144411195,38.797894577561564,Basic Materials,17.0037559503983,11.890738426851959,-2.352701167702645,-2.7429631626322553,Multiple Linear Regression,Inter-Sector
0,GDST,0.9836339242743584,20.080427005505825,Basic Materials,44.00271235501751,23.76549043969934,-0.6197802846120892,-0.5271609736286209,Multiple Linear Regression,Inter-Sector
0,GGRP,0.9816376533167461,341.3658791377603,Basic Materials,98.05960413088081,23.34752479306686,-1.0527298440229527,-0.277634647298912,Multiple Linear Regression,Inter-Sector
0,HKMU,0.9963981179748003,52.39913174576857,Basic Materials,78.05499828344603,29.124999359494787,-2.449374372276979,-2.9459732863675443,Multiple Linear Regression,Inter-Sector
0,IFII,0.8606855229347173,59.612485965834104,Basic Materials,48.8647519653685,24.850009933753462,0.18671842064008431,0.206925942815874,Multiple Linear Regression,Inter-Sector
0,IFSH,0.9873009898902053,2190.0625725403056,Basic Materials,450.33530744803966,24.106265003860923,1.773656595927027,0.16414620118047601,Multiple Linear Regression,Inter-Sector
0,IGAR,0.9978827639642456,54.15449879496908,Basic Materials,111.02284673575843,22.32601342980155,-0.2210944759550615,-0.10119334768135677,Multiple Linear Regression,Inter-Sector
0,INAI,0.9980512662346548,35.98100386047285,Basic Materials,72.06834807909354,33.5866027602742,0.0239474294975592,0.020705733966814542,Multiple Linear Regression,Inter-Sector
0,INCF,0.9999314756907269,115.52052723347113,Basic Materials,140.06636798654927,34.09138256496157,-0.07276330171252675,-0.4033150772207996,Multiple Linear Regression,Inter-Sector
0,INCI,0.9966990199805295,96.59235301900766,Basic Materials,108.63059109502535,24.553570344476665,0.6266946158020584,0.19301930754896415,Multiple Linear Regression,Inter-Sector
0,INCO,0.9967194584248081,9114.475763510285,Basic Materials,910.3054470610805,22.423763622388794,-6.231469869020486,-0.18057461532568866,Multiple Linear Regression,Inter-Sector
0,INKP,0.9982846904937493,27779.861926146496,Basic Materials,1950.4904152656236,21.82723785569574,-3.9652223399406497,-0.18222702252571624,Multiple Linear Regression,Inter-Sector
0,INRU,0.9953758934183473,480.83606575399347,Basic Materials,225.15832586064994,30.013563525094966,1.2490975857716469,0.13581363983793204,Multiple Linear Regression,Inter-Sector
0,INTD,0.9886872789857885,123.77580798355676,Basic Materials,195.10190820665468,33.34552577926095,0.22745009199472146,0.016027183213506956,Multiple Linear Regression,Inter-Sector
0,INTP,0.9987788129267009,68826.81269386668,Basic Materials,2253.692798914548,18.36237427776312,0.32106791352222563,0.011655500071950545,Multiple Linear Regression,Inter-Sector
0,IPOL,0.9931641344839189,11.837076186701053,Basic Materials,32.0808474979937,21.676248309455204,-0.6910759621466127,-0.4708678638241617,Multiple Linear Regression,Inter-Sector
0,ISSP,0.9929408077859274,41.966105606991135,Basic Materials,46.28631460575889,20.571695380337285,-2.1764846764763357,-1.175015257411474,Multiple Linear Regression,Inter-Sector
0,JKSW,0.9913234273997417,35.69281255187732,Basic Materials,119.6063048846878,33.326017448360176,0.1637349777819332,0.052402124075940186,Multiple Linear Regression,Inter-Sector
0,KAYU,0.989627843022175,160.42359361988562,Basic Materials,146.23415530326685,25.4320270092638,-1.7899766888658752,-1.877184681200949,Multiple Linear Regression,Inter-Sector
0,KBRI,0.9986665661241013,42.77493318100855,Basic Materials,140.11020893233888,20.016183588423665,-0.3476268078106504,-0.44354657357657223,Multiple Linear Regression,Inter-Sector
0,KDSI,0.9980011316395597,301.48404429340775,Basic Materials,310.3506151914978,57.05067875147771,0.32556294626157706,0.14978888318085115,Multiple Linear Regression,Inter-Sector
0,KKES,0.9859923133309735,22.53024961832596,Basic Materials,20.99032501195657,17.788411027081843,-1.6624286632401173,-1.3869780193220693,Multiple Linear Regression,Inter-Sector
0,KMTR,0.9689118983017337,255.36541024202688,Basic Materials,158.44235562384176,24.38479798821127,-0.47095533313695426,-0.11096053977742554,Multiple Linear Regression,Inter-Sector
0,KRAS,0.9975787609993126,115.53537265818306,Basic Materials,117.11842436901236,18.29975380765818,-2.7442896481037162,-0.6311356100342929,Multiple Linear Regression,Inter-Sector
0,LMSH,0.996665798169435,263.5480264224009,Basic Materials,240.0921348182394,24.25768272438281,0.29036006540410775,0.024381640358982937,Multiple Linear Regression,Inter-Sector
0,LTLS,0.9984701991978414,136.82189358032025,Basic Materials,189.656430723212,19.830908771317688,-0.49906290689296895,-0.1458611177585432,Multiple Linear Regression,Inter-Sector
0,MBMA,0.9565015216838991,539.401311281749,Basic Materials,58.46185297424688,9.525156841534823,-9.638253950778449,-1.4597806874326975,Multiple Linear Regression,Inter-Sector
0,MDKA,0.9981920041636189,3682.473935225142,Basic Materials,453.69112290093244,16.78835691001872,-6.259879806521318,-0.29968181982497094,Multiple Linear Regression,Inter-Sector
0,MDKI,0.9616516398948078,41.84455909660901,Basic Materials,54.76558577597811,18.50188708647909,-0.3964288944488773,-0.18019099063130367,Multiple Linear Regression,Inter-Sector
0,MOLI,0.9938657974187718,520.0527886921357,Basic Materials,210.12895107983763,24.638243265917566,3.385323950110149,0.22732152954466245,Multiple Linear Regression,Inter-Sector
0,NCKL,0.9131051220636116,1135.9467807595545,Basic Materials,82.54518176469742,8.675791166826652,-8.162726241983119,-0.8410495531621841,Multiple Linear Regression,Inter-Sector
0,NICE,0.9191247575228194,3743.496853441676,Basic Materials,181.63185961709144,17.78912483502701,-6.622280726582371,-1.160424584731608,Multiple Linear Regression,Inter-Sector
0,NICL,0.980035995648646,134.13168068903494,Basic Materials,44.75669265633945,15.327634471349128,-6.139857016982685,-4.939580764554584,Multiple Linear Regression,Inter-Sector
0,NIKL,0.9959884511336964,6340.42165738244,Basic Materials,1050.1346797074684,23.425576152828285,-3.35483296511317,-0.4227146301790478,Multiple Linear Regression,Inter-Sector
0,NPGF,0.9662622612312569,33.55967207463001,Basic Materials,22.446858069354022,19.18534877722566,-1.9219970287878354,-2.2144126571789284,Multiple Linear Regression,Inter-Sector
0,OBMD,0.9816959464293264,93.51677595630484,Basic Materials,58.65031066050392,21.152017304122133,0.4223779335166294,0.2583960088522,Multiple Linear Regression,Inter-Sector
0,OKAS,0.9997496009381073,5218.242030243166,Basic Materials,1578.7210522418209,32.438468308290645,1.8462501845242012,-0.30558695770978433,Multiple Linear Regression,Inter-Sector
0,OPMS,0.9915588000035209,201.23771574863363,Basic Materials,101.6064644041395,20.25593880706708,-0.9878976793934833,-1.1382744017013395,Multiple Linear Regression,Inter-Sector
0,PACK,0.9873978053387605,64.57628392020844,Basic Materials,17.099198288293394,11.535829829940162,-1.2470485940402098,-1.007703563881432,Multiple Linear Regression,Inter-Sector
0,PBID,0.9953144071491684,477.84194480096716,Basic Materials,169.98455695354858,15.444283414518045,-1.5758578956525353,-0.13497171300773658,Multiple Linear Regression,Inter-Sector
0,PDPP,0.9946203550223203,60.45009079113442,Basic Materials,34.57701031367037,8.990408468136708,-1.6710936363770534,-0.8692132016997293,Multiple Linear Regression,Inter-Sector
0,PICO,0.9932678000773213,1431.1984118944026,Basic Materials,890.5217736917089,37.508708163275365,0.5829100883353956,0.3177473050528924,Multiple Linear Regression,Inter-Sector
0,PPRI,-0.8021672120778227,121.10200634078778,Basic Materials,99.1037331878112,95.29205114212616,-1.1625182869275803,-1.33602997765419,Multiple Linear Regression,Inter-Sector
0,PSAB,0.9967667701608859,29.701354233599606,Basic Materials,34.76988382248015,16.216631251893446,-1.5431454935968496,-1.4232325614501276,Multiple Linear Regression,Inter-Sector
0,PURE,0.9898098103930546,211.63857904357886,Basic Materials,84.26385415447942,22.34475322680101,-1.402767204476524,-0.8800746176755901,Multiple Linear Regression,Inter-Sector
0,SAMF,0.9833929610104145,1179.4107042527264,Basic Materials,446.4367486895294,23.74663556859199,-0.5121569101319782,-0.2657173494781848,Multiple Linear Regression,Inter-Sector
0,SBMA,0.9844045505489559,143.66689250121226,Basic Materials,62.39917164326539,17.30694362721177,-1.6959661576614953,-0.8104934190985026,Multiple Linear Regression,Inter-Sector
0,SIMA,0.9918243646552678,96.38130931170006,Basic Materials,109.95262519731148,34.1872284261384,0.32137705614532347,0.065360470304164,Multiple Linear Regression,Inter-Sector
0,SMBR,0.9975910395290786,2517.2267963635713,Basic Materials,580.3362676127413,19.205284912460456,-3.3980316031469973,-0.5371499569692948,Multiple Linear Regression,Inter-Sector
0,SMCB,0.9988122613522252,746.7033749119454,Basic Materials,271.550867096071,19.86439140051546,-1.3133890122303464,-0.14575850760017728,Multiple Linear Regression,Inter-Sector
0,SMGA,-1.4234207104729744,167.24874972743044,Basic Materials,2.996139993713939,3.609807221342095,-9.202330030403099,-10.180790912023323,Multiple Linear Regression,Inter-Sector
0,SMGR,0.9977595302534104,32767.622880114366,Basic Materials,1984.4194885594466,83.54799327235949,-6.336025899462708,-0.061080721410258006,Multiple Linear Regression,Inter-Sector
0,SMKL,0.9850230027239966,103.27293841924977,Basic Materials,91.03406013598203,19.04478245522637,-0.8418692446119261,-0.27472248826944196,Multiple Linear Regression,Inter-Sector
0,SMLE,0.7505871569017302,606.5580229557177,Basic Materials,16.184342774882452,9.691223218492487,-12.418011059062481,-7.967636986911081,Multiple Linear Regression,Inter-Sector
0,SOLA,,14101.751619008925,Basic Materials,-118.7507962878941,-62.831109147033914,-118.7507962878941,-62.831109147033914,Multiple Linear Regression,Inter-Sector
0,SPMA,0.997053388678922,44.29078088255838,Basic Materials,92.26165224343742,22.394990672929495,-0.2993168759375855,-0.10317019944178381,Multiple Linear Regression,Inter-Sector
0,SQMI,0.9987735664042742,160.35420702615377,Basic Materials,140.81752524481647,32.32860066716683,-0.5861675747405473,-0.7163555152131248,Multiple Linear Regression,Inter-Sector
0,SRSN,0.9937136251310451,54.52745112773281,Basic Materials,104.3406293198858,31.61837252117752,0.09035149476892726,-0.4463699331936307,Multiple Linear Regression,Inter-Sector
0,SULI,0.9988250631606674,297.7577960353668,Basic Materials,377.770084493191,23.449461122458786,0.10404666125092288,-0.25102328272923613,Multiple Linear Regression,Inter-Sector
0,SWAT,0.9746114687382756,50.24826514464996,Basic Materials,80.85919024277979,27.047147770897382,-1.4489757440999183,-1.3842848780374988,Multiple Linear Regression,Inter-Sector
0,TALF,0.9534088279785058,254.5947262088622,Basic Materials,80.06521688553039,21.9485239615874,-0.6854958280639375,-0.2599464835552173,Multiple Linear Regression,Inter-Sector
0,TBMS,0.9974214290295954,183.89401413800502,Basic Materials,279.7696159138766,21.238019690079245,0.6145844838358524,0.0926600105801142,Multiple Linear Regression,Inter-Sector
0,TDPM,0.9961023261401034,29.690052911583596,Basic Materials,56.62037497691347,25.053263264121,-1.1495329133482488,-0.5336142825486487,Multiple Linear Regression,Inter-Sector
0,TINS,0.9979751279113022,694.8202870852047,Basic Materials,185.59422214241067,16.134589493596803,-5.065772702249907,-1.4199465212293434,Multiple Linear Regression,Inter-Sector
0,TIRT,0.9816817148598425,80.03746442821945,Basic Materials,223.33175586059394,33.33776457795615,-0.07390846339972071,-0.12322461234253075,Multiple Linear Regression,Inter-Sector
0,TKIM,0.9979345431872664,27959.1203912176,Basic Materials,2648.1727444074295,22.504879378184356,-3.6840595588015574,-0.07728219356291752,Multiple Linear Regression,Inter-Sector
0,TPIA,0.9978625482330468,2228.103036441821,Basic Materials,829.6808845354426,19.49335936051141,0.019774503671633147,-0.05585369635059263,Multiple Linear Regression,Inter-Sector
0,TRST,0.9982391645816242,44.762089884372244,Basic Materials,110.07052676027848,29.352914524872396,0.37135603246931387,0.10937436720118072,Multiple Linear Regression,Inter-Sector
0,UNIC,0.9986599402457779,9674.800964491387,Basic Materials,1251.8780605787288,30.923077614062183,6.69985950032836,0.16972593242336806,Multiple Linear Regression,Inter-Sector
0,WSBP,0.995913953683081,112.68469892209299,Basic Materials,18.22930135076797,5.531430369920885,-6.3568369907764595,-2.4033042305760812,Multiple Linear Regression,Inter-Sector
0,WTON,0.9985852842716706,161.17079327286876,Basic Materials,94.19099310406853,14.819892451243868,-3.308301555409207,-0.7394982203225718,Multiple Linear Regression,Inter-Sector
0,YPAS,0.9759844371245578,902.7664562147695,Basic Materials,265.32789150271765,36.2288086393652,0.20932701077934085,-0.0077354586469016344,Multiple Linear Regression,Inter-Sector
0,ZINC,0.9915798847636272,234.95866558645372,Basic Materials,54.196307436911184,15.861598713602898,-8.996235657158376,-5.657753644739485,Multiple Linear Regression,Inter-Sector
0,ABBA,0.9945526487802759,33.27074864603745,Consumer Cyclicals,61.34155654623322,29.73933104509398,-1.3021040534284491,-1.1900560859002869,Multiple Linear Regression,Inter-Sector
0,ACES,0.9980322895360924,502.5655158358603,Consumer Cyclicals,177.76609844361974,13.496356504945098,-3.209591716919537,-0.6086657895781398,Multiple Linear Regression,Inter-Sector
0,ACRO,0.40559271797907037,100.25477722458228,Consumer Cyclicals,12.28604493123855,12.666025702307785,-3.859796016385798,-3.5019333080127155,Multiple Linear Regression,Inter-Sector
0,AEGS,0.8763254734219196,46.55423889390617,Consumer Cyclicals,8.211737841510214,9.023887737923312,-2.727347142517559,-3.9967039453058537,Multiple Linear Regression,Inter-Sector
0,AKKU,0.9907346627408158,5.712743012149925,Consumer Cyclicals,58.780558697655835,33.74685029358916,-0.17162012841449334,-0.3146784924092396,Multiple Linear Regression,Inter-Sector
0,ARGO,0.9996654414193265,11.914429007429815,Consumer Cyclicals,125.16852360640132,12.837797292964236,0.3972061873726899,0.038476001595449665,Multiple Linear Regression,Inter-Sector
0,ARTA,0.9983244457048555,607.6891662368525,Consumer Cyclicals,410.41513842359655,25.01518256946428,1.6191013516038206,0.21732204049492737,Multiple Linear Regression,Inter-Sector
0,ASLC,0.9762744541965009,70.31206001157047,Consumer Cyclicals,10.850768540062404,6.739607788858636,-5.613019690858934,-4.211423225895511,Multiple Linear Regression,Inter-Sector
0,AUTO,0.9993020087715728,1005.1491289459894,Consumer Cyclicals,430.426904250452,21.053680829180283,-0.026135682836502073,0.014737083678580506,Multiple Linear Regression,Inter-Sector
0,BABY,0.9580086827330168,106.95588676641988,Consumer Cyclicals,42.944114625667794,23.26714273265412,-0.9482657005354821,-0.4361106433426574,Multiple Linear Regression,Inter-Sector
0,BAIK,-0.2771060278852371,644.2960493828308,Consumer Cyclicals,17.608494873052678,19.564994303391863,-6.774304378161976,-4.519949002260101,Multiple Linear Regression,Inter-Sector
0,BATA,0.9995932459628926,68.74961073019571,Consumer Cyclicals,70.20040825141291,25.622890440842315,0.14455585233972387,0.02584330141244029,Multiple Linear Regression,Inter-Sector
0,BAUT,0.9360144334807755,34.27847171040388,Consumer Cyclicals,38.25707099574933,15.679127457274317,-1.4554284805467024,-2.13765394256873,Multiple Linear Regression,Inter-Sector
0,BAYU,0.9967890142970467,1225.876592930273,Consumer Cyclicals,640.4156335434022,35.01266241249883,2.1058062378098583,0.29368422959519636,Multiple Linear Regression,Inter-Sector
0,BELL,0.9931213730967834,40.71436975698183,Consumer Cyclicals,53.77747158432277,25.452576629791523,-1.5719586508612844,-2.2976090832943297,Multiple Linear Regression,Inter-Sector
0,BIKE,0.9867351868104137,156.86480738587412,Consumer Cyclicals,43.687550858682584,10.685046092836116,-0.8377878052036397,-0.3925476409547302,Multiple Linear Regression,Inter-Sector
0,BIMA,0.9983500077370868,66.61945748939044,Consumer Cyclicals,187.5870778602931,27.61919462634543,-0.2479450694671916,-0.3482919234357349,Multiple Linear Regression,Inter-Sector
0,BLTZ,0.9926707492445935,9297.301993951234,Consumer Cyclicals,790.758696320107,21.803537152356498,4.861845615193204,0.11207435942406081,Multiple Linear Regression,Inter-Sector
0,BMBL,0.9862522863493729,7.995191341596308,Consumer Cyclicals,6.505225884398627,19.894248502226088,-0.6805173285702243,-3.025065780652303,Multiple Linear Regression,Inter-Sector
0,BMTR,0.9987585557918935,490.7240065366289,Consumer Cyclicals,275.2923517227284,15.652460336572283,-3.279312268670764,-0.9364540080959821,Multiple Linear Regression,Inter-Sector
0,BOGA,0.9976539817067833,321.0637691094835,Consumer Cyclicals,218.7712517139413,24.830610164965925,-5.356605701551784,-0.4028539548898191,Multiple Linear Regression,Inter-Sector
0,BOLA,0.9938018270526572,191.5776535921115,Consumer Cyclicals,137.47550026435658,21.393413073369196,-1.627204355449268,-0.5961766648896559,Multiple Linear Regression,Inter-Sector
0,BOLT,0.9593099428819264,751.7134168577812,Consumer Cyclicals,235.17467307171546,23.928438609664575,0.9548040830942625,0.09340074767764056,Multiple Linear Regression,Inter-Sector
0,BRAM,0.994257178146994,59417.47821809783,Consumer Cyclicals,4401.822711304065,38.01255607782252,2.112386107622479,0.061370942981467586,Multiple Linear Regression,Inter-Sector
0,BUVA,0.9966789387047248,31.076641794859352,Consumer Cyclicals,52.53895529162921,18.98388658309115,-0.20201060730549109,-0.2403091144929156,Multiple Linear Regression,Inter-Sector
0,CARS,0.9926701168930738,43.87300693272099,Consumer Cyclicals,43.487094707875144,22.301074209166742,-2.3287748826332595,-2.169672056360135,Multiple Linear Regression,Inter-Sector
0,CBMF,0.9913062271520244,187.50829865206904,Consumer Cyclicals,109.02024516744382,17.168542546054145,-3.9570216645078164,-2.4048267377079693,Multiple Linear Regression,Inter-Sector
0,CINT,0.9898971693229451,35.50776914792824,Consumer Cyclicals,57.80937459119545,23.69319341116534,-0.1777568894098292,-0.08030745584588797,Multiple Linear Regression,Inter-Sector
0,CLAY,0.9977736756351777,3954.6033863937046,Consumer Cyclicals,510.31820270319304,23.058918584125145,-0.29717653059082255,0.027693465497824584,Multiple Linear Regression,Inter-Sector
0,CNMA,0.8930015754009787,66.80333876440636,Consumer Cyclicals,23.805256447945965,10.533299313250428,-2.658028456301902,-1.0023901121579686,Multiple Linear Regression,Inter-Sector
0,CNTX,0.9951277506612914,229.51077467935667,Consumer Cyclicals,185.1123356795705,25.36910696663529,0.17964538917599374,0.05094925441860364,Multiple Linear Regression,Inter-Sector
0,CSAP,0.9970282269014752,116.75575757984194,Consumer Cyclicals,99.58373630796086,26.46588357431348,-0.16240297796047448,-0.09793739690684942,Multiple Linear Regression,Inter-Sector
0,CSMI,0.9967718423605325,4498.270551158346,Consumer Cyclicals,660.5454516907225,22.269992555366866,3.1582138610534627,-0.8150775425174391,Multiple Linear Regression,Inter-Sector
0,DEPO,0.9675765048980061,73.29290802317075,Consumer Cyclicals,49.911988248608566,11.883806725859182,0.3703247461595167,0.11141264297788299,Multiple Linear Regression,Inter-Sector
0,DFAM,0.9958566631149974,496.94193177124583,Consumer Cyclicals,182.7378066198621,26.809552515021096,-0.0473158509908438,-0.2698389245284606,Multiple Linear Regression,Inter-Sector
0,DIGI,0.9941837590409809,161.0565402302533,Consumer Cyclicals,140.03133420363122,24.064941840551267,0.00893731333353568,-0.6275217142091819,Multiple Linear Regression,Inter-Sector
0,DOOH,0.7966186573047687,502.3452731358545,Consumer Cyclicals,3.8360504147862997,3.3069400127468103,-17.22566360481572,-22.04215233958029,Multiple Linear Regression,Inter-Sector
0,DRMA,0.9907045428534849,1199.0530171858916,Consumer Cyclicals,198.63288058509738,11.51494959913608,-1.9186021327749292,-0.31013998996150133,Multiple Linear Regression,Inter-Sector
0,DUCK,0.9980646613746995,609.7365063426234,Consumer Cyclicals,228.57680421832515,22.894886191059978,0.41102445552194977,-0.3084079444421767,Multiple Linear Regression,Inter-Sector
0,EAST,0.9695162250927292,33.120029043159036,Consumer Cyclicals,125.98558002667633,99.98855557672725,-0.6827296369420561,-0.6572246866542002,Multiple Linear Regression,Inter-Sector
0,ECII,0.9974578920370456,1171.393569169008,Consumer Cyclicals,320.37880660753535,23.379793090758692,5.814622042390345,0.6057457562395728,Multiple Linear Regression,Inter-Sector
0,ENAK,0.9862454637055131,1517.9628870735398,Consumer Cyclicals,169.33020061043158,10.976496606522124,-0.40315232685548413,-0.03581288639649548,Multiple Linear Regression,Inter-Sector
0,ERAA,0.9920070192462764,216.3145183713163,Consumer Cyclicals,46.63753590051306,11.38773817617472,-8.852546272520163,-3.122643981153855,Multiple Linear Regression,Inter-Sector
0,ERAL,0.9363926674666464,70.41496764958232,Consumer Cyclicals,23.08965024097074,6.747130497402754,-1.9982026286391963,-0.6409407264137542,Multiple Linear Regression,Inter-Sector
0,ERTX,0.9942063714482701,40.095461609809504,Consumer Cyclicals,86.065763706665,34.59295320322025,-0.04286000608116123,-0.0869761840290134,Multiple Linear Regression,Inter-Sector
0,ESTA,0.9859277339991538,82.2984650771074,Consumer Cyclicals,84.73859932342174,25.76023559750857,-1.0787107648965502,-1.6870536858850576,Multiple Linear Regression,Inter-Sector
0,ESTI,0.9982582596390448,9.906629097418577,Consumer Cyclicals,37.80465126342051,26.324313097926666,-0.005224973501969693,-0.19004467984218906,Multiple Linear Regression,Inter-Sector
0,FAST,0.9990449847161398,189.97220573072576,Consumer Cyclicals,200.09283728718015,20.466123667668604,0.0004845492788836003,-0.12488923503758942,Multiple Linear Regression,Inter-Sector
0,FILM,0.9967841138128095,5814.76995084194,Consumer Cyclicals,545.1241505726694,23.099216958741316,-1.6992531583646593,-0.46490156490664764,Multiple Linear Regression,Inter-Sector
0,FITT,0.9970689486002315,130.72903154443716,Consumer Cyclicals,90.43078643547585,27.79007230932711,-0.2271105049917532,-0.24749437397088078,Multiple Linear Regression,Inter-Sector
0,FORU,0.9939955368194919,297.80426977378426,Consumer Cyclicals,400.1262227508413,34.45753535496832,0.8075698424396787,0.018218110309981758,Multiple Linear Regression,Inter-Sector
0,FUTR,0.8141577546187853,106.08384985665843,Consumer Cyclicals,8.78544181643025,6.1010012614098965,-4.067865710562145,-4.756650528959421,Multiple Linear Regression,Inter-Sector
0,GDYR,0.9971401176719359,947.6013561205709,Consumer Cyclicals,540.3830619070204,23.092073155889498,1.3223980855663895,0.07522161051704447,Multiple Linear Regression,Inter-Sector
0,GEMA,0.9978501582873636,34.49893649844938,Consumer Cyclicals,86.05458694043341,48.56089287287765,0.6058276523409956,0.24764917441568476,Multiple Linear Regression,Inter-Sector
0,GJTL,0.9988343509372524,632.6634219346209,Consumer Cyclicals,250.60758125245593,21.287499763601918,-1.7140195142305599,-0.1578070210316048,Multiple Linear Regression,Inter-Sector
0,GLOB,0.9964565677196232,616.7660182578851,Consumer Cyclicals,180.31594209068362,27.484036003456545,1.7029470584292958,-0.10583723187531446,Multiple Linear Regression,Inter-Sector
0,GRPH,0.367610789848692,64.13975353419113,Consumer Cyclicals,2.479817512985079,4.3505570403247,-4.091173092813356,-6.560521348256023,Multiple Linear Regression,Inter-Sector
0,GWSA,0.9857014320589346,24.16165926353188,Consumer Cyclicals,134.99829369225174,99.99873606833461,-0.38113800039393064,-0.26945554691494256,Multiple Linear Regression,Inter-Sector
0,HAJJ,0.9715581004727595,151.78269393609574,Consumer Cyclicals,27.56674805241039,14.50881476442652,-2.6973557891093,-1.0318147453242585,Multiple Linear Regression,Inter-Sector
0,HDTX,0.9981433381171069,69.68335940485562,Consumer Cyclicals,135.05060281384237,33.762650703460594,0.07097542737162188,0.011456525092890432,Multiple Linear Regression,Inter-Sector
0,HOME,0.995563738377692,45.95419536407383,Consumer Cyclicals,60.064291241457795,23.816879901250392,-0.4008700322457816,-0.3524385301793341,Multiple Linear Regression,Inter-Sector
0,HOTL,0.9889528996768562,26.804265605200214,Consumer Cyclicals,40.87488796611335,26.201851260329068,-0.7421570237369367,-0.7021846321046618,Multiple Linear Regression,Inter-Sector
0,HRME,0.9974712818319376,260.061892297464,Consumer Cyclicals,128.90855451846835,19.586082278959267,-1.2105208172218238,-1.6297375891252395,Multiple Linear Regression,Inter-Sector
0,HRTA,0.9839255646222709,77.201502131638,Consumer Cyclicals,55.00288456235921,18.554797895579245,-1.1941797246648669,-0.43445583246710673,Multiple Linear Regression,Inter-Sector
0,IDEA,0.9744106260587285,34.22465292565984,Consumer Cyclicals,22.862343370718946,16.447729043682696,-1.4430111249968038,-1.9891479424441125,Multiple Linear Regression,Inter-Sector
0,IIKP,0.9848346496852554,135.006657027073,Consumer Cyclicals,84.04184563611511,25.467225950337912,-3.598713100733128,-6.508463741441567,Multiple Linear Regression,Inter-Sector
0,IMAS,0.9992239226423983,2550.2537411654826,Consumer Cyclicals,486.27909888590557,20.059974127144493,-0.03506882618503252,-0.09195723284991017,Multiple Linear Regression,Inter-Sector
0,INDR,0.9970972004256267,10798.672819801834,Consumer Cyclicals,2076.9118752751037,25.36671255522452,-0.6649304568166488,0.04223009310224299,Multiple Linear Regression,Inter-Sector
0,INDS,0.9992269310746964,978.1902157681334,Consumer Cyclicals,470.39399123515636,26.676757418983755,-0.1434707551011031,0.0027325869771671896,Multiple Linear Regression,Inter-Sector
0,INOV,0.9854945790468315,101.11342867236098,Consumer Cyclicals,48.018111580657575,18.169931760589073,-2.33282808656326,-1.200217015582761,Multiple Linear Regression,Inter-Sector
0,IPTV,0.995108173977268,105.04955802768976,Consumer Cyclicals,77.62096739997418,14.508592037378351,-4.65124031230615,-3.900809051575878,Multiple Linear Regression,Inter-Sector
0,ISAP,0.9388751233376835,45.63200129524126,Consumer Cyclicals,12.112994258958821,15.797272625501952,-3.1624284193470094,-15.372711198743355,Multiple Linear Regression,Inter-Sector
0,JGLE,0.9940525880254598,33.59216302769813,Consumer Cyclicals,65.24889074685467,24.181944654514776,-0.4117113486661217,-0.6868439919787968,Multiple Linear Regression,Inter-Sector
0,JIHD,0.996471671561263,466.33923821230076,Consumer Cyclicals,375.41518041656445,24.54354487386901,0.6318399380212038,0.005370178293138474,Multiple Linear Regression,Inter-Sector
0,JSPT,0.9988463250738014,303.6117202153153,Consumer Cyclicals,510.41516959879664,27.383119183329878,-0.05586721051409738,-0.01223902097026839,Multiple Linear Regression,Inter-Sector
0,KDTN,0.852060030772712,42.94869789147725,Consumer Cyclicals,14.277490261528214,11.180940653194227,-2.3925392507841705,-1.94694307719901,Multiple Linear Regression,Inter-Sector
0,KICI,0.9882689454361668,54.59219606993245,Consumer Cyclicals,90.05701229813644,26.0999217348401,-0.13024742658960758,-0.04985503563407945,Multiple Linear Regression,Inter-Sector
0,KLIN,0.9712131094434782,4.909206381046111,Consumer Cyclicals,13.999386621397678,99.99561872426914,-0.6607980315174944,-1.3111772684068832,Multiple Linear Regression,Inter-Sector
0,KOTA,0.9956779565772179,281.3788323261843,Consumer Cyclicals,169.88177971923994,25.167671069517027,-2.4249244492186204,-2.0455894185225865,Multiple Linear Regression,Inter-Sector
0,KPIG,0.9890825991198972,29.41308592288436,Consumer Cyclicals,30.154893222656113,39.36022015509706,-1.5278217745375284,-2.374874005076845,Multiple Linear Regression,Inter-Sector
0,LFLO,0.9742507082269075,14.797202360960146,Consumer Cyclicals,15.811178491466308,14.505668340794777,-0.47785626975663076,-0.8014047808502311,Multiple Linear Regression,Inter-Sector
0,LIVE,-0.008711380220908227,81.95265315631502,Consumer Cyclicals,13.793579489794865,7.001816999895871,-4.621726942241563,-2.7300994235006124,Multiple Linear Regression,Inter-Sector
0,LMAX,0.9799368396002367,130.5619763544485,Consumer Cyclicals,41.339016374036476,13.421758562998857,-3.0736654996453256,-3.9781450609391844,Multiple Linear Regression,Inter-Sector
0,LMPI,0.9865350557781818,68.33604485509777,Consumer Cyclicals,89.42128105985637,42.86465320225699,0.019496644746372183,0.01787768515913333,Multiple Linear Regression,Inter-Sector
0,LPIN,0.9948952996964533,129.92571025037918,Consumer Cyclicals,198.1363333462033,30.76952592804026,-0.028656648577086396,-0.03353168873675134,Multiple Linear Regression,Inter-Sector
0,LPPF,0.9994855930636862,37494.834134126846,Consumer Cyclicals,1477.373196587021,19.277129089286664,-0.947924019829556,-0.10028182284879511,Multiple Linear Regression,Inter-Sector
0,LUCY,0.990781547989745,26.236729598440885,Consumer Cyclicals,19.684524606058403,12.398506225387242,-1.3119180529088268,-1.9814183039782356,Multiple Linear Regression,Inter-Sector
0,MABA,0.9949951115684286,477.7766156873663,Consumer Cyclicals,270.2590966021585,27.950681669617854,-0.5658953673753262,-0.3802185595181934,Multiple Linear Regression,Inter-Sector
0,MAMI,0.9358575344069817,42.709873683212244,Consumer Cyclicals,24.69497718716231,50.009332169181675,-1.7232917234618563,-1.8648530815968247,Multiple Linear Regression,Inter-Sector
0,MAPA,0.9959498470498369,200.1021641870244,Consumer Cyclicals,87.45656294929779,27.76398823787232,-1.0228030377369763,-0.3798806251707437,Multiple Linear Regression,Inter-Sector
0,MAPB,0.9795656234634287,1826.2000198102194,Consumer Cyclicals,395.38477051492146,19.838707496687743,2.061483090400609,0.10215889450150746,Multiple Linear Regression,Inter-Sector
0,MAPI,0.9983767907184258,329.76562781716257,Consumer Cyclicals,132.90685661295993,19.90126782268408,-2.46388490559823,-0.7700172739948312,Multiple Linear Regression,Inter-Sector
0,MARI,0.9933209614397788,82.73361109748073,Consumer Cyclicals,61.59362053585218,24.060008021817257,-3.149044889951686,-2.2303874893036912,Multiple Linear Regression,Inter-Sector
0,MASA,0.9974018334417919,4123.8485287329795,Consumer Cyclicals,960.7010544474565,25.015159830577936,0.6631273573331309,-0.00017055718570901736,Multiple Linear Regression,Inter-Sector
0,MDIA,0.9970919674765374,34.25699847525329,Consumer Cyclicals,59.5488831269559,25.22270039282516,-0.41410326238158546,-0.7332892697905636,Multiple Linear Regression,Inter-Sector
0,MEJA,0.8324584675114688,107.1208682221455,Consumer Cyclicals,0.381061593782249,0.25404106252149933,-8.024005873449067,-5.570629778945378,Multiple Linear Regression,Inter-Sector
0,MGLV,0.9861304480074612,50.00685000517168,Consumer Cyclicals,29.026575708662733,14.480873129177906,-0.814552288129889,-0.6951346965998333,Multiple Linear Regression,Inter-Sector
0,MGNA,0.9800524704507392,7.345916250705556,Consumer Cyclicals,35.66301879477527,25.53787149755834,-0.16264902644198118,-0.2382668456522009,Multiple Linear Regression,Inter-Sector
0,MICE,0.9972180709516805,90.5648978404043,Consumer Cyclicals,148.86045444703166,22.90160837646641,-0.12986421921678812,-0.04783914005045331,Multiple Linear Regression,Inter-Sector
0,MINA,0.994825521789921,1096.5093546487647,Consumer Cyclicals,304.9105479753375,24.68598389568922,-0.09987010218978909,-0.8464159556639941,Multiple Linear Regression,Inter-Sector
0,MKNT,0.996143992879247,23.864686048997346,Consumer Cyclicals,53.42595944819135,30.692046088111958,-0.7156397952214832,-7.6351029648766096,Multiple Linear Regression,Inter-Sector
0,MNCN,0.9980526152733853,1303.4428271662784,Consumer Cyclicals,295.14237691998983,19.676158461332655,-3.3094766778961513,-0.4779807836321942,Multiple Linear Regression,Inter-Sector
0,MPMX,0.9938932205593578,384.1778729972547,Consumer Cyclicals,143.7116602805338,19.132043736928452,-1.5304091291778734,-0.22449113027476086,Multiple Linear Regression,Inter-Sector
0,MSIN,0.998512990182798,6099.146129986125,Consumer Cyclicals,899.8341907029198,21.484497321095162,-1.0915201468217726,-0.27981353168029455,Multiple Linear Regression,Inter-Sector
0,MSKY,0.9975064976040247,1085.2102928354957,Consumer Cyclicals,320.2477434118175,28.933190349394472,0.024026194729186056,-0.2833496909946972,Multiple Linear Regression,Inter-Sector
0,MYTX,0.9945548785107995,20.264589459347388,Consumer Cyclicals,57.6264175938104,56.23648400150494,0.04504636331831546,-0.1535487941282576,Multiple Linear Regression,Inter-Sector
0,NATO,0.9831199381324807,798.8400429026025,Consumer Cyclicals,203.14856968803497,20.314856968803497,-16.963591080323702,-3.2757741699741842,Multiple Linear Regression,Inter-Sector
0,NETV,0.9752155933342961,379.3466384530784,Consumer Cyclicals,127.62803857164647,19.19218625137541,-2.0500075755016613,-0.3146179225849248,Multiple Linear Regression,Inter-Sector
0,NIPS,0.998029365650413,53.39437169178688,Consumer Cyclicals,93.39708666960342,28.460312368836938,-0.21555045636697276,-0.037369175868888285,Multiple Linear Regression,Inter-Sector
0,NUSA,0.9526288291520321,132.77678513260494,Consumer Cyclicals,70.4821954276822,20.776342845560976,-1.9195488773007745,-2.246675826870474,Multiple Linear Regression,Inter-Sector
0,OLIV,0.9821467487803377,13.983623569845234,Consumer Cyclicals,6.809863398940607,17.193664299644563,-1.1037848051156782,-3.6476595134344154,Multiple Linear Regression,Inter-Sector
0,PANR,0.9971856358856589,84.54929695577076,Consumer Cyclicals,141.89565178704697,25.439444456127013,0.37563674391757007,0.08230705109610031,Multiple Linear Regression,Inter-Sector
0,PBRX,0.997308276481457,51.77664417800877,Consumer Cyclicals,93.26499112858454,23.72106754444673,-1.8993583548690878,-1.6538780868969327,Multiple Linear Regression,Inter-Sector
0,PDES,0.9942138648900846,953.6285387062765,Consumer Cyclicals,540.1664715578299,99.99985248229864,1.653340043502553,0.22668337078096118,Multiple Linear Regression,Inter-Sector
0,PGLI,0.9951825579989606,58.67356466618668,Consumer Cyclicals,74.0339304548753,60.00548028834437,-0.02049419353560747,-0.07160951306395158,Multiple Linear Regression,Inter-Sector
0,PJAA,0.9966293743096604,866.1616029187003,Consumer Cyclicals,410.27493332587665,21.72403413125972,1.8860435283664867,0.11778645720457329,Multiple Linear Regression,Inter-Sector
0,PLAN,0.9949293351904593,11.032228390255389,Consumer Cyclicals,22.787165550441614,13.832731860986566,-0.38990783241996796,-0.8274975903721397,Multiple Linear Regression,Inter-Sector
0,PMJS,0.9411364985397294,21.941399089226994,Consumer Cyclicals,39.48314218639851,23.501870349046733,-0.09537091306153571,-0.05668206689833651,Multiple Linear Regression,Inter-Sector
0,PNSE,0.9954340046748709,434.3950777810752,Consumer Cyclicals,300.1973413400631,26.681478512598595,0.541792589254313,0.034577566284577525,Multiple Linear Regression,Inter-Sector
0,POLU,0.9895483371672394,4058.5945769201794,Consumer Cyclicals,560.4451494757864,23.799178647940707,2.846546952621774,-0.13846208093424597,Multiple Linear Regression,Inter-Sector
0,POLY,0.9967704807471865,522.8940137409943,Consumer Cyclicals,439.92351535660737,28.58482815819953,-0.328347948419986,-0.45186537740437477,Multiple Linear Regression,Inter-Sector
0,PRAS,0.9911620038360723,34.5653578291456,Consumer Cyclicals,65.05873255217574,50.00995907471042,0.043360446578381895,0.03415405272729635,Multiple Linear Regression,Inter-Sector
0,PSKT,0.9899005964947487,11.856219175729036,Consumer Cyclicals,24.90823802095146,17.659078480035262,-0.47458627627367556,-0.6543456515239876,Multiple Linear Regression,Inter-Sector
0,PTSP,0.9990911497839959,7797.54496375181,Consumer Cyclicals,1375.8908743095317,23.824950204494055,3.252624080633615,0.05718009998970145,Multiple Linear Regression,Inter-Sector
0,PZZA,0.9958377423740675,299.53573103652883,Consumer Cyclicals,104.97570630389328,12.135919803918298,-1.2908773509447682,-0.22789340501571903,Multiple Linear Regression,Inter-Sector
0,RAAM,0.905593428728047,1013.4611728589676,Consumer Cyclicals,127.75989521231395,18.25479801334987,-3.2079505902974286,-0.5779816700313035,Multiple Linear Regression,Inter-Sector
0,RAFI,0.9554130568024417,135.42280333237753,Consumer Cyclicals,24.150790191086713,13.317163169649609,-5.804430289370953,-5.045330078251668,Multiple Linear Regression,Inter-Sector
0,RALS,0.9950296131063239,409.99047138658307,Consumer Cyclicals,262.3637286692058,17.49091524461372,-1.0992442173624475,-0.153471168254642,Multiple Linear Regression,Inter-Sector
0,RICY,0.9981037239393119,39.58905894029934,Consumer Cyclicals,130.0798398827567,28.102520597237973,0.4296458641515989,-0.018148368280150127,Multiple Linear Regression,Inter-Sector
0,SBAT,0.9838891644392663,39.397248686741406,Consumer Cyclicals,40.324032966988966,44.92187204506822,-1.4987076197853735,-9.28771476993683,Multiple Linear Regression,Inter-Sector
0,SCMA,0.9967109687973458,166.4401312797429,Consumer Cyclicals,116.203289507926,15.703147230800809,-6.621918977896271,-6.821400047848374,Multiple Linear Regression,Inter-Sector
0,SCNP,0.9689684917023696,88.4861287151561,Consumer Cyclicals,81.04394330725052,19.553010630357093,0.547800040394898,0.18475966719027326,Multiple Linear Regression,Inter-Sector
0,SHID,0.9976647361860971,2939.85302175709,Consumer Cyclicals,1300.6879344773415,33.34613812523937,2.6251142897672075,0.2733693266092265,Multiple Linear Regression,Inter-Sector
0,SLIS,0.997250593785436,26505.54770602924,Consumer Cyclicals,2245.7867771356123,20.607571597646558,1.6798775803989787,-2.0220553708337636,Multiple Linear Regression,Inter-Sector
0,SMSM,0.9989809341992175,371.6932247402468,Consumer Cyclicals,204.9108959979751,13.660726399865005,-0.5273840555657667,-0.07422114747289789,Multiple Linear Regression,Inter-Sector
0,SNLK,0.9839853104767692,1520.8342695608353,Consumer Cyclicals,192.87930332705935,25.181014454423302,3.0623819674142667,0.24675233120296358,Multiple Linear Regression,Inter-Sector
0,SOFA,0.992670784260036,16.375219133128844,Consumer Cyclicals,25.872736754868868,17.030465072095467,-0.47813730556872786,-0.5860032367293119,Multiple Linear Regression,Inter-Sector
0,SONA,0.9986416375959244,1167.2968566104641,Consumer Cyclicals,737.8847347577541,32.271496298075455,2.0512818283420295,0.1469732544957215,Multiple Linear Regression,Inter-Sector
0,SOTS,0.95398010441695,340.9533092250511,Consumer Cyclicals,81.52362500097195,28.209385567716904,-2.3252355097086213,-0.9923521029360757,Multiple Linear Regression,Inter-Sector
0,SRIL,0.9799147631963437,137.2808472103646,Consumer Cyclicals,32.399969417696354,10.983040480575035,-6.317912758580046,-2.4411710319412894,Multiple Linear Regression,Inter-Sector
0,SSTM,0.995613483450494,175.99415340164944,Consumer Cyclicals,188.0593409283635,37.6118681856727,1.1292106780680387,0.32688421982268984,Multiple Linear Regression,Inter-Sector
0,SWID,0.9623296827643173,25.761751412133346,Consumer Cyclicals,16.453140012529474,16.64103636689596,-0.6862347820283775,-0.42525342726699583,Multiple Linear Regression,Inter-Sector
0,TELE,0.9984158766809186,203.15119407305153,Consumer Cyclicals,155.06832864462933,18.5710573227101,-1.1058905676379347,-0.43690434704237385,Multiple Linear Regression,Inter-Sector
0,TFCO,0.9910229641054914,478.12322994845385,Consumer Cyclicals,240.10921747846783,39.61196498650143,0.2608884906371696,0.029959871013213863,Multiple Linear Regression,Inter-Sector
0,TMPO,0.9907929233554975,33.19524058848269,Consumer Cyclicals,67.8482767071041,41.16751929282744,0.012567504999902907,0.00860886303447181,Multiple Linear Regression,Inter-Sector
0,TOOL,0.9696680956531074,9.542156164340525,Consumer Cyclicals,10.457847038344084,12.18903742473114,-0.7166909865274904,-0.8441220348871931,Multiple Linear Regression,Inter-Sector
0,TOYS,0.9957279478746802,140.06118794049496,Consumer Cyclicals,59.75410693319998,10.392018597078255,-3.5386914217287826,-2.272933205780459,Multiple Linear Regression,Inter-Sector
0,TRIO,0.9988654790620453,510.9424719829456,Consumer Cyclicals,470.28808824627936,25.95980466329726,2.1590565244327244,0.1344511186916917,Multiple Linear Regression,Inter-Sector
0,TRIS,0.9914456981964016,58.945308410036915,Consumer Cyclicals,64.0366235420484,24.209059572826746,-0.5854839437548802,-0.2630685448445668,Multiple Linear Regression,Inter-Sector
0,TYRE,-0.30546660398990344,102.87970273999007,Consumer Cyclicals,141.7481244412102,99.82262284592267,-0.36149131051310507,-0.3196915572888304,Multiple Linear Regression,Inter-Sector
0,UFOE,0.991870499712855,2372.0184659079773,Consumer Cyclicals,304.40373277836784,23.70224557576003,-0.5333800763870978,-0.5467361748197647,Multiple Linear Regression,Inter-Sector
0,UNIT,0.9891918858856044,168.19464263919656,Consumer Cyclicals,300.1480479867747,44.87614854536696,0.23996851661308655,0.01617912480180785,Multiple Linear Regression,Inter-Sector
0,UNTD,0.8037876599876838,132.94584809287562,Consumer Cyclicals,10.545946631769482,5.169581682239942,-6.453168159358199,-4.01655754816855,Multiple Linear Regression,Inter-Sector
0,VIVA,0.9981155706570426,65.86317479282302,Consumer Cyclicals,68.35217605832898,22.78405868610966,-2.02440150909742,-1.5845038730411696,Multiple Linear Regression,Inter-Sector
0,VKTR,-1.216588666677327,243.46455767617087,Consumer Cyclicals,7.874470914134534,6.673280435707232,-12.307903852086811,-9.611144497217664,Multiple Linear Regression,Inter-Sector
0,WOOD,0.9950503013685171,203.21881462688327,Consumer Cyclicals,85.02594660741602,18.208804056040666,-2.761544898102674,-0.5719493399590881,Multiple Linear Regression,Inter-Sector
0,YELO,0.9681334925845098,79.07825024992164,Consumer Cyclicals,48.829468541110884,23.25212787671947,-3.682626293392001,-4.419674711840625,Multiple Linear Regression,Inter-Sector
0,ZATA,0.9653575266439594,52.459198279572846,Consumer Cyclicals,21.174012354428868,8.896643846398684,-2.8708016405579695,-3.3001139054496367,Multiple Linear Regression,Inter-Sector
0,ZONE,0.9971772183352481,349.1224232700813,Consumer Cyclicals,189.99540389008416,13.619742214342951,1.18359083210694,0.08894860707139293,Multiple Linear Regression,Inter-Sector
0,AALI,0.9986553804649363,75332.68548682555,Consumer Non-Cyclicals,3102.019431465811,22.014504920143033,-3.8449291001361363,-0.03986083867834079,Multiple Linear Regression,Inter-Sector
0,ADES,0.9985278778741352,6826.213099149436,Consumer Non-Cyclicals,2102.312512882063,29.479048340507664,1.0723636207683702,0.10333930370320364,Multiple Linear Regression,Inter-Sector
0,AGAR,0.9842176076709933,225.29359415270176,Consumer Non-Cyclicals,98.07747201683787,20.016055167559273,-0.40977701060209093,-0.11633043577051053,Multiple Linear Regression,Inter-Sector
0,AISA,0.9989660081114786,430.7009797080938,Consumer Non-Cyclicals,374.682360258008,32.36568019254457,-1.3649147274967155,-0.24074361527420754,Multiple Linear Regression,Inter-Sector
0,ALTO,0.9945320304434685,110.57118100283515,Consumer Non-Cyclicals,94.05900768329383,24.24201228950872,1.105779084047836,0.2843823395507799,Multiple Linear Regression,Inter-Sector
0,AMMS,0.9675357685819855,33.9852673241576,Consumer Non-Cyclicals,17.585767026266097,10.530399416925807,-1.2803606631481714,-1.8652184722953629,Multiple Linear Regression,Inter-Sector
0,AMRT,0.9990118376563697,560.5223503313014,Consumer Non-Cyclicals,210.00735944951884,28.4410122541949,-0.8696557505724661,-0.04258869572065224,Multiple Linear Regression,Inter-Sector
0,ANDI,0.9948256377189734,88.39965766397854,Consumer Non-Cyclicals,88.11075554586449,20.092715365249,-0.914673124100648,-1.1563336506270585,Multiple Linear Regression,Inter-Sector
0,ANJT,0.9970381296680715,489.7148773417764,Consumer Non-Cyclicals,325.1909399162606,24.542712446510233,1.5815108851672328,0.10309838613734894,Multiple Linear Regression,Inter-Sector
0,ASHA,0.9778777640233889,114.40757878482496,Consumer Non-Cyclicals,34.493164455077306,11.346435676012272,-4.260793860011461,-2.7685711045807575,Multiple Linear Regression,Inter-Sector
0,AYAM,0.2642029081449072,52.118348028995364,Consumer Non-Cyclicals,22.502714221555593,22.502714221555593,-4.020848128384303,-3.706975976145392,Multiple Linear Regression,Inter-Sector
0,BEEF,0.9920778121391784,76.5144426745063,Consumer Non-Cyclicals,50.08368698379081,21.22190126431814,-1.1412869880322871,-0.7404698829403833,Multiple Linear Regression,Inter-Sector
0,BEER,0.9544348008211718,48.547909264910324,Consumer Non-Cyclicals,42.021416242987186,14.292998722104485,0.01619085195789666,0.00687585302553378,Multiple Linear Regression,Inter-Sector
0,BISI,0.9993255024568801,313.03052525156505,Consumer Non-Cyclicals,258.9357781279384,14.110941587353592,0.38323305486310416,0.018944465219218495,Multiple Linear Regression,Inter-Sector
0,BOBA,0.9716074350857593,32.36858499554816,Consumer Non-Cyclicals,48.671435811437874,20.927399942890112,-0.344833893195505,-0.11296690515338174,Multiple Linear Regression,Inter-Sector
0,BTEK,0.9764817592980032,69.93267768777437,Consumer Non-Cyclicals,37.931735398953634,21.55212238576911,-3.399335524020931,-19.352195840293014,Multiple Linear Regression,Inter-Sector
0,BUAH,0.9949180430536748,1023.4070248367003,Consumer Non-Cyclicals,210.10057492981332,19.104075582259327,2.374003849819616,0.1784130506965313,Multiple Linear Regression,Inter-Sector
0,BUDI,0.9968077286566996,18.246955578249658,Consumer Non-Cyclicals,47.43975287133094,23.306556239226623,-0.429687160170558,-0.25184620424528115,Multiple Linear Regression,Inter-Sector
0,BWPT,0.999201940681636,124.51633352609528,Consumer Non-Cyclicals,118.2235962028725,18.46896707836674,-4.790031142456495,-2.943394369326039,Multiple Linear Regression,Inter-Sector
0,CAMP,0.9786750102498436,368.284237288932,Consumer Non-Cyclicals,234.29950895386082,32.5727378963922,-0.6236691803153049,-0.16876949063513666,Multiple Linear Regression,Inter-Sector
0,CBUT,0.969945743856244,11063.84132175209,Consumer Non-Cyclicals,510.6747100126695,22.814158867675836,7.973206444647336,0.3498398983397796,Multiple Linear Regression,Inter-Sector
0,CEKA,0.9986571012198587,561.3854988790546,Consumer Non-Cyclicals,295.20191164528774,34.01234077979797,-0.0017044696045876542,0.051597456463597494,Multiple Linear Regression,Inter-Sector
0,CLEO,0.9958829184005359,127.80348832124243,Consumer Non-Cyclicals,108.18955914965193,15.51910480602682,-0.947849423332513,-0.3984592273469193,Multiple Linear Regression,Inter-Sector
0,CMRY,0.9559187044610661,8741.916096060622,Consumer Non-Cyclicals,600.6401803117715,14.300956674089797,0.7173838747428471,-0.0036006007511513323,Multiple Linear Regression,Inter-Sector
0,COCO,0.9963413697181288,357.628540114019,Consumer Non-Cyclicals,185.1191989678838,24.818399540953138,0.02914991665806623,-0.273979237225128,Multiple Linear Regression,Inter-Sector
0,CPIN,0.9981488560545902,9157.282466681214,Consumer Non-Cyclicals,773.7163695380486,13.397686052606902,-4.263943196451176,-0.821083123641718,Multiple Linear Regression,Inter-Sector
0,CPRO,0.9898867439630753,93.1770264394263,Consumer Non-Cyclicals,30.112554892486173,11.628269797593362,-5.242312113322035,-7.614483734158125,Multiple Linear Regression,Inter-Sector
0,CRAB,0.9566284800232943,32.20057989564249,Consumer Non-Cyclicals,25.7565173181751,9.06919623879405,-0.7704637892626934,-0.34806820375938546,Multiple Linear Regression,Inter-Sector
0,CSRA,0.9876811716617455,262.36892388821815,Consumer Non-Cyclicals,102.487226125635,18.679259259887417,-0.11321570887892463,-0.051220509012631185,Multiple Linear Regression,Inter-Sector
0,DAYA,0.9866119030313092,149.37268468542248,Consumer Non-Cyclicals,140.0430169603737,38.90083804454825,-0.2455200416598208,-0.19326150979734166,Multiple Linear Regression,Inter-Sector
0,DEWI,0.9894677844523387,109.46283051923983,Consumer Non-Cyclicals,47.52826488277668,12.985864722070131,-5.230104370460306,-2.8825699518665506,Multiple Linear Regression,Inter-Sector
0,DLTA,0.999602513679634,2328.6770276526154,Consumer Non-Cyclicals,701.1820852655283,15.76542529070159,1.8359482192378689,0.04851611713101369,Multiple Linear Regression,Inter-Sector
0,DMND,0.9295520737704646,353.7921538481315,Consumer Non-Cyclicals,125.00236937280147,12.953613406507925,0.3558611720019028,0.059286904119274765,Multiple Linear Regression,Inter-Sector
0,DPUM,0.9976504794725941,248.85643238592843,Consumer Non-Cyclicals,267.2608723854348,32.39525725884058,-0.5925604786544072,-0.2871690541803863,Multiple Linear Regression,Inter-Sector
0,DSFI,0.9945148467871666,42.344742981735784,Consumer Non-Cyclicals,124.79905519981384,25.99980316662788,-0.7986012376661652,-0.5899896467757985,Multiple Linear Regression,Inter-Sector
0,DSNG,0.9904983722646707,156.64959885864462,Consumer Non-Cyclicals,100.0711076752799,19.10857141160128,-1.4531991553936705,-0.27752371002399806,Multiple Linear Regression,Inter-Sector
0,ENZO,0.7686106138641153,18.350372458022004,Consumer Non-Cyclicals,5.511432588404396,16.210095848248223,-1.1553720832458052,-1.895379819018614,Multiple Linear Regression,Inter-Sector
0,EPMT,0.9988990181329991,1080.2526510535354,Consumer Non-Cyclicals,560.4536787693892,21.890808994611604,1.9172156972111627,0.09110920081489635,Multiple Linear Regression,Inter-Sector
0,EURO,0.9836272689504834,121.81591584862824,Consumer Non-Cyclicals,38.76519187392498,16.46862815081929,-1.1862225948167744,-0.9527925046036398,Multiple Linear Regression,Inter-Sector
0,FAPA,0.9631050976314123,35845.507476358274,Consumer Non-Cyclicals,5299.9983271492665,99.99996843677862,9.733861261563442,0.18927979041020446,Multiple Linear Regression,Inter-Sector
0,FISH,0.9976803589119352,9924.519088124809,Consumer Non-Cyclicals,1727.020889087833,25.940246408640057,4.965593716152832,0.12551349160853917,Multiple Linear Regression,Inter-Sector
0,FLMC,0.9955285964842266,66.46177988407005,Consumer Non-Cyclicals,50.94957304009057,17.212693594625193,0.5057687201373178,0.152054102436239,Multiple Linear Regression,Inter-Sector
0,FOOD,0.9707935540022771,45.05179511392422,Consumer Non-Cyclicals,54.202946337344315,30.22103447052098,0.29765048289438195,0.32075077551281195,Multiple Linear Regression,Inter-Sector
0,GGRM,0.9990650293359906,519693.8865793143,Consumer Non-Cyclicals,6581.3570799675,17.603728882331694,-8.823920567531527,-0.0241112052094448,Multiple Linear Regression,Inter-Sector
0,GOLL,0.9907884673097027,13.47505218210686,Consumer Non-Cyclicals,26.296026790453254,18.78287627889518,-0.2180936121034185,-0.22513141418850258,Multiple Linear Regression,Inter-Sector
0,GOOD,0.9943838940792988,53.851585049279784,Consumer Non-Cyclicals,52.608318992528325,11.155908564592917,-0.5300358825719421,-0.13452129415677527,Multiple Linear Regression,Inter-Sector
0,GRPM,0.9119389680258236,13.330096940553702,Consumer Non-Cyclicals,6.654210196009586,10.562238406364424,-1.6173681331571104,-2.8526123961309393,Multiple Linear Regression,Inter-Sector
0,GULA,0.9670118678910812,293.87617361807054,Consumer Non-Cyclicals,119.05038407531458,18.31544370389455,-0.29849213052326085,-0.25833678473641497,Multiple Linear Regression,Inter-Sector
0,GZCO,0.9963331615505048,25.980838969054712,Consumer Non-Cyclicals,29.138072373390628,17.482842864583404,-1.8866039477543453,-1.6557859004294013,Multiple Linear Regression,Inter-Sector
0,HERO,0.9992389804395874,761.6647134281495,Consumer Non-Cyclicals,314.49567960668446,20.587511193597688,-0.2465245712248503,-0.03833261128363907,Multiple Linear Regression,Inter-Sector
0,HMSP,0.9993063277433165,1262.371973712669,Consumer Non-Cyclicals,338.8278776455327,10.8785306450326,-4.139931049347625,-1.429788512065268,Multiple Linear Regression,Inter-Sector
0,HOKI,0.9633220873155857,93.52879828248369,Consumer Non-Cyclicals,16.5000448558269,11.277217985597737,-6.716309848323018,-4.019502758236337,Multiple Linear Regression,Inter-Sector
0,IBOS,0.9917578520709854,354.78183946082794,Consumer Non-Cyclicals,109.83433466425993,16.152108038861755,0.2780354729446115,-0.28654801551311554,Multiple Linear Regression,Inter-Sector
0,ICBP,0.9993851539614691,9694.102191283402,Consumer Non-Cyclicals,1200.447718210009,10.393486737748995,-2.033098317132734,-0.28864916025826226,Multiple Linear Regression,Inter-Sector
0,IKAN,0.9939468967581081,95.13955109303882,Consumer Non-Cyclicals,64.21164385952102,25.454396676069408,-1.6662566913958792,-1.7070654577829316,Multiple Linear Regression,Inter-Sector
0,INDF,0.9989994051899831,7687.897340784559,Consumer Non-Cyclicals,748.2372212487953,12.04389800617849,-0.6886991746603428,0.001872125620717281,Multiple Linear Regression,Inter-Sector
0,IPPE,0.9867232759241656,193.59893749583244,Consumer Non-Cyclicals,84.18438411982754,22.316585938734917,-3.8070451424720777,-2.494747871208615,Multiple Linear Regression,Inter-Sector
0,ITIC,0.9916556590954498,4481.481603100431,Consumer Non-Cyclicals,749.6407497575847,99.99472798556681,-1.7539456881845543,-0.20916474464294,Multiple Linear Regression,Inter-Sector
0,JARR,0.9554340654558336,261.2564719812801,Consumer Non-Cyclicals,76.03028586477632,22.13252776198974,-1.4210236816393798,-0.6312843298710734,Multiple Linear Regression,Inter-Sector
0,JAWA,0.997478152016949,34.57273201119806,Consumer Non-Cyclicals,39.7908968131797,26.800512297348867,-0.030572285917809593,-0.15405089597549573,Multiple Linear Regression,Inter-Sector
0,JPFA,0.9984873967814301,699.1431105786667,Consumer Non-Cyclicals,229.0585299813813,30.02104761237481,-1.8826905605858784,-0.1522011955186555,Multiple Linear Regression,Inter-Sector
0,KEJU,0.9783676329158685,733.1817357140582,Consumer Non-Cyclicals,139.97576011385695,10.935606258895074,1.6440605603552234,0.11314623421085485,Multiple Linear Regression,Inter-Sector
0,KINO,0.9944077773322604,6462.369607017274,Consumer Non-Cyclicals,740.3896299661797,23.462805184459988,-4.741531832379148,-0.20065825836328186,Multiple Linear Regression,Inter-Sector
0,KMDS,0.9068043234119041,345.8527790539676,Consumer Non-Cyclicals,78.05861922825449,15.67442153177801,-4.354826742518093,-0.896327008469773,Multiple Linear Regression,Inter-Sector
0,KPAS,0.9844163317356536,149.5337643261786,Consumer Non-Cyclicals,108.46368405614834,23.002784491848963,-1.173153789377835,-0.6635328559584408,Multiple Linear Regression,Inter-Sector
0,LAPD,0.9975898235435553,16.91485096533033,Consumer Non-Cyclicals,59.763403327958855,28.585129704703387,0.4750959900957023,0.20210397350599185,Multiple Linear Regression,Inter-Sector
0,LSIP,0.9984620429964519,701.2066109722915,Consumer Non-Cyclicals,223.22589308577471,17.645309223218327,-2.9441575270064106,-0.32775713990247185,Multiple Linear Regression,Inter-Sector
0,MAGP,0.9989840445313205,0.5703722629463651,Consumer Non-Cyclicals,5.916926305921876,5.582005948982903,-0.051186898397824546,-0.056041553271635444,Multiple Linear Regression,Inter-Sector
0,MAIN,0.999654075712149,228.72868964078154,Consumer Non-Cyclicals,219.79408425396923,19.86064673802563,-0.26641176353246454,-0.02284168423142888,Multiple Linear Regression,Inter-Sector
0,MAXI,-0.3070028106257814,50.41131443935881,Consumer Non-Cyclicals,0.01012635978377574,0.02025271956755148,-4.1438136395341845,-6.998361858551559,Multiple Linear Regression,Inter-Sector
0,MBTO,0.9983050782505445,27.40344869472212,Consumer Non-Cyclicals,45.84581909055544,29.325347598758768,0.13569361341326358,0.06589095166080162,Multiple Linear Regression,Inter-Sector
0,MGRO,0.9872130593997884,215.31699190867369,Consumer Non-Cyclicals,73.07375967486098,10.514210025159853,0.767763813996573,0.08970685091504105,Multiple Linear Regression,Inter-Sector
0,MIDI,0.9968894458770698,36.238453812388975,Consumer Non-Cyclicals,55.73628445323794,19.678036721362787,-0.6784236067738629,-0.5691569955144751,Multiple Linear Regression,Inter-Sector
0,MKTR,0.9451886212309193,69.33018453137404,Consumer Non-Cyclicals,29.471673306544403,17.310866774546348,0.4131745681954536,0.19041707167386623,Multiple Linear Regression,Inter-Sector
0,MLBI,0.9995677692011504,13890.265083237813,Consumer Non-Cyclicals,2177.3948506318484,20.01397170800924,3.717859803880761,0.03209259522749939,Multiple Linear Regression,Inter-Sector
0,MLPL,0.9973524901452151,106.40890688787371,Consumer Non-Cyclicals,75.52284078020114,16.657644049841426,-3.4753457665497227,-1.6608936243926706,Multiple Linear Regression,Inter-Sector
0,MPPA,0.9987749218538885,803.5149687086325,Consumer Non-Cyclicals,325.5468230937536,19.356043154921377,-1.38355433278037,-0.708564565960733,Multiple Linear Regression,Inter-Sector
0,MRAT,0.9963329155051931,80.87040303368146,Consumer Non-Cyclicals,114.41800446254217,25.870134225560353,0.1058001723585202,0.017480590076874185,Multiple Linear Regression,Inter-Sector
0,MSJA,0.7444935639151045,198.8696757431076,Consumer Non-Cyclicals,64.1865331873251,20.184444398529905,-0.773420143283682,-0.24507643398406745,Multiple Linear Regression,Inter-Sector
0,MYOR,0.9993226645554155,688.9145884426512,Consumer Non-Cyclicals,400.28554600829466,16.011421840331785,-1.2139102605849457,-2.1776626692915992,Multiple Linear Regression,Inter-Sector
0,NANO,0.9633055179221515,19.007964080516153,Consumer Non-Cyclicals,5.24213405881477,10.437482686310634,-1.4577517504279975,-3.5743985341400157,Multiple Linear Regression,Inter-Sector
0,NASI,0.9865352224450372,164.15558370756688,Consumer Non-Cyclicals,76.49103163799288,22.77254938345987,-2.1385863560039513,-1.3542469771569543,Multiple Linear Regression,Inter-Sector
0,NAYZ,0.9894911962541063,18.48596036975715,Consumer Non-Cyclicals,11.47658468779376,10.884467544725196,-1.7055207175316192,-4.132851789309446,Multiple Linear Regression,Inter-Sector
0,NSSS,0.8158017879945676,99.6185323159852,Consumer Non-Cyclicals,37.90411109530817,23.54292614615414,-6.203002209242917,-3.575485666869193,Multiple Linear Regression,Inter-Sector
0,OILS,0.9781857078677447,106.61938003321026,Consumer Non-Cyclicals,86.66621046984244,16.669250472632395,-0.5656212300576836,-0.12197544654070662,Multiple Linear Regression,Inter-Sector
0,PCAR,0.9982333011814861,3456.2113977463014,Consumer Non-Cyclicals,950.8554767880087,37.071494731066984,-0.12747402216114337,-0.527181076863748,Multiple Linear Regression,Inter-Sector
0,PGUN,0.9855476882231655,631.3833396128597,Consumer Non-Cyclicals,270.1383433174108,23.677070158572022,0.8267351591891472,0.038882271397585405,Multiple Linear Regression,Inter-Sector
0,PMMP,0.9691365811565473,185.89448200271576,Consumer Non-Cyclicals,69.91521364421891,20.68497445095234,-1.8482346899222253,-0.5205458332961356,Multiple Linear Regression,Inter-Sector
0,PNGO,0.9769691685754633,1540.381716516002,Consumer Non-Cyclicals,275.2856459025463,15.958588168263555,-2.6916567276311483,-0.5259037970756284,Multiple Linear Regression,Inter-Sector
0,PSDN,0.988147411464133,63.19658891497363,Consumer Non-Cyclicals,110.07526306217562,38.60344876692265,0.025261454230066028,-0.051674087677801704,Multiple Linear Regression,Inter-Sector
0,PSGO,0.9661879977491586,41.668194853598834,Consumer Non-Cyclicals,52.86152543473992,25.992373210666237,-0.07966824624714788,0.003310460574094853,Multiple Linear Regression,Inter-Sector
0,PTPS,0.9614293094090747,237.29412051985807,Consumer Non-Cyclicals,43.13703729944032,19.787631788734092,-4.518131493668768,-2.6418395214475945,Multiple Linear Regression,Inter-Sector
0,RANC,0.9971337166208181,499.54053846980764,Consumer Non-Cyclicals,397.8076054764242,22.8687865921116,-0.3909768057617691,-0.05511812465568796,Multiple Linear Regression,Inter-Sector
0,ROTI,0.9950052923858749,398.3132144705113,Consumer Non-Cyclicals,170.1698955640611,12.891658754853113,-0.8572273574805703,-0.08709579485018373,Multiple Linear Regression,Inter-Sector
0,SDPC,0.9792086784589998,23.17915922897023,Consumer Non-Cyclicals,64.14215943487972,42.86755567554851,0.2797784608452746,0.24608338295052626,Multiple Linear Regression,Inter-Sector
0,SGRO,0.9953273576390578,1559.2128934633658,Consumer Non-Cyclicals,446.0205589883899,13.43034164383953,1.1284452437521342,0.021052119211119803,Multiple Linear Regression,Inter-Sector
0,SIMP,0.9988530654465431,102.20355379014516,Consumer Non-Cyclicals,81.56703658891854,13.050725854226966,-1.9056428403054426,-0.3982245802650654,Multiple Linear Regression,Inter-Sector
0,SIPD,0.9935072498535841,963.2330474813109,Consumer Non-Cyclicals,370.1998734526471,29.159808438134586,2.4663784866257408,0.1917630984619123,Multiple Linear Regression,Inter-Sector
0,SKBM,0.9914668758726551,470.22303122431174,Consumer Non-Cyclicals,200.23220367771864,24.727856163662786,-0.14000941878705356,-0.12396990115065294,Multiple Linear Regression,Inter-Sector
0,SKLT,0.9962080057797157,24.22072597767141,Consumer Non-Cyclicals,110.07141545047381,20.094506016348408,0.012157602249829971,0.0193962652863395,Multiple Linear Regression,Inter-Sector
0,SMAR,0.9982684723084275,8602.348426931554,Consumer Non-Cyclicals,1751.669455322044,24.25338170609749,5.5239002020026104,0.038139626106520996,Multiple Linear Regression,Inter-Sector
0,SOUL,0.9085271781669153,9.649191213277922,Consumer Non-Cyclicals,3.6165306170008478,9.491487649153457,-0.8706392992991088,-2.353311638110616,Multiple Linear Regression,Inter-Sector
0,SSMS,0.9923594340686147,912.3016114303323,Consumer Non-Cyclicals,303.3433901962196,19.891369848932435,-5.382894846855227,-0.4510159365034942,Multiple Linear Regression,Inter-Sector
0,STAA,0.9809393333893479,450.77712236003777,Consumer Non-Cyclicals,136.88266483036023,18.251021977381363,0.9692881260348988,0.11409924656715913,Multiple Linear Regression,Inter-Sector
0,STRK,0.9703496613755193,312.75662733105383,Consumer Non-Cyclicals,46.80076249711203,11.527281403229564,-4.963086463659822,-4.386539019715731,Multiple Linear Regression,Inter-Sector
0,STTP,0.9982390285680561,16430.599021506787,Consumer Non-Cyclicals,2352.4593225375174,24.54848953122307,5.1442204563756135,0.11996449431512787,Multiple Linear Regression,Inter-Sector
0,TAPG,0.9405542063846425,274.40601374657,Consumer Non-Cyclicals,54.977903633568076,6.750111288449265,-4.331496603790424,-0.668662174118973,Multiple Linear Regression,Inter-Sector
0,TAYS,0.9881489268514316,300.85542284012246,Consumer Non-Cyclicals,141.17784877929876,18.950046816013256,-1.6349066926671014,-1.3267137150687898,Multiple Linear Regression,Inter-Sector
0,TBLA,0.9983691854149784,155.58304117835468,Consumer Non-Cyclicals,131.7890763239277,20.230153497311612,-0.9851816094096139,-0.100821141228378,Multiple Linear Regression,Inter-Sector
0,TCID,0.9992954554470437,4763.997044855992,Consumer Non-Cyclicals,1351.5188201395067,17.949545374063334,6.305114028114446,0.10263678929510903,Multiple Linear Regression,Inter-Sector
0,TGKA,0.9988821527347945,7247.971873637668,Consumer Non-Cyclicals,1440.498149987332,36.93584999967518,3.778343506037204,0.07530568519814393,Multiple Linear Regression,Inter-Sector
0,TGUK,0.5319562250371753,149.4749639338096,Consumer Non-Cyclicals,25.75212531969521,14.07219962824875,-3.8154557974171612,-3.76582215242613,Multiple Linear Regression,Inter-Sector
0,TLDN,0.9863088740695413,74.89944912799776,Consumer Non-Cyclicals,68.0821091223039,10.237911146211113,0.8322440385825747,0.15771602578791666,Multiple Linear Regression,Inter-Sector
0,TRGU,0.9455892981589563,138.25754756232058,Consumer Non-Cyclicals,57.13274404330258,28.006247080050283,-1.792023429356201,-0.4785099483080112,Multiple Linear Regression,Inter-Sector
0,UCID,0.9897272572084773,602.2627284149182,Consumer Non-Cyclicals,160.29310635448815,12.686420458435116,-1.914338399402003,-0.1682647006243533,Multiple Linear Regression,Inter-Sector
0,UDNG,0.8875534647623351,43.99508653123936,Consumer Non-Cyclicals,15.6611984932305,15.482257959374184,-3.7702387961652652,-4.089352912076861,Multiple Linear Regression,Inter-Sector
0,ULTJ,0.9990051878544849,345.8206233736352,Consumer Non-Cyclicals,244.87251861202253,18.8794744839967,-0.16838763638661047,0.010718525070883672,Multiple Linear Regression,Inter-Sector
0,UNSP,0.9983130003222874,40645.19540744592,Consumer Non-Cyclicals,2503.2301654030234,24.72173762622423,0.41318595109482903,-0.17879046939854032,Multiple Linear Regression,Inter-Sector
0,UNVR,0.9991532055945963,8092.310772388864,Consumer Non-Cyclicals,947.912431537653,15.408371153083431,-1.8352730984525507,-0.0484467494156363,Multiple Linear Regression,Inter-Sector
0,VICI,0.9925513660620758,78.36820502242404,Consumer Non-Cyclicals,50.03210800352508,9.702810765617622,1.0726970881166247,0.1724886529398989,Multiple Linear Regression,Inter-Sector
0,WAPO,0.975606744419813,142.91464029460857,Consumer Non-Cyclicals,270.39099561091666,48.662996419030755,0.03496686026861268,0.11329129666608156,Multiple Linear Regression,Inter-Sector
0,WICO,0.9910676544782621,131.0774448665099,Consumer Non-Cyclicals,82.32249166093425,33.34195694291992,0.24980397515699906,-0.14102157957765477,Multiple Linear Regression,Inter-Sector
0,WIIM,0.9967247666762643,868.2818409709502,Consumer Non-Cyclicals,249.7633540003908,17.748284202842786,-1.799558471477022,-0.47058317175010583,Multiple Linear Regression,Inter-Sector
0,WINE,0.9084728773259344,957.5890622851346,Consumer Non-Cyclicals,313.9960520722687,99.99874269817475,-0.8229266757455111,-0.14925530003045848,Multiple Linear Regression,Inter-Sector
0,WMPP,0.9625749127348256,76.05855216566042,Consumer Non-Cyclicals,7.611450175889445,5.177857262509827,-4.84998705793707,-4.314217864923117,Multiple Linear Regression,Inter-Sector
0,WMUU,0.986994375500931,44.29539973627068,Consumer Non-Cyclicals,4.70435699883015,3.9867432193475847,-3.7458676024916886,-3.200070248215355,Multiple Linear Regression,Inter-Sector
0,ABMM,0.993049384686392,4828.144405682138,Energy,788.580651473721,25.01512758224108,10.067449039221113,0.28905772806398883,Multiple Linear Regression,Inter-Sector
0,ADMR,0.9780433707033974,3891.1204030265644,Energy,327.7204487495942,16.050155750679888,-11.238314440681087,-0.7690924039620974,Multiple Linear Regression,Inter-Sector
0,ADRO,0.9976399754552364,1228.6146412368817,Energy,229.04658600277344,13.28537849128469,-8.635883496675502,-0.6176156098435119,Multiple Linear Regression,Inter-Sector
0,AIMS,0.9889395799798959,192.18991767205634,Energy,248.47148315777753,35.49592616539679,-0.21729394783576356,-0.07091647001962531,Multiple Linear Regression,Inter-Sector
0,AKRA,0.9982864423928415,362.91981217619207,Energy,113.20541820368044,16.388278033812327,-5.838885555224946,-1.4600780769261137,Multiple Linear Regression,Inter-Sector
0,ALII,0.8987281983698727,1799.910931779065,Energy,82.847159386405,13.718237552001506,-7.05121694111453,-1.5363424767776377,Multiple Linear Regression,Inter-Sector
0,APEX,0.9982520927530539,2165.4560290837985,Energy,850.4550393546529,30.76671262152548,-0.04839242309470091,-0.25438460313151606,Multiple Linear Regression,Inter-Sector
0,ARII,0.9958123961125399,592.4077386742678,Energy,160.1842994134946,25.828763912847624,1.7250930799608173,0.07747339767757262,Multiple Linear Regression,Inter-Sector
0,ARTI,0.996873308911878,161.64001365502418,Energy,210.00476292865415,22.777868346768173,0.14032984358134762,-0.5032133217313614,Multiple Linear Regression,Inter-Sector
0,ATLA,0.6102471514114478,1650.8215753677287,Energy,19.96354712951947,7.561949670272526,-24.03055998393123,-13.497366306630509,Multiple Linear Regression,Inter-Sector
0,BBRM,0.9944053403841694,26.272084677148314,Energy,83.79503278592784,25.28929395871512,-0.08842335347320045,-0.2514439863702677,Multiple Linear Regression,Inter-Sector
0,BESS,0.9947054949404412,763.6645223805658,Energy,274.9751598759967,25.343332707465137,-0.12157533348809867,-0.23297888384593257,Multiple Linear Regression,Inter-Sector
0,BIPI,0.9594392515701472,99.54416768059495,Energy,3.2965540972108727,3.3574041671661843,-5.521773366745569,-5.457306781241492,Multiple Linear Regression,Inter-Sector
0,BOSS,0.998676728984641,1005.4991322456166,Energy,308.55997809855194,26.492008649859844,-2.3616441442035168,-2.429582712655133,Multiple Linear Regression,Inter-Sector
0,BSML,0.9896387437843999,1462.4870871375738,Energy,327.2225447042715,18.741063269431503,-2.928675792126202,-1.5816421559220355,Multiple Linear Regression,Inter-Sector
0,BSSR,0.9959237196961364,3893.9485120921736,Energy,590.4719064003821,23.09249923240114,1.6494709026848666,0.06693505169623624,Multiple Linear Regression,Inter-Sector
0,BULL,0.9949357852692498,175.35535857361535,Energy,24.31085660853259,18.82345321175094,-6.628807639425855,-3.6061660115034235,Multiple Linear Regression,Inter-Sector
0,BUMI,0.9990979570466406,1944.0579349562224,Energy,728.6878533989211,32.47374121517618,-10.99594359053977,-5.686843943690391,Multiple Linear Regression,Inter-Sector
0,BYAN,0.9991136328535196,23376.545833505515,Energy,2778.340608825296,19.674029350591006,4.392688275373167,-0.09101518208631919,Multiple Linear Regression,Inter-Sector
0,CANI,0.9810256383360716,706.4083645723005,Energy,275.2728875542655,33.19010401259201,-1.5323595007708726,-0.38026893452341076,Multiple Linear Regression,Inter-Sector
0,CBRE,0.9439261359081582,27.37286828477101,Energy,1.6519707844883875,5.8998956588870985,-2.03406790682281,-3.1553473140175585,Multiple Linear Regression,Inter-Sector
0,CGAS,0.7771073911848407,2368.184048852428,Energy,17.367379233994356,13.568265026558091,-15.364447178465321,-4.367171888705949,Multiple Linear Regression,Inter-Sector
0,CNKO,0.9946399908943405,34.87652274366502,Energy,53.24419390446627,22.680807602759707,-2.0542598474353637,-2.392250297541294,Multiple Linear Regression,Inter-Sector
0,COAL,0.9825864177396828,156.59339355051938,Energy,70.10109749091407,99.9646916971827,-5.32447793716547,-4.896463636188851,Multiple Linear Regression,Inter-Sector
0,CUAN,0.9950559615674223,69509.50096958302,Energy,1072.8992055980461,19.727416451123382,31.793407849593493,0.5330854204706408,Multiple Linear Regression,Inter-Sector
0,DEWA,0.9923015601863873,88.83206375103623,Energy,3.103019033148847,4.848467239295074,-4.4535048521808935,-5.863634935015637,Multiple Linear Regression,Inter-Sector
0,DOID,0.9983465015797526,240.67285207976795,Energy,233.9134261369827,40.01031690567824,-3.2387036037981067,-1.136116875724003,Multiple Linear Regression,Inter-Sector
0,DSSA,0.9981237836918541,715711.4697480601,Energy,13477.188339223008,22.219506065342426,74.25965222340612,0.23503151767712568,Multiple Linear Regression,Inter-Sector
0,DWGL,0.9745647487339311,165.73390173100455,Energy,108.87714127691885,29.943244596715356,-0.9891374873942598,-0.5615502165916484,Multiple Linear Regression,Inter-Sector
0,ELSA,0.9914218765359792,110.36028049010784,Energy,70.4800188535678,17.402473791004393,-5.457392537533279,-1.6339334625474198,Multiple Linear Regression,Inter-Sector
0,ENRG,0.9983816417221975,9224.67131635413,Energy,2170.2638159269554,23.098876111235537,-0.48026092850745783,-2.62738615658774,Multiple Linear Regression,Inter-Sector
0,FIRE,0.9968970544847072,15073.612559571826,Energy,1875.592129507584,24.25698828879015,-2.0756303300561494,-0.6743303938709195,Multiple Linear Regression,Inter-Sector
0,GEMS,0.9972488297173531,7617.792523808913,Energy,1276.3316943962718,23.54489520237347,2.5662461951576607,0.11089997178132106,Multiple Linear Regression,Inter-Sector
0,GTBO,0.9994948728780584,723.2170035955105,Energy,475.0082001777755,25.573853157084226,-1.4051912854898185,-0.3015028502735923,Multiple Linear Regression,Inter-Sector
0,GTSI,0.6002581277099602,24.375903123603045,Energy,3.2396400335501667,5.142285767539947,-2.436430594899241,-4.12400816606734,Multiple Linear Regression,Inter-Sector
0,HILL,0.9339409664407974,13446.818178114616,Energy,564.9125904598254,19.961575634622804,7.04027367043354,0.1911212180750775,Multiple Linear Regression,Inter-Sector
0,HITS,0.9979301192638828,254.51965310017096,Energy,234.31739283243405,24.17177247380606,0.5670039175114279,0.05287830596726602,Multiple Linear Regression,Inter-Sector
0,HRUM,0.9980927861676427,727.788934963068,Energy,195.5156119810615,14.215678200224104,-4.691277346877342,-0.659498199638978,Multiple Linear Regression,Inter-Sector
0,HUMI,0.8211789771724975,349.0136354394507,Energy,10.653065797989342,5.984868425836709,-14.803906613752895,-12.291720503180946,Multiple Linear Regression,Inter-Sector
0,IATA,0.9810736325139391,30.868536437741337,Energy,18.03544192467305,13.132537609966077,-1.776484039096491,-1.8359891156019394,Multiple Linear Regression,Inter-Sector
0,INDY,0.9980618759071259,2235.3158162519926,Energy,351.57979508002904,20.1883694431035,-3.822083796925552,-0.3575494541268916,Multiple Linear Regression,Inter-Sector
0,INPS,0.9955400567689003,9177.83794052777,Energy,876.0446210494474,31.191019617922443,1.8582763288994986,-0.016395757034802765,Multiple Linear Regression,Inter-Sector
0,ITMA,0.9946237975045142,637.9826435647582,Energy,302.60193279614305,19.887680059773974,-0.9492055177567889,-0.1851136012662356,Multiple Linear Regression,Inter-Sector
0,ITMG,0.9986813081061957,178431.06840267635,Energy,3598.1716974079827,18.358018864326443,-11.502738507869369,-0.1056055091161568,Multiple Linear Regression,Inter-Sector
0,JSKY,0.9921147876358078,357.6072862008723,Energy,134.44124476504862,18.990903124789615,-2.3811054558218037,-1.3916086714155884,Multiple Linear Regression,Inter-Sector
0,KKGI,0.9991967691981418,63.29777782921977,Energy,74.8689309985258,19.375596331498873,-0.37779265381469296,-0.10363136352386576,Multiple Linear Regression,Inter-Sector
0,KOPI,0.9988109473506236,143.59608935933375,Energy,190.1197900601478,40.01215163174053,0.2569855236302522,-0.056515927571835524,Multiple Linear Regression,Inter-Sector
0,LEAD,0.9988010902188177,82.45838004163315,Energy,114.12008935441281,21.59255496072358,-2.8939391839061495,-3.2793208446225646,Multiple Linear Regression,Inter-Sector
0,MAHA,0.7743627404279714,110.7432052805231,Energy,22.0088154932823,9.247401467765672,-5.937895098312313,-2.737429736101222,Multiple Linear Regression,Inter-Sector
0,MBAP,0.9978655469948854,6982.524093927311,Energy,975.8241501633474,17.85366916848756,-3.3912110906394792,-0.10730428448424129,Multiple Linear Regression,Inter-Sector
0,MBSS,0.9959974026908069,569.0364844047403,Energy,310.2268301245865,21.69418392479626,-1.776269166733035,-0.3699482443675958,Multiple Linear Regression,Inter-Sector
0,MCOL,0.9949967411226555,11953.796933198626,Energy,755.0325817093444,19.466095247631866,2.9089879111765824,0.109923633246284,Multiple Linear Regression,Inter-Sector
0,MEDC,0.9960487259083853,283.7625728100359,Energy,106.49675814694172,15.400193067529713,-4.608432307170207,-0.8230612948208911,Multiple Linear Regression,Inter-Sector
0,MKAP,0.9597072747721086,156.3170460919308,Energy,33.38566410721535,12.096255111309908,-5.714080569161339,-2.4142098918548722,Multiple Linear Regression,Inter-Sector
0,MTFN,0.9927244682159768,19.36697339324449,Energy,34.56895750232036,48.690785302953174,-0.437739202898171,-0.24533888226549078,Multiple Linear Regression,Inter-Sector
0,MYOH,0.9991181834260139,262.814879905129,Energy,180.19704028194542,21.605422171790565,1.7268341699279695,0.10090542298568435,Multiple Linear Regression,Inter-Sector
0,PGAS,0.9986886145086341,2727.552697166464,Energy,423.0320174369317,18.489090547146045,-6.9478608165264815,-0.5340891143728553,Multiple Linear Regression,Inter-Sector
0,PKPK,0.9952479031393071,156.24991783632964,Energy,320.42318240716963,26.321582757103428,0.04647484372216103,-0.24823335567674673,Multiple Linear Regression,Inter-Sector
0,PSSI,0.9972452083384727,99.6320439654885,Energy,113.81715887992232,28.217380596783315,-0.45961778437402195,-0.20850249978936167,Multiple Linear Regression,Inter-Sector
0,PTBA,0.9984905295304943,2425.4297348643895,Energy,358.5607521001659,17.02203909682405,-4.183333799775368,-0.30899223747923754,Multiple Linear Regression,Inter-Sector
0,PTIS,0.997202644194666,263.3159417335633,Energy,250.15171695934498,33.69761779858011,0.40568543015286845,-0.09278745939781491,Multiple Linear Regression,Inter-Sector
0,PTRO,0.9979041836271088,3350.4689448451013,Energy,1399.2530438984722,19.03595554469858,-0.40252745064612205,-0.03484533627125106,Multiple Linear Regression,Inter-Sector
0,RAJA,0.9970088345670692,243.4625540819289,Energy,274.0746127207192,29.12071005410562,-1.2928561240150935,-0.9014719660160517,Multiple Linear Regression,Inter-Sector
0,RGAS,0.705026002474507,63.21437952252211,Energy,29.705350083755235,31.268789561847615,-2.648736505696732,-2.7775836119020743,Multiple Linear Regression,Inter-Sector
0,RIGS,0.9982795597084209,130.20981713793282,Energy,170.10836097522463,24.456417817485033,0.16060488085163857,-0.02960385451981489,Multiple Linear Regression,Inter-Sector
0,RMKE,0.9870643873448119,610.6930645065117,Energy,130.3839588595564,17.661179843633285,-2.6276609039405,-0.4453531412751152,Multiple Linear Regression,Inter-Sector
0,RMKO,0.9755500870104395,139.27138752463762,Energy,72.56361552053295,19.40203623543662,-2.0912787633438747,-0.6264171303465653,Multiple Linear Regression,Inter-Sector
0,RUIS,0.9939021878774295,52.87789768396981,Energy,85.03743863781438,25.004833072861253,0.13577383897725256,-0.019425401784810437,Multiple Linear Regression,Inter-Sector
0,SEMA,0.9898554014306777,39.55043771221112,Energy,23.115825682805166,14.053418206068288,-1.7353854829003628,-1.3300380587975429,Multiple Linear Regression,Inter-Sector
0,SGER,0.9942160118107599,2570.605823347571,Energy,343.51479160654117,18.573102009393864,-0.5586075342699582,-0.2466472758904225,Multiple Linear Regression,Inter-Sector
0,SHIP,0.9880806866373757,684.3519162204118,Energy,154.8848572032731,31.653077174303018,0.5481338759659746,0.04574661436117223,Multiple Linear Regression,Inter-Sector
0,SICO,0.9299450875187681,74.6403150107822,Energy,27.415314183283286,22.84609515273607,-0.3427905403215223,0.23589240051162635,Multiple Linear Regression,Inter-Sector
0,SMMT,0.9990160145108186,357.40217268141123,Energy,205.34541376662355,31.353063023959276,-0.7148191665329736,-0.35268761185824776,Multiple Linear Regression,Inter-Sector
0,SMRU,0.9971035826806199,73.98897325792423,Energy,109.67762421599775,31.649281937915312,-0.5389263290793853,-0.37532615644414613,Multiple Linear Regression,Inter-Sector
0,SOCI,0.9965171132617416,63.38183205539425,Energy,45.503600342968696,20.98245089209188,-2.6201029202385078,-1.106347720814841,Multiple Linear Regression,Inter-Sector
0,SUGI,0.9982115413747407,32.018382897333225,Energy,78.7914550463052,44.445948810594025,-1.4690097596271205,-0.41831783140391793,Multiple Linear Regression,Inter-Sector
0,SUNI,0.9755163106823096,130.48165347369715,Energy,53.709693372084985,10.758570908742499,0.5998664651519692,0.04901733257900632,Multiple Linear Regression,Inter-Sector
0,SURE,0.9925813538527987,2631.980470050686,Energy,530.441600897122,19.929293406197797,4.216169118445265,0.210947148961605,Multiple Linear Regression,Inter-Sector
0,TAMU,0.9975344340193786,77.12353581799572,Energy,80.68393510925449,23.39177934285824,-1.421413497599823,-1.2378946955791852,Multiple Linear Regression,Inter-Sector
0,TCPI,0.9873638887555973,50330.154314094296,Energy,1299.9087673055328,19.88413300002268,-8.901515822089053,-0.08264193599050206,Multiple Linear Regression,Inter-Sector
0,TEBE,0.9968285895115915,521.3681449041532,Energy,159.86622615471515,22.254294294344476,-1.0218877539866718,-0.1363667455545641,Multiple Linear Regression,Inter-Sector
0,TOBA,0.9944023514445117,325.99618398758133,Energy,296.64721426275946,25.013065140465052,0.2537125889143705,0.13384806685567138,Multiple Linear Regression,Inter-Sector
0,TPMA,0.9944617049956798,191.42310883407413,Energy,190.10879385465887,20.016138448007055,-0.47023605117108397,-0.20045173702886798,Multiple Linear Regression,Inter-Sector
0,TRAM,0.9994808819627267,140.91567211095608,Energy,83.75007513504136,16.716971686242445,-5.594054704333201,-2.214042469047245,Multiple Linear Regression,Inter-Sector
0,UNIQ,0.9954727165874648,33.062818752030815,Energy,35.138157190882396,16.73412175496725,-1.7600451680267954,-1.8786269533582651,Multiple Linear Regression,Inter-Sector
0,WINS,0.998116748230207,114.46069303586512,Energy,99.26682558422306,19.173510007632785,-0.8781725157193446,-0.45496181525616597,Multiple Linear Regression,Inter-Sector
0,WOWS,0.967215037625443,81.49403678444548,Energy,39.81354720179374,15.799026667378469,-2.3816544148095082,-3.2838592552983616,Multiple Linear Regression,Inter-Sector
0,BMHS,0.9940991940197824,322.6869956339139,Healthcare,106.36693639493876,14.47977099657546,-4.263183269993691,-0.8461656729750365,Multiple Linear Regression,Inter-Sector
0,CARE,0.9549361598770614,639.0332757264789,Healthcare,50.980407415157885,23.172912461435402,-18.98998009147656,-4.715550131475816,Multiple Linear Regression,Inter-Sector
0,DGNS,0.9905557408619561,753.2291034386982,Healthcare,219.58960457717762,18.91864958890926,-3.386027195761346,-1.029555075094948,Multiple Linear Regression,Inter-Sector
0,DVLA,0.9983992046409679,999.65627166999,Healthcare,500.47872044236055,20.86151116607951,0.8819906479873639,0.1039849436843619,Multiple Linear Regression,Inter-Sector
0,HALO,0.9778615551874328,78.38928747885895,Healthcare,17.716632422971173,11.905322343070575,-4.035260542460288,-4.181431136435064,Multiple Linear Regression,Inter-Sector
0,HEAL,0.996710551287545,414.51527707548206,Healthcare,132.6944156854538,10.266676701051505,-2.5517458087314315,-0.31536907092680855,Multiple Linear Regression,Inter-Sector
0,IKPM,0.8986298407729235,169.9116915323599,Healthcare,39.30092609408533,15.595605592891001,0.5041898634814309,0.1074905001933429,Multiple Linear Regression,Inter-Sector
0,INAF,0.9968554114089134,5542.703006575336,Healthcare,995.3535382627088,25.076153248682797,-2.1786116756576197,-0.3111961736301466,Multiple Linear Regression,Inter-Sector
0,IRRA,0.9915999154442235,2896.604703841043,Healthcare,722.089810920711,20.576985516696446,-1.3540340785069613,-0.18845808788368784,Multiple Linear Regression,Inter-Sector
0,KAEF,0.997436657117383,2713.2273383412603,Healthcare,911.0570496919172,23.580013699303162,-2.391922753242462,-0.14115288235867132,Multiple Linear Regression,Inter-Sector
0,KLBF,0.9987680319638569,525.3670030343688,Healthcare,151.03182289455322,11.129149376478626,-6.1801419573005845,-1.5817074745602875,Multiple Linear Regression,Inter-Sector
0,MEDS,0.9800448628709586,123.83758417377643,Healthcare,60.51307158282685,16.935754627491875,-4.30934520479564,-4.197157559465895,Multiple Linear Regression,Inter-Sector
0,MERK,0.9995569660922774,3665.40580481404,Healthcare,1351.6708426729183,14.079904611176234,2.4979325729488546,0.06339869008475697,Multiple Linear Regression,Inter-Sector
0,MIKA,0.9774790385862191,3326.9555390519718,Healthcare,338.7143002514417,15.72750222685354,-6.150158057633413,-0.27696894073099737,Multiple Linear Regression,Inter-Sector
0,MMIX,0.9908143031668949,226.44056079245127,Healthcare,70.58953840650463,20.13555576942388,-2.470099412126763,-1.4819776802067526,Multiple Linear Regression,Inter-Sector
0,MTMH,0.9893798476199905,1588.2553878180354,Healthcare,209.1778311803455,9.376009281330903,1.0270609750541295,0.0543661247350605,Multiple Linear Regression,Inter-Sector
0,OMED,0.4476163214427973,189.28428793623885,Healthcare,203.8724304045792,98.01559154066308,-3.852974006582279,-1.7843477502149276,Multiple Linear Regression,Inter-Sector
0,PEHA,0.9899700216285819,2519.306890693547,Healthcare,457.31854220834384,19.859206074153935,-4.9064100173800025,-0.3900938268022792,Multiple Linear Regression,Inter-Sector
0,PEVE,0.91453721706693,27.89350393771958,Healthcare,14.357492371321968,7.888732072154927,-0.7113173858640157,-0.4278664650516284,Multiple Linear Regression,Inter-Sector
0,PRAY,0.812838703983886,295.5373255503952,Healthcare,54.34464900034811,6.835804905704165,0.2374982399783114,0.04411004579760613,Multiple Linear Regression,Inter-Sector
0,PRDA,0.9935719582363067,16620.60472023733,Healthcare,1399.3442702085276,17.844036354269495,-2.57080086821153,-0.06487134286876121,Multiple Linear Regression,Inter-Sector
0,PRIM,0.9966833745789997,308.93200492513694,Healthcare,218.97225919461482,24.11674294789745,-1.3534199934401125,-1.0396275606794507,Multiple Linear Regression,Inter-Sector
0,PYFA,0.9969249038984505,293.7710658074939,Healthcare,248.84508689172242,36.622227385077274,0.2976559563356113,0.020155222564387155,Multiple Linear Regression,Inter-Sector
0,RSCH,0.9383949850904423,85.19694101180256,Healthcare,30.254800494158758,15.262072292291332,-1.3255251189927175,-0.9462197939566619,Multiple Linear Regression,Inter-Sector
0,RSGK,0.9668977185944699,1472.2104131627227,Healthcare,295.07038153675694,13.7242037924073,1.2058025223050939,0.12147843112378795,Multiple Linear Regression,Inter-Sector
0,SAME,0.9907412390328073,86.94510439950884,Healthcare,60.324322866930515,11.917702869540287,-2.447009443333259,-1.1109779923388545,Multiple Linear Regression,Inter-Sector
0,SCPI,0.9998271095149801,15178.422732737892,Healthcare,4507.088340325259,13.195876168861323,2.720785057350037,-0.00601181651676971,Multiple Linear Regression,Inter-Sector
0,SIDO,0.9978723910837872,108.4772589017654,Healthcare,50.93900388022723,8.724660190525888,-2.3840969941635026,-0.4927629833674365,Multiple Linear Regression,Inter-Sector
0,SILO,0.9958911613341156,1006.3199753963052,Healthcare,459.51796192691654,16.770728537478703,-1.5769164967513158,-0.18000324594580197,Multiple Linear Regression,Inter-Sector
0,SOHO,0.9588675819156162,326.8916636339747,Healthcare,150.05785459229514,19.827646303264597,0.8944655670646015,0.11914704725044589,Multiple Linear Regression,Inter-Sector
0,SRAJ,0.9952002135069327,192.7543148059334,Healthcare,154.44520295371422,28.401578749487292,0.000642810341553762,-0.20593552804250267,Multiple Linear Regression,Inter-Sector
0,SURI,0.9192739230217052,1755.082911555665,Healthcare,129.33032786095248,24.252833347738115,1.06007653568125,-0.08819454362167378,Multiple Linear Regression,Inter-Sector
0,TSPC,0.9987516541210442,868.266708650917,Healthcare,384.7048486801955,19.331901943728415,-0.3880145029614014,-0.034785648954838114,Multiple Linear Regression,Inter-Sector
0,AMFG,0.9985227663817856,6911.926587959608,Industrials,601.2924937807093,15.471666180663787,9.315523098709011,0.20422355591259464,Multiple Linear Regression,Inter-Sector
0,AMIN,0.9888689490551732,138.15649996745552,Industrials,102.06033079963481,27.394468104798953,1.498664514720151,0.41572775332079204,Multiple Linear Regression,Inter-Sector
0,APII,0.9845611914710675,63.826973605485954,Industrials,71.00499192229157,27.736324969645143,0.0553591019207729,-0.020688573140152898,Multiple Linear Regression,Inter-Sector
0,ARKA,0.9979326630632086,825.4552278942164,Industrials,375.29289948602104,19.45277829030545,-0.8716063474409179,-1.5566218680289063,Multiple Linear Regression,Inter-Sector
0,ARNA,0.9988954547163325,120.47866616033757,Industrials,94.81182957581109,21.877439631293303,-0.7322661979894408,-0.1807782949262681,Multiple Linear Regression,Inter-Sector
0,ASGR,0.9989415130918963,356.202355882142,Industrials,230.39611242455703,17.421034991355423,-1.1774710481269541,-0.12263742001854484,Multiple Linear Regression,Inter-Sector
0,ASII,0.9991816723976583,6824.289929334348,Industrials,588.4690897840073,13.313402374926268,-7.449753141537471,-1.1088715495462513,Multiple Linear Regression,Inter-Sector
0,BHIT,0.9952165150578333,69.21228698432618,Industrials,25.086073723591937,27.939638245223126,-4.0872374090460095,-4.000809022512855,Multiple Linear Regression,Inter-Sector
0,BINO,0.9229062808996552,6.009826587112837,Industrials,15.2761821107364,11.232486846129706,-0.7275979404072781,-0.5428720948426394,Multiple Linear Regression,Inter-Sector
0,BLUE,0.9932770005439701,178.10980074385617,Industrials,115.09523914507304,19.62137696599196,-0.6621706598955397,-0.18265902314915372,Multiple Linear Regression,Inter-Sector
0,BNBR,0.9857148759849588,18206.449830176745,Industrials,1254.295334013992,33.3468318310197,15.44946547364832,0.3399921707136023,Multiple Linear Regression,Inter-Sector
0,CAKK,0.9803564602389478,62.39658089478587,Industrials,51.24890998324071,28.03683543863864,-1.1789706989027204,-1.0016481570460565,Multiple Linear Regression,Inter-Sector
0,CCSI,0.9940302467655718,277.0926095848466,Industrials,133.6171238427978,19.64957703570556,-3.3408192065516515,-0.713023281193566,Multiple Linear Regression,Inter-Sector
0,CRSN,0.6646119264277883,20.159908606404212,Industrials,10.525390513718506,9.594240795899472,-0.8985961162559442,-0.8053147567513722,Multiple Linear Regression,Inter-Sector
0,CTTH,0.9888689710488016,9.147883649126827,Industrials,39.967999598064296,29.86027463620562,-0.09569101384617575,-0.14560124403753336,Multiple Linear Regression,Inter-Sector
0,DYAN,0.9957570221238845,19.95951705680539,Industrials,49.27727962184957,17.575035721128877,-1.1228744416580376,-1.2952677026257071,Multiple Linear Regression,Inter-Sector
0,FOLK,0.6362291077838615,23.1480926891919,Industrials,17.663280777143626,25.598957648034244,-0.8980075564163915,-1.1322168533200851,Multiple Linear Regression,Inter-Sector
0,GPSO,0.9089244884657044,73.52455191753533,Industrials,49.03694758128918,24.530650121557642,-1.371292418819318,-1.0269441696511843,Multiple Linear Regression,Inter-Sector
0,HEXA,0.9993992540723797,3378.4279377169105,Industrials,680.5518889817213,22.991423303417587,1.049664964549828,0.06253396177567887,Multiple Linear Regression,Inter-Sector
0,HOPE,0.9818234928374209,40.10548611654966,Industrials,35.439180956679536,20.649876292439185,-2.0604968973425413,-1.9575752209119157,Multiple Linear Regression,Inter-Sector
0,HYGN,0.5959441964789371,81.51022158513291,Industrials,11.277619878982591,7.831680471515688,-4.010307727297662,-2.724291077395947,Multiple Linear Regression,Inter-Sector
0,IBFN,0.9973308687952747,531.9591411476282,Industrials,412.20277747696673,32.78670108807435,1.435438325541556,0.09989247815955628,Multiple Linear Regression,Inter-Sector
0,ICON,0.9987874433508334,63.16584811006254,Industrials,140.04659954777415,37.44561485234603,-0.295408378480149,-0.41499733527415067,Multiple Linear Regression,Inter-Sector
0,IKAI,0.9985396272408931,44.25975587012501,Industrials,159.22369091715893,36.11179796819068,-0.3980853950172134,-0.4450970144856929,Multiple Linear Regression,Inter-Sector
0,IKBI,0.993082896981979,83.8932421586219,Industrials,149.80918846005568,29.634849526269797,-0.32798261812729973,-0.08778768860791039,Multiple Linear Regression,Inter-Sector
0,IMPC,0.9984650489484692,17.18456145278251,Industrials,39.22102214395545,18.94694167053111,-1.7156231075951536,-1.1539679272802992,Multiple Linear Regression,Inter-Sector
0,INDX,0.9974288775463447,13086.209674210728,Industrials,2502.3287995550854,50.010114259496795,8.125757274726265,0.33353506699842184,Multiple Linear Regression,Inter-Sector
0,INTA,0.999078363199761,28.480270034779636,Industrials,54.050082794220714,22.090523781319725,-0.0948948351388041,-0.06768614018159382,Multiple Linear Regression,Inter-Sector
0,JECC,0.9979241928074036,11277.246195674808,Industrials,1601.6098904635319,32.23526753370431,4.601114524140166,0.19866695414058605,Multiple Linear Regression,Inter-Sector
0,JTPE,0.9982186659704426,16.816041901104406,Industrials,37.23181711984776,30.95199162349957,-0.8830598650628714,-2.617524910225372,Multiple Linear Regression,Inter-Sector
0,KBLI,0.997217391520567,62.44465642656516,Industrials,119.42641529904859,31.658425069482014,-0.610242444180332,-0.16081543498484974,Multiple Linear Regression,Inter-Sector
0,KBLM,0.9906230004113625,62.76995478169129,Industrials,87.96410079486049,46.676650278966264,0.008605038578467485,0.08361160758698535,Multiple Linear Regression,Inter-Sector
0,KIAS,0.9974804903785507,11.481449665374862,Industrials,60.05958716318912,19.779084741004727,-0.27852735891815683,-0.2701268725749098,Multiple Linear Regression,Inter-Sector
0,KING,0.9738318010053911,105.94529522719671,Industrials,22.332863081655546,9.849552696151035,-1.3417313313011696,-0.6757023317041008,Multiple Linear Regression,Inter-Sector
0,KOBX,0.9951859198702641,75.7229205816752,Industrials,84.88188759905421,27.29081329077304,-0.1079706519306692,-0.048321804630798534,Multiple Linear Regression,Inter-Sector
0,KOIN,0.9920799014194749,84.67043454421547,Industrials,104.03920462747055,34.67973487582352,0.42214817785233644,0.08402748556174353,Multiple Linear Regression,Inter-Sector
0,KONI,0.9935683540795864,2024.235186752156,Industrials,860.6494589471449,31.53497749102164,1.400970758765092,0.12124848745883102,Multiple Linear Regression,Inter-Sector
0,KPAL,0.9892621216230708,309.3740351654415,Industrials,169.42687301828857,30.160158748376986,-0.5825074428745348,-0.27164535353157443,Multiple Linear Regression,Inter-Sector
0,KRAH,0.9990108861161474,1065.9072739867877,Industrials,380.38136038295943,22.760639294678704,1.5559146215769315,0.062222116739307484,Multiple Linear Regression,Inter-Sector
0,KUAS,0.9855065685730565,20.245623994821244,Industrials,14.221481554207458,5.87664527033366,-1.6776982869262838,-2.008604857795612,Multiple Linear Regression,Inter-Sector
0,LABA,0.9926989742544947,109.58431452792907,Industrials,134.80689182308015,27.17992702798589,-1.1449209165230452,-0.9819354917989775,Multiple Linear Regression,Inter-Sector
0,LION,0.9979802422880275,265.9759616082025,Industrials,280.16589386304236,27.706916507740132,0.20192655380234456,0.04071806102293575,Multiple Linear Regression,Inter-Sector
0,MARK,0.9942912561697259,474.1302366122505,Industrials,178.6527693276637,17.91036720943844,-0.8712509210056777,-0.20416013106016279,Multiple Linear Regression,Inter-Sector
0,MDRN,0.999591980572902,24.774489767017293,Industrials,59.69787693556532,33.346410807143116,-0.03265862439073221,-0.05962440593696421,Multiple Linear Regression,Inter-Sector
0,MFMI,0.9881158715892399,717.0115801621191,Industrials,245.12487988828707,31.808627996739798,0.7889148642234438,0.06051553836124154,Multiple Linear Regression,Inter-Sector
0,MHKI,0.35473681810740565,4288.5128821302915,Industrials,36.93764081872524,10.993345481763466,-30.984103099718958,-9.553138459176207,Multiple Linear Regression,Inter-Sector
0,MLIA,0.998168148440873,33.1182244351614,Industrials,55.53238326964038,24.673000178499198,-0.6854810443225119,-0.5708028928295542,Multiple Linear Regression,Inter-Sector
0,MUTU,0.8788152686073514,114.22328380065724,Industrials,27.69812096350526,34.622651204381576,-3.0609556270928846,-1.8907923894752914,Multiple Linear Regression,Inter-Sector
0,NTBK,0.5521203235034073,49.04820259810842,Industrials,11.296646492894027,15.265738503910848,-2.790667511312793,-4.241869317865891,Multiple Linear Regression,Inter-Sector
0,PADA,0.9390699935545069,171.7673842710031,Industrials,49.99977695323552,99.99955390647104,-5.965026351201712,-4.861509473023838,Multiple Linear Regression,Inter-Sector
0,PIPA,0.9599019631751977,19.98914301744762,Industrials,3.740409238181087,5.064842566527811,-1.1817267476724318,-1.262827101805246,Multiple Linear Regression,Inter-Sector
0,PTMP,0.9266971760730466,196.40112528094787,Industrials,24.951799742360265,15.594874838975164,-7.44628155788862,-4.395886542549935,Multiple Linear Regression,Inter-Sector
0,SCCO,0.9992280175278571,9954.196377137683,Industrials,2119.998851309163,99.99994581646995,16.54710394257844,0.2842679604190737,Multiple Linear Regression,Inter-Sector
0,SINI,0.9899060283006048,2930.7379799620753,Industrials,474.47053236067904,31.112821794142885,-5.701705228435751,-2.0183705129137337,Multiple Linear Regression,Inter-Sector
0,SKRN,0.9930262091700668,236.65571175303748,Industrials,142.7678688884522,19.381660896318234,-1.3719980355750028,-1.003121908691491,Multiple Linear Regression,Inter-Sector
0,SMIL,-0.2699976523830072,375.10231752583513,Industrials,0.03540472706509945,0.021457410342484516,-17.174979230583926,-12.357424849479612,Multiple Linear Regression,Inter-Sector
0,SOSS,0.9328497955494797,965.3414371301211,Industrials,260.2035645831886,18.83725393234028,-5.429234797425409,-1.3337093361052563,Multiple Linear Regression,Inter-Sector
0,SPTO,0.9957864935670064,190.22107296953297,Industrials,139.63409910510563,15.765091298426753,-1.6460862126384055,-0.2478477221375216,Multiple Linear Regression,Inter-Sector
0,TIRA,0.9909817921973133,64.87138381770033,Industrials,125.07096276823574,26.88802891217361,-0.18810670490144252,-0.10203075960751738,Multiple Linear Regression,Inter-Sector
0,TOTO,0.9992034351338416,24.805523392497047,Industrials,57.2744934166426,16.482587687720816,-0.1948674217594124,-0.11861114947177855,Multiple Linear Regression,Inter-Sector
0,TRIL,0.9974769147524962,116.62660906965473,Industrials,276.9623374647199,30.11530647867684,0.28494959488400745,-0.2796322086687598,Multiple Linear Regression,Inter-Sector
0,UNTR,0.9989155999326156,123144.34820963044,Industrials,2655.061601614605,18.617436224910247,-6.311196804521412,0.021974039836894735,Multiple Linear Regression,Inter-Sector
0,VISI,0.9787986359394435,115.37348871645143,Industrials,25.66183159970774,10.024152968635835,0.12799888025969072,-0.7546853510654773,Multiple Linear Regression,Inter-Sector
0,VOKS,0.9963884909667851,29.137283130008107,Industrials,84.04286885145387,43.75790704906174,0.017683225154415488,0.0071956050693766,Multiple Linear Regression,Inter-Sector
0,WIDI,0.958134866982491,152.43492234581322,Industrials,19.05864873567174,11.804312720975751,-6.0160863517354155,-10.792834375518709,Multiple Linear Regression,Inter-Sector
0,ZBRA,0.9983797823364876,68.13906612433756,Industrials,182.54164089799656,31.591407466239872,-0.15906409602630048,-0.09551277763624753,Multiple Linear Regression,Inter-Sector
0,ACST,0.9985763672633942,740.8171140616462,Infrastructure,254.02328543183603,23.170762304829942,-1.0602383685355097,-0.5631047794758895,Multiple Linear Regression,Inter-Sector
0,ADHI,0.9982705509343601,887.791135058538,Infrastructure,284.7768776402668,23.398633016830427,-3.758676747428784,-0.4251094667518075,Multiple Linear Regression,Inter-Sector
0,ARKO,0.972019654260607,629.125448750502,Infrastructure,153.59704992740546,16.691812034162343,-1.0348314015593945,-0.1818446908787486,Multiple Linear Regression,Inter-Sector
0,ASLI,-8.232772149944367,51.713539867464526,Infrastructure,0.011544050153503349,0.02025271956755148,-3.2650095147457088,-6.034308142264312,Multiple Linear Regression,Inter-Sector
0,BALI,0.991782398149134,1124.5299751594882,Infrastructure,420.33955424376495,24.35433570327941,2.761681657699826,0.2693190506076723,Multiple Linear Regression,Inter-Sector
0,BDKR,0.9905985263488647,125.00991573046981,Infrastructure,42.92742912449961,7.949523911944373,-0.06289071929218636,-0.10520504469451461,Multiple Linear Regression,Inter-Sector
0,BREN,0.9656206190477138,110438.7706810453,Infrastructure,1018.7111004322333,22.055153503050747,45.78047230355104,0.6357445118562762,Multiple Linear Regression,Inter-Sector
0,BTEL,0.9953454182264968,51.752879993489344,Infrastructure,23.20851083907303,10.31489370625468,-2.6811252956243643,-1.8188142970736072,Multiple Linear Regression,Inter-Sector
0,BUKK,0.9901213800811092,1533.3191016352698,Infrastructure,265.04291688274054,29.948352190140177,4.612213356661613,0.30036875830896964,Multiple Linear Regression,Inter-Sector
0,CASS,0.9910691010750571,707.9027088950457,Infrastructure,1084.8100533753682,99.98249339865144,1.765638973385439,0.19263202698574744,Multiple Linear Regression,Inter-Sector
0,CENT,0.9961104008067894,19.049158552635202,Infrastructure,44.620651933834296,31.58678533820955,-0.6187734368700574,-0.3922454284500565,Multiple Linear Regression,Inter-Sector
0,CMNP,0.997131585768233,944.8708712207958,Infrastructure,377.28475938724273,21.202408047725125,0.40099797767754636,0.051907080062674575,Multiple Linear Regression,Inter-Sector
0,DATA,0.5096732313519604,1606.8308408658697,Infrastructure,31.81872912832955,7.760665641055987,-15.40147980312714,-4.801870267667916,Multiple Linear Regression,Inter-Sector
0,DGIK,0.9858317807030648,29.92900074699046,Infrastructure,18.253233923813212,13.511585503005477,-2.272226051132302,-2.270794620793717,Multiple Linear Regression,Inter-Sector
0,EXCL,0.9975117259801537,4550.31896498648,Infrastructure,567.557545007393,19.497481434162978,-1.9060118898587175,-0.09817004166246611,Multiple Linear Regression,Inter-Sector
0,FIMP,0.9593031051284158,6.543124558243646,Infrastructure,8.00357742869651,12.908995852736304,-0.49822338089587104,-1.0484739907766705,Multiple Linear Regression,Inter-Sector
0,FREN,0.9989829342106027,2371.8133297726044,Infrastructure,595.5552373969376,24.91197711903265,-3.6934511258622393,-4.984823257074103,Multiple Linear Regression,Inter-Sector
0,GHON,0.9717184160335897,4261.8168732207405,Infrastructure,530.4271027474015,26.910997209181193,-0.057091682202147956,-0.034951112714686525,Multiple Linear Regression,Inter-Sector
0,GMFI,0.9964282597427101,34.532928421132816,Infrastructure,51.36371543992533,18.214083489335223,-1.4901389301283958,-1.0217747254067266,Multiple Linear Regression,Inter-Sector
0,GOLD,0.9763360128095837,133.78035367033607,Infrastructure,108.00970418941915,24.12747112203845,-0.2790081119927187,-0.13028212171480327,Multiple Linear Regression,Inter-Sector
0,HADE,0.9896293922194784,11.444741814768054,Infrastructure,49.01607059273354,37.51174646054795,-0.36327315558161133,-5.783800478415446,Multiple Linear Regression,Inter-Sector
0,IBST,0.9942000162115365,32048.19338952225,Infrastructure,2701.437909632281,27.565692955431437,17.334332945628834,0.20304547936454342,Multiple Linear Regression,Inter-Sector
0,IDPR,0.9974278078627354,629.7065928836154,Infrastructure,280.2327612946299,25.21162534936931,1.9108731207431984,-0.003092173707418022,Multiple Linear Regression,Inter-Sector
0,INET,0.8432179713644118,759.6284713743225,Infrastructure,0.264304373820913,0.5082776419632942,-24.118853976921336,-23.65110637203589,Multiple Linear Regression,Inter-Sector
0,IPCC,0.9954887606056043,614.7187102698863,Infrastructure,208.82274916169968,16.8701033375832,-1.9198575641876232,-0.30735654614847185,Multiple Linear Regression,Inter-Sector
0,IPCM,0.9874854131479944,71.54882303928234,Infrastructure,92.12313269624286,18.80063932576385,-0.45047221668509196,-0.19840981350400813,Multiple Linear Regression,Inter-Sector
0,ISAT,0.995392619917336,13314.357561627436,Infrastructure,1200.5496716757316,19.049034871295973,-1.4715111138853556,-0.06394487002501752,Multiple Linear Regression,Inter-Sector
0,JAST,0.9982095928358303,503.3303384354448,Infrastructure,194.39499118689855,20.480172111642144,-2.0153995897589545,-1.5066332354715095,Multiple Linear Regression,Inter-Sector
0,JKON,0.9970343221956451,178.74575843098725,Infrastructure,143.08745829151712,25.46963685331132,1.2286189243007746,-0.20574001073680875,Multiple Linear Regression,Inter-Sector
0,JSMR,0.9974287076026142,6188.994468894402,Infrastructure,972.6990139672525,17.03016678194377,-3.171726672704634,-0.09786602677725499,Multiple Linear Regression,Inter-Sector
0,KARW,0.998566161073988,44.23323304889061,Infrastructure,79.35704119984246,33.34642209681452,-0.32586957847268605,-0.2664238094081676,Multiple Linear Regression,Inter-Sector
0,KBLV,0.9988394580429433,599.8119164923941,Infrastructure,385.42643364378455,37.789757417309985,0.10128792577190533,-0.0784797333574566,Multiple Linear Regression,Inter-Sector
0,KEEN,0.9900686340317533,315.49404689583696,Infrastructure,107.85003031759595,20.90414984236844,-0.912813247997567,-0.14620129255367634,Multiple Linear Regression,Inter-Sector
0,KETR,0.9129990849015814,84.91575020314495,Infrastructure,58.698540268641494,24.663252213714916,-0.40015573556068734,-0.18306122251547885,Multiple Linear Regression,Inter-Sector
0,KOKA,0.4999578089652833,146.54187507035337,Infrastructure,10.602929782085596,13.916367063373933,-6.751960183053603,-8.58166838728946,Multiple Linear Regression,Inter-Sector
0,KRYA,0.9896696374605182,215.65482435573375,Infrastructure,89.02043597286024,17.94766854291537,-3.2785455327988937,-2.2393012196833992,Multiple Linear Regression,Inter-Sector
0,LCKM,0.9357159874493255,123.71995727943077,Infrastructure,82.05130097588864,21.479398161227394,1.3063366275195845,0.43086161891219893,Multiple Linear Regression,Inter-Sector
0,LINK,0.9957177897345043,7471.440428970858,Infrastructure,570.8833442727682,14.836730481303004,-2.984333867193032,-0.1616195100284879,Multiple Linear Regression,Inter-Sector
0,MANG,0.9562838749184818,70.85983507086691,Infrastructure,10.749249753927216,12.058394207611189,-2.298182909001944,-1.6882640587805573,Multiple Linear Regression,Inter-Sector
0,META,0.9876625492759401,56.28312324832824,Infrastructure,49.430030991692604,28.585362519893824,-2.8329667176907214,-1.5934222951367365,Multiple Linear Regression,Inter-Sector
0,MORA,0.9294815171986628,169.50902668059805,Infrastructure,86.92954254317772,13.072111660628227,-0.5628124721231916,-0.08908037710365439,Multiple Linear Regression,Inter-Sector
0,MPOW,0.9919341826744302,55.96384204239219,Infrastructure,73.98353936883944,25.759826887033128,-1.1180742258504004,-1.126456586118436,Multiple Linear Regression,Inter-Sector
0,MTEL,0.9552875384722322,138.7046610167739,Infrastructure,39.97717502268199,4.997146877835249,-5.284359703869768,-0.7540375214680201,Multiple Linear Regression,Inter-Sector
0,MTPS,0.9923241114550083,1348.462427065158,Infrastructure,313.96310122822,25.281589362218487,-0.3027771073378034,-0.6806650684549598,Multiple Linear Regression,Inter-Sector
0,MTRA,0.9969622509518972,12.084565520783725,Infrastructure,47.96407993706828,12.300686607329903,0.30638822333338983,0.08362649232067523,Multiple Linear Regression,Inter-Sector
0,NRCA,0.9970052078405042,194.9587196458984,Infrastructure,270.2025268611053,21.275789516622464,-1.2268082551613209,-0.25865473245740356,Multiple Linear Regression,Inter-Sector
0,OASA,0.9744704873506539,47.66339970809266,Infrastructure,34.31705945644245,25.33279273333032,-2.033424575752583,-1.860657366613219,Multiple Linear Regression,Inter-Sector
0,PBSA,0.9953922077795403,164.88681411225258,Infrastructure,97.65173926402144,23.579898148739016,0.4431456744411585,0.04928512615874211,Multiple Linear Regression,Inter-Sector
0,PGEO,0.9755572860240826,1409.6432276467133,Infrastructure,105.13752506216497,13.796818735578992,-9.676837361315936,-0.8253092775312556,Multiple Linear Regression,Inter-Sector
0,PORT,0.9560318242247113,1106.0394728604465,Infrastructure,230.23244236709775,23.41173655410713,1.3449470544062894,0.1429434218521984,Multiple Linear Regression,Inter-Sector
0,POWR,0.9945248350566123,375.66300774915305,Infrastructure,280.1291516005904,19.797113187320875,-1.1448001911393253,-0.18251905646871566,Multiple Linear Regression,Inter-Sector
0,PPRE,0.997651542183449,29.049247587725752,Infrastructure,34.44548769204678,15.24136623541893,-1.5647949428090409,-0.9088311950352677,Multiple Linear Regression,Inter-Sector
0,PTDU,0.9979098467818708,1342.648960843969,Infrastructure,369.9613899736896,19.638206360798527,0.581772392729386,-1.6515481877592262,Multiple Linear Regression,Inter-Sector
0,PTPP,0.9985443726658844,1836.3337677257239,Infrastructure,242.06423918152268,16.198403097761272,-5.456008107661016,-0.4512870096048978,Multiple Linear Regression,Inter-Sector
0,PTPW,0.9857680914102509,702.1285180998251,Infrastructure,189.4573971880659,19.349666066182543,0.6790504362935752,0.04116233156442024,Multiple Linear Regression,Inter-Sector
0,RONY,0.9974082057061602,209.76507305751952,Infrastructure,93.52829161031832,30.522800895934548,0.22063654388744922,0.12478851383798913,Multiple Linear Regression,Inter-Sector
0,SMKM,0.9969760874912771,218.8888156158673,Infrastructure,74.26470668479101,12.072242987782372,-0.6497844696467209,-0.6256427123424069,Multiple Linear Regression,Inter-Sector
0,SSIA,0.9984389224016412,188.76079136955747,Infrastructure,164.56800905007026,30.724136494953548,-2.2043453478588915,-0.44692853642313196,Multiple Linear Regression,Inter-Sector
0,SUPR,0.9986733502891587,212992.94034235273,Infrastructure,11836.978658351181,39.822602295041506,24.15753700773351,0.14267645022556852,Multiple Linear Regression,Inter-Sector
0,TAMA,0.9795183522953343,88.71343856407087,Infrastructure,56.024258274010435,20.397781873359154,-1.4272306114535271,-1.4974589288367532,Multiple Linear Regression,Inter-Sector
0,TBIG,0.9975417963462401,1227.225296220808,Infrastructure,405.8694181428732,22.859827801227436,-2.8502896019451303,-0.2295717408512873,Multiple Linear Regression,Inter-Sector
0,TGRA,0.9981718187908204,165.49809553415622,Infrastructure,99.75587560968671,27.615358991475404,-1.6949369848927063,-1.0304755307287512,Multiple Linear Regression,Inter-Sector
0,TLKM,0.9985190431200276,1881.106196558639,Infrastructure,400.69849340106384,13.446258167820934,-10.586475360704435,-0.49727477612249515,Multiple Linear Regression,Inter-Sector
0,TOPS,0.9987455255183431,133.3569927125767,Infrastructure,66.75809389478604,23.77783761371909,-2.4320863194530333,-2.5414038471552707,Multiple Linear Regression,Inter-Sector
0,TOTL,0.9976724131652119,159.60982478869158,Infrastructure,180.28353773937556,16.830100875821756,-1.300364773053249,-0.30357984576468666,Multiple Linear Regression,Inter-Sector
0,TOWR,0.9973280479023192,256.9046195065811,Infrastructure,222.87275683458893,15.65846532527332,-2.6916594731838535,-0.35101943372266525,Multiple Linear Regression,Inter-Sector
0,WEGE,0.9916340758212381,50.005908271553,Infrastructure,25.1849894293004,11.299178382391379,-3.1517240700522424,-1.5357201486884264,Multiple Linear Regression,Inter-Sector
0,WIKA,0.9981216021732385,1382.8332459130609,Infrastructure,273.9542411153052,17.127624768862802,-5.453037368488417,-0.5569490653196232,Multiple Linear Regression,Inter-Sector
0,WSKT,0.9982167938578865,1091.6611613255259,Infrastructure,177.4981175455291,13.701857833733754,-7.107484122374368,-0.7504742975821066,Multiple Linear Regression,Inter-Sector
0,ADCP,0.8828963040947186,17.450578900522718,Properties and Real Estate,4.844474601377151,8.499078248030088,-2.1911029380559373,-2.9612352376799183,Multiple Linear Regression,Inter-Sector
0,AMAN,0.9927692208665482,286.6417961844892,Properties and Real Estate,233.55813700915996,26.035286878982454,0.264745715762681,-0.1663439792182606,Multiple Linear Regression,Inter-Sector
0,APLN,0.9951638664636464,48.47836264540842,Properties and Real Estate,26.16809468021833,9.691886918599382,-3.536815173521615,-1.6875265399830666,Multiple Linear Regression,Inter-Sector
0,ARMY,0.9922765344421258,115.6906218092999,Properties and Real Estate,118.36170033855404,24.201541263478152,-2.503968569726828,-1.0153367401125732,Multiple Linear Regression,Inter-Sector
0,ASPI,0.9922355270992079,105.99273273917048,Properties and Real Estate,194.2392767050622,99.60988548977548,-0.6459736842614339,-0.7483212094102093,Multiple Linear Regression,Inter-Sector
0,ASRI,0.9960855417353883,147.44047562025338,Properties and Real Estate,100.20657740501883,16.564773004767282,-6.594049431681373,-2.3572797363129574,Multiple Linear Regression,Inter-Sector
0,ATAP,0.9737617788757373,37.81619676856209,Properties and Real Estate,40.86595547803827,25.474027360517937,-0.6891819979552537,-0.38359257812256237,Multiple Linear Regression,Inter-Sector
0,BAPA,0.9947009639388817,18.473687786881584,Properties and Real Estate,45.043431823687996,28.092885541957806,-0.8287144568702318,-0.8326436422866436,Multiple Linear Regression,Inter-Sector
0,BAPI,0.35658785011720384,24.330941558882916,Properties and Real Estate,0.01012635978377574,0.02025271956755148,-0.3058717000897962,-0.2999919401563013,Multiple Linear Regression,Inter-Sector
0,BBSS,0.9764781867395453,23.77842776585164,Properties and Real Estate,21.875848183880663,18.611969401069047,-1.230804348014853,-1.7689962584575427,Multiple Linear Regression,Inter-Sector
0,BCIP,0.9987497883209373,96.36714112328123,Properties and Real Estate,147.40786506026757,25.772152520129417,-1.3787216051934152,-0.9666709074248101,Multiple Linear Regression,Inter-Sector
0,BEST,0.996824521026476,130.9246781107498,Properties and Real Estate,84.59162057517074,12.326812982123634,-4.5192404681421845,-1.9488328976294644,Multiple Linear Regression,Inter-Sector
0,BIKA,0.9982498742417424,397.1253347365204,Properties and Real Estate,318.64995715174746,27.60344525363439,-0.7037972982954972,-0.25508383096221465,Multiple Linear Regression,Inter-Sector
0,BIPP,0.9833532392564108,8.037668813267869,Properties and Real Estate,22.845227229313124,40.00501413527715,-0.12940237964290113,-0.029455626056424017,Multiple Linear Regression,Inter-Sector
0,BKDP,0.9917929276123457,13.510142751865335,Properties and Real Estate,38.62503502912611,29.28022752044752,-0.48478849121247863,-0.444922125910694,Multiple Linear Regression,Inter-Sector
0,BKSL,0.9995511214098484,17.45974090768325,Properties and Real Estate,33.99800634150415,14.289818666120679,-1.0648606165165466,-1.3157018167577272,Multiple Linear Regression,Inter-Sector
0,BSBK,0.9523402554976426,67.9387542587884,Properties and Real Estate,2.2268249352652205,3.976473098687894,-3.0059031072464104,-3.7088290054536692,Multiple Linear Regression,Inter-Sector
0,BSDE,0.9969891028331052,695.2790441925338,Properties and Real Estate,290.38682660916993,28.190080429636538,-3.827838891027614,-0.3332615975387972,Multiple Linear Regression,Inter-Sector
0,CBPE,0.6666290691756662,32.62074315774286,Properties and Real Estate,21.423953260697232,16.354162794425367,-0.524437614120978,-0.33817481700530905,Multiple Linear Regression,Inter-Sector
0,CITY,0.9904144183639849,98.9609515897055,Properties and Real Estate,102.04568648082699,27.845480887306795,-1.1884484684129706,-0.993937019566426,Multiple Linear Regression,Inter-Sector
0,COWL,0.9992136221728986,78.23597498114141,Properties and Real Estate,120.01843301006227,20.508792964959003,-0.354121220173646,-0.17318785469756665,Multiple Linear Regression,Inter-Sector
0,CPRI,0.9186329745107834,8.783424098016965,Properties and Real Estate,8.286171440585868,11.670664000825166,-0.4627007565521631,-0.5442683198975615,Multiple Linear Regression,Inter-Sector
0,CSIS,0.9865309925395985,2029.220463447041,Properties and Real Estate,785.2168068805986,99.99774722767874,1.25343801931737,-1.109243895302336,Multiple Linear Regression,Inter-Sector
0,CTRA,0.9980170493867214,403.7189855148746,Properties and Real Estate,137.8838419307276,22.54784082675613,-2.8096140981507216,-0.4797678220323876,Multiple Linear Regression,Inter-Sector
0,DADA,0.9860899527837387,47.79222303250085,Properties and Real Estate,73.65861366441328,22.381690790449348,-1.5358073558675507,-5.4050186937641795,Multiple Linear Regression,Inter-Sector
0,DART,0.9994267123577518,37.341673525825044,Properties and Real Estate,97.46681611839983,42.111353550962754,0.4651305616526886,0.10158946019356867,Multiple Linear Regression,Inter-Sector
0,DILD,0.9982973731609517,50.849840351851334,Properties and Real Estate,73.55795900177975,42.67198366616175,-1.3900328003790927,-0.5076811428618158,Multiple Linear Regression,Inter-Sector
0,DMAS,0.9693635458424685,56.690135979500766,Properties and Real Estate,23.010132679863347,8.650425819497498,-4.369510986670477,-2.1814271756910815,Multiple Linear Regression,Inter-Sector
0,DUTI,0.9986647589509727,5605.896182020311,Properties and Real Estate,1100.8905843487373,22.236495620002827,6.093240592538065,0.18108245048237945,Multiple Linear Regression,Inter-Sector
0,ELTY,0.9978638127883084,3304.408059729178,Properties and Real Estate,760.2726985998902,50.01011745817965,1.0395193574191453,-0.2294045275353603,Multiple Linear Regression,Inter-Sector
0,EMDE,0.9934393156590913,17.800423997567524,Properties and Real Estate,57.02354628457343,25.446409052329393,0.25112347965616694,0.13051716970519248,Multiple Linear Regression,Inter-Sector
0,FMII,0.9942850959285445,58.74047132366005,Properties and Real Estate,104.23097656453132,31.530399978022928,0.16027515631137051,0.01768614409040106,Multiple Linear Regression,Inter-Sector
0,FORZ,0.9987291765357964,176.26881471866915,Properties and Real Estate,119.90248877493258,33.3450372542768,-0.3702859217942467,-0.1955961552348717,Multiple Linear Regression,Inter-Sector
0,GAMA,0.9979551003812202,18.938020814011395,Properties and Real Estate,20.622129845689813,17.364994479507423,-0.8516100312489367,-0.9196933294744485,Multiple Linear Regression,Inter-Sector
0,GMTD,0.9994867122180009,325.214198026353,Properties and Real Estate,400.78287690786783,33.25655431313619,1.0729029682007172,0.07058074807212777,Multiple Linear Regression,Inter-Sector
0,GPRA,0.993776099248081,29.696815918762205,Properties and Real Estate,58.96765659908624,34.22186360141051,-0.46372548339549663,-0.5668643090946957,Multiple Linear Regression,Inter-Sector
0,GRIA,0.8115101893549084,53.82941193446016,Properties and Real Estate,23.46761102043577,16.18455932443846,-0.292148998249969,-0.47946957529376427,Multiple Linear Regression,Inter-Sector
0,HBAT,0.815614077683485,15.415546649598125,Properties and Real Estate,6.740521871683292,12.201162009132407,-0.515931694852029,-0.6512335714368985,Multiple Linear Regression,Inter-Sector
0,HOMI,0.9940722736406119,438.4308680065081,Properties and Real Estate,103.54493778398677,25.471803577688295,-1.688679058986609,-0.39030211300861173,Multiple Linear Regression,Inter-Sector
0,INDO,0.9311155459671918,59.059007908019794,Properties and Real Estate,56.25835521546253,32.12409239801888,-0.9623683564885208,-0.7540862730580712,Multiple Linear Regression,Inter-Sector
0,INPP,0.9905967769846948,555.3061828552079,Properties and Real Estate,225.14204561862834,24.20882210952993,1.9933444807873586,0.28544785448216636,Multiple Linear Regression,Inter-Sector
0,IPAC,0.9736410835241726,32.88626387053648,Properties and Real Estate,32.059466732606836,15.398337969931635,1.476137453130414,1.1631609942033414,Multiple Linear Regression,Inter-Sector
0,JRPT,0.9984710578123586,125.4562619167666,Properties and Real Estate,144.60282774700556,19.808606540685695,0.5689940416330498,0.041983400669233166,Multiple Linear Regression,Inter-Sector
0,KBAG,0.9917843053431988,54.96728148064922,Properties and Real Estate,46.64722039313108,19.117713275873392,-2.0108340549494863,-3.3788811214980585,Multiple Linear Regression,Inter-Sector
0,KIJA,0.9888472277939248,70.92412628267871,Properties and Real Estate,48.83344135313952,31.234359801375444,-4.274583629184799,-2.9609552362410456,Multiple Linear Regression,Inter-Sector
0,KOCI,0.5984214775034592,10.459762265883414,Properties and Real Estate,7.135415015858108,12.30243968251398,-0.9075998666316495,-1.574399433243523,Multiple Linear Regression,Inter-Sector
0,LAND,0.9960135765714654,997.2084688069616,Properties and Real Estate,283.5748711365727,29.670069295442524,0.03461076562452666,-1.2017048394465535,Multiple Linear Regression,Inter-Sector
0,LCGP,0.9976780668159091,49.22774666301424,Properties and Real Estate,118.48281547344737,22.105648427014703,-1.8760732587278033,-1.181402022984177,Multiple Linear Regression,Inter-Sector
0,LPCK,0.9990828872369995,6458.854631636237,Properties and Real Estate,1153.922200698753,23.40764070560786,-4.168158821294019,-0.0686684406208278,Multiple Linear Regression,Inter-Sector
0,LPKR,0.997607296968325,186.59549535637925,Properties and Real Estate,119.30677084083732,13.55984448191691,-7.905509446189525,-2.3394303954157154,Multiple Linear Regression,Inter-Sector
0,LPLI,0.996829116435266,380.45306668146344,Properties and Real Estate,200.14866738913406,34.944578048530154,1.438339452646909,0.2644268194715837,Multiple Linear Regression,Inter-Sector
0,MDLN,0.9980233315153884,43.7750639057182,Properties and Real Estate,69.607482523925,42.86489218093322,-1.9850816289865847,-1.0707729923610159,Multiple Linear Regression,Inter-Sector
0,MKPI,0.9988687542507937,107574.50036401447,Properties and Real Estate,5931.017745443412,20.016175410042294,13.765398999695428,0.06752218430666185,Multiple Linear Regression,Inter-Sector
0,MMLP,0.9939182415478192,192.10358063589516,Properties and Real Estate,111.49018156963689,17.914689624929835,0.12020069664295488,-0.09189989508508621,Multiple Linear Regression,Inter-Sector
0,MPRO,0.9849893758365786,8415.756621519757,Properties and Real Estate,555.3224085913,25.590894405129035,3.4824642444468132,0.19405377259861153,Multiple Linear Regression,Inter-Sector
0,MSIE,0.5742778647018492,59.29701170224244,Properties and Real Estate,3.616430509368403,14.465722037473611,-3.196809909089802,-7.7006943667787,Multiple Linear Regression,Inter-Sector
0,MTLA,0.9890632321359665,74.32606358378719,Properties and Real Estate,75.71538813165711,17.365914709095666,-0.011092403460293198,-0.040025414957678286,Multiple Linear Regression,Inter-Sector
0,MTSM,0.997009030341546,102.31600133988918,Properties and Real Estate,150.11132304359217,27.185324712953317,0.1107119389139607,-0.05850212310029704,Multiple Linear Regression,Inter-Sector
0,MYRX,0.9064032091471539,150.810430325561,Properties and Real Estate,13.757389068912886,33.317850431187466,-5.742445471927281,-17.862646873489094,Multiple Linear Regression,Inter-Sector
0,NASA,0.9987118240204651,78.04976433941604,Properties and Real Estate,124.97654479101652,27.62810246486484,-0.3570470100514273,-0.45038438820535254,Multiple Linear Regression,Inter-Sector
0,NIRO,0.9893461854708854,39.2341814513354,Properties and Real Estate,26.42965033876024,17.469802729383126,-2.10913321452344,-1.22046393440072,Multiple Linear Regression,Inter-Sector
0,NZIA,0.989415948992534,447.37231699212987,Properties and Real Estate,160.05587812655676,25.876140615461946,-0.07567269456673983,0.08231185119101402,Multiple Linear Regression,Inter-Sector
0,OMRE,0.9971161724669781,339.7616213294692,Properties and Real Estate,463.20432450661224,38.7878289697341,0.7746171264157751,0.12797404161259066,Multiple Linear Regression,Inter-Sector
0,PAMG,0.9419340210605617,263.67827029304914,Properties and Real Estate,152.81672355497204,23.154049023480614,-1.9823136277361486,-2.0621166780972713,Multiple Linear Regression,Inter-Sector
0,PANI,0.9978398719806841,5222.173322368915,Properties and Real Estate,1117.1716865819226,21.10363121045695,0.6102133166843147,-4.645039985930373,Multiple Linear Regression,Inter-Sector
0,PLIN,0.994904973763094,5305.633806996807,Properties and Real Estate,1010.777711130132,24.158215497698425,3.6733855621265703,0.09084745581842166,Multiple Linear Regression,Inter-Sector
0,POLI,0.9524933713832857,3220.3811118414555,Properties and Real Estate,430.2815195007272,23.51265133883755,-1.9701341359067661,-0.32371351187058617,Multiple Linear Regression,Inter-Sector
0,POLL,0.9962053201495381,35077.625603655964,Properties and Real Estate,1776.7629347895236,24.89910972929803,-7.018438699575285,-0.5283174222373572,Multiple Linear Regression,Inter-Sector
0,POSA,0.9538256998825959,208.32696641013095,Properties and Real Estate,132.07202319856367,27.6561382372493,-0.9194097844435233,-0.5743027876701181,Multiple Linear Regression,Inter-Sector
0,PPRO,0.9785681229019558,130.1433875201164,Properties and Real Estate,22.289583172501466,6.889171398363075,-6.9149459112818,-9.415483279978387,Multiple Linear Regression,Inter-Sector
0,PUDP,0.9914034151039127,161.44786471994576,Properties and Real Estate,219.93702097770324,28.16267738448178,0.18948222794711747,0.07019902771907201,Multiple Linear Regression,Inter-Sector
0,PURI,0.9470900760980027,375.2025931327367,Properties and Real Estate,112.08971511242237,19.91550196033013,0.42317772941758763,0.013798512532046244,Multiple Linear Regression,Inter-Sector
0,PWON,0.9970901454073898,128.6421545407113,Properties and Real Estate,55.06278309608928,48.72291755462194,-5.11948360024486,-1.4169637205208525,Multiple Linear Regression,Inter-Sector
0,RBMS,0.9821697434912776,17.110108722129684,Properties and Real Estate,52.08337674558328,38.47337980821962,-0.40412865064943543,-0.4958235307466929,Multiple Linear Regression,Inter-Sector
0,RDTX,0.9983595116196611,18682.26485279181,Properties and Real Estate,2202.4871254817535,20.458101241456895,3.6165414386160815,0.023522780315072864,Multiple Linear Regression,Inter-Sector
0,REAL,0.9687981768351724,130.87235230079372,Properties and Real Estate,76.37121460813626,23.221119098831664,-2.9632826842300606,-4.554202325665735,Multiple Linear Regression,Inter-Sector
0,RELF,0.9641090646481405,92.60656936187627,Properties and Real Estate,16.96319274428933,9.27028213710308,-5.081583361520669,-9.883245511695872,Multiple Linear Regression,Inter-Sector
0,RIMO,0.9851778055655851,40.64062053136216,Properties and Real Estate,89.6530694289387,27.70578369943631,-1.260696025979325,-1.1085337907829114,Multiple Linear Regression,Inter-Sector
0,RISE,0.9970307598898863,158.93022603760537,Properties and Real Estate,110.17269914452629,14.541614637812014,0.7162220510428906,0.07454413794550521,Multiple Linear Regression,Inter-Sector
0,ROCK,0.9794467974471667,1284.1807881173536,Properties and Real Estate,345.16077081628464,23.824361431844313,1.7457322790010783,0.2503117991009145,Multiple Linear Regression,Inter-Sector
0,RODA,0.995951711722827,104.20086150958439,Properties and Real Estate,109.62224166770085,44.09337533993437,-0.15551943681191113,-0.3304941106841476,Multiple Linear Regression,Inter-Sector
0,SAGE,0.9552579659249325,148.2686855452212,Properties and Real Estate,3.593705846737862,1.5357717293751547,-3.586346578461439,-2.9455713169496556,Multiple Linear Regression,Inter-Sector
0,SATU,0.9761566209329159,23.076332905430792,Properties and Real Estate,15.259454610051357,22.775305388136356,-1.05769151989881,-1.064899061139644,Multiple Linear Regression,Inter-Sector
0,SMDM,0.9891609428460678,35.260546015771624,Properties and Real Estate,59.94450905308494,38.47220014202076,0.28933361384572676,0.07783839140447102,Multiple Linear Regression,Inter-Sector
0,SMRA,0.9982325572477159,383.54779615466515,Properties and Real Estate,238.64458676582035,23.323598999891498,-3.3636632799595336,-0.8156582493290252,Multiple Linear Regression,Inter-Sector
0,TARA,0.998876471203432,116.3410320992856,Properties and Real Estate,99.22324210789236,23.624581454260085,-2.980041824672893,-0.6387754190627019,Multiple Linear Regression,Inter-Sector
0,TRIN,0.9830489776895166,151.3631786611561,Properties and Real Estate,99.96948699702324,22.820526001433848,-2.2740939621339873,-1.0519849657106481,Multiple Linear Regression,Inter-Sector
0,TRUE,0.9876411154192609,307.8892859319432,Properties and Real Estate,153.03875252185208,24.822588825841443,-1.5754739821403345,-1.5651625025963856,Multiple Linear Regression,Inter-Sector
0,UANG,0.9743566168279872,1503.7669819610762,Properties and Real Estate,250.18612212448625,20.682388845194524,-2.106455799923259,-1.0350374640445754,Multiple Linear Regression,Inter-Sector
0,URBN,0.9983562822399226,1126.0354151741135,Properties and Real Estate,250.38387610106338,25.757478450778105,-6.1426193559043085,-1.0481137891386665,Multiple Linear Regression,Inter-Sector
0,VAST,0.8463479540989406,30.063168218804584,Properties and Real Estate,5.830015655773259,9.403251057698805,-2.1840314663512954,-2.403565776854448,Multiple Linear Regression,Inter-Sector
0,WINR,0.9142129477315827,33.83850041151967,Properties and Real Estate,0.01012635978377574,0.02025271956755148,-1.212406597700403,-1.7528518061244829,Multiple Linear Regression,Inter-Sector
0,AREA,-0.1331321883632508,183.2845847206312,Technology,8.216161542631951,6.679806132221098,-6.818800963348906,-5.943483822886924,Multiple Linear Regression,Inter-Sector
0,ATIC,0.9742698442098697,1077.1221617687734,Technology,450.1757577171593,20.43596604042684,1.5950817576981846,0.10582123391019585,Multiple Linear Regression,Inter-Sector
0,AWAN,0.9098480598290545,156.96375663012378,Technology,40.52540951731078,13.859137144818726,-2.0866616092590275,-0.8332382472408516,Multiple Linear Regression,Inter-Sector
0,AXIO,0.9737122811955079,56.291527660362846,Technology,37.77900663552521,21.964538741584423,-1.8691040296333874,-0.8626393237459982,Multiple Linear Regression,Inter-Sector
0,BELI,0.7602134972242461,29.124958664667982,Technology,32.947853923263665,7.289348213111431,-1.0550028844130324,-0.22508454422636343,Multiple Linear Regression,Inter-Sector
0,BUKA,0.9804484597220954,631.4387781184049,Technology,11.831820076691656,1.4002153936913202,-20.907297214505725,-7.751059645140631,Multiple Linear Regression,Inter-Sector
0,CASH,0.994890205162652,129.36331440695486,Technology,82.9876989709389,99.9851794830589,-1.2625533846276373,-0.4993216711662697,Multiple Linear Regression,Inter-Sector
0,CHIP,0.9830314306689384,5404.075376106351,Technology,250.1093679944172,17.64915609617957,-0.6505924749356582,-0.03726721639923698,Multiple Linear Regression,Inter-Sector
0,CYBR,0.9535127357903435,103.64466109671116,Technology,22.013752329710996,9.468961899400236,-1.3190443015355997,-0.8121919040282106,Multiple Linear Regression,Inter-Sector
0,DCII,0.9899001221477646,1312860.933107505,Technology,8510.208441359871,19.85859785343679,94.66481789887634,0.39899829215946814,Multiple Linear Regression,Inter-Sector
0,DIVA,0.9965272389673384,1189.1671640257036,Technology,280.23040406442806,32.50323180997184,-2.7584457415990986,-0.37029753629381956,Multiple Linear Regression,Inter-Sector
0,DMMX,0.9978189568907275,1724.809399699645,Technology,267.17368434044624,18.063838960209726,-3.3686173686806464,-0.9094093151511382,Multiple Linear Regression,Inter-Sector
0,EDGE,0.9286891637432659,66657.75854473448,Technology,4029.998918223192,99.99997315690304,6.435455464112134,0.15084832957037694,Multiple Linear Regression,Inter-Sector
0,ELIT,0.9743247593776857,75.6206981778494,Technology,31.00018346023063,14.74146660677863,-3.5286938969030865,-2.251958641206921,Multiple Linear Regression,Inter-Sector
0,EMTK,0.9971401376069255,927.1451962815881,Technology,277.63634824456244,18.770507819844205,-1.0059554525149879,-0.07486313472491123,Multiple Linear Regression,Inter-Sector
0,ENVY,0.9938642223813686,1508.1641622199563,Technology,300.582611164489,23.875193801523615,-1.2248721654346706,-1.0626040025250851,Multiple Linear Regression,Inter-Sector
0,GLVA,0.9861530836499108,514.0306889322527,Technology,165.10374850750532,21.618730026883938,2.686497551229306,0.510134944669809,Multiple Linear Regression,Inter-Sector
0,GOTO,0.8740654570125928,1011.2627064396567,Technology,0.01842997480646602,0.020252719567558166,-28.776179447859555,-15.013215180483888,Multiple Linear Regression,Inter-Sector
0,HDIT,0.9926534702045382,445.7790324501984,Technology,109.73766612318138,24.33972327472308,-5.857971808891603,-2.310613220158977,Multiple Linear Regression,Inter-Sector
0,IOTF,0.9128390747808084,168.530122803273,Technology,36.919296596718766,32.963657675641755,-5.707696221762029,-4.147394878046984,Multiple Linear Regression,Inter-Sector
0,IRSX,0.9052806468044248,174.86896650239328,Technology,30.837289817368116,14.016949916985508,-7.639243030651551,-7.751723434896405,Multiple Linear Regression,Inter-Sector
0,JATI,0.9358580645915526,121.92726197890443,Technology,12.732977308985696,9.431835043693109,-6.973150264983025,-7.079240013789239,Multiple Linear Regression,Inter-Sector
0,KIOS,0.9978265644151301,1365.0315114588273,Technology,376.5245629085475,37.01266165326594,-1.5290447449717937,-1.073940671247502,Multiple Linear Regression,Inter-Sector
0,KREN,0.9989717146176219,44.08317329415293,Technology,51.56421873791123,14.561441112341775,-2.6059172226387775,-4.735990082672463,Multiple Linear Regression,Inter-Sector
0,LMAS,0.9982619956390061,146.54902945562728,Technology,273.5924308159624,24.414958480357964,0.032365326707824375,-0.3343266696131294,Multiple Linear Regression,Inter-Sector
0,LUCK,0.9954884007936207,815.864481460692,Technology,283.4578265655364,25.149891556133962,-2.4249345663773845,-1.1129534744011191,Multiple Linear Regression,Inter-Sector
0,MCAS,0.9972438531556347,37502.86766699115,Technology,1901.742314886349,20.01194160440709,2.130216612987356,-0.07937730862906837,Multiple Linear Regression,Inter-Sector
0,MENN,0.9701035940457229,33.696374347111146,Technology,11.84366968797476,16.91952812567823,-2.3365105671281987,-7.899298941453468,Multiple Linear Regression,Inter-Sector
0,MLPT,0.9947977039937997,3999.805944697722,Technology,1059.9842047445027,28.976063900462716,1.5211671497165746,0.12220073548083465,Multiple Linear Regression,Inter-Sector
0,MPIX,0.7241350010229484,572.2272570792798,Technology,48.698781616194026,14.580473537782643,-6.377376926740384,-5.270724172517242,Multiple Linear Regression,Inter-Sector
0,MSTI,0.7369955107771277,1426.963275234831,Technology,119.91078007600731,8.007825868357449,0.3518614486702158,0.002148179464357576,Multiple Linear Regression,Inter-Sector
0,MTDL,0.9985808631499609,50.14300582529973,Technology,110.92714139998418,17.332365843747528,-1.9520051857101994,-6.116352258031716,Multiple Linear Regression,Inter-Sector
0,NFCX,0.9958303893240519,38162.58341558035,Technology,1801.5634752387232,20.61141150687505,3.588204929610676,0.018156587930334252,Multiple Linear Regression,Inter-Sector
0,NINE,0.9523058951395436,10.64443688021264,Technology,3.249829080498486,20.889532731286558,-0.7626644189056444,-3.3944531254344588,Multiple Linear Regression,Inter-Sector
0,PGJO,0.9681993919771797,9.457832983764428,Technology,13.017268346523537,15.282232476009048,-0.2895171159258676,-1.0319723891812287,Multiple Linear Regression,Inter-Sector
0,PTSN,0.9945503437174549,75.72830126027289,Technology,106.51140482627818,36.33808628891219,-0.01004956519236369,-0.13726021475865136,Multiple Linear Regression,Inter-Sector
0,RUNS,0.9915005016597629,113.2042922092901,Technology,59.22038887607647,16.6349406955271,-1.794397492672703,-0.5438278212880404,Multiple Linear Regression,Inter-Sector
0,SKYB,0.9986744625583712,57.97446083675312,Technology,122.79552969542272,29.461703606046836,0.0041053954501337085,-0.07020288539099342,Multiple Linear Regression,Inter-Sector
0,TECH,0.994945213012844,37954.67682319748,Technology,1451.4075644500608,25.30328532799765,8.817149111801745,0.2059514735037999,Multiple Linear Regression,Inter-Sector
0,TFAS,0.9946128523452554,20809.957541833595,Technology,1150.9056848714272,22.744517208724787,2.726649900313127,-0.009080512712917222,Multiple Linear Regression,Inter-Sector
0,TOSK,-0.8734475479933632,464.5509652150606,Technology,6.093678690904554,7.1690337540053575,-18.055003650383338,-21.97943514820783,Multiple Linear Regression,Inter-Sector
0,TRON,0.8501448300218777,244.87887099611544,Technology,46.69617517384347,15.063282314143056,-5.174042651673505,-1.94384643384052,Multiple Linear Regression,Inter-Sector
0,UVCR,0.9938046276720784,137.0038316881205,Technology,52.47883589214712,12.188680683936662,-2.020563368957687,-0.9035109748703252,Multiple Linear Regression,Inter-Sector
0,WGSH,0.9798295290345242,33.44488109077017,Technology,21.756160455130043,15.765333663137712,-0.4474410072514865,-0.2811011759727927,Multiple Linear Regression,Inter-Sector
0,WIFI,0.9931804427888069,587.8086208258218,Technology,244.33405663420262,21.154463777853042,-11.933504178914024,-5.772903589067305,Multiple Linear Regression,Inter-Sector
0,WIRG,0.993087292148647,360.33324901816235,Technology,55.26649779639922,12.050169664510127,-10.065055288686104,-4.968547307382516,Multiple Linear Regression,Inter-Sector
0,ZYRX,0.9914908605594182,244.0002609175722,Technology,118.21788215978154,19.489964639818254,-2.069347198809619,-0.45640648996648203,Multiple Linear Regression,Inter-Sector
0,AKSI,0.9872033115736025,468.9668439392324,Transportation,319.6515862831898,35.425814192039205,-0.3936945656810434,-0.17410095702901748,Multiple Linear Regression,Inter-Sector
0,ASSA,0.9977061734202799,1404.6620155993094,Transportation,505.6774431719241,19.118346645931442,-2.001788695034235,-0.40139572303568444,Multiple Linear Regression,Inter-Sector
0,BIRD,0.9982119108241458,9066.011657566845,Transportation,951.1524200825279,17.70412958094852,-3.786044464835718,-0.18737562565235114,Multiple Linear Regression,Inter-Sector
0,BLTA,0.9989313672621178,167.53200996892227,Transportation,146.73603307842245,16.561547071447087,-0.4208986404973088,-0.17057739758549306,Multiple Linear Regression,Inter-Sector
0,BPTR,0.984112741404524,44.6993112066135,Transportation,56.57462649702981,24.227578156273772,-0.46165517664024175,-0.6000490282590585,Multiple Linear Regression,Inter-Sector
0,CMPP,0.9897859799320012,158.2866754488548,Transportation,218.18084352419146,25.788858954963384,-0.37073937985619604,-0.10667949686036862,Multiple Linear Regression,Inter-Sector
0,DEAL,0.996713386610413,638.4557605576156,Transportation,204.1962332942852,23.004654682530305,-1.3890917356930021,-1.1846148436099353,Multiple Linear Regression,Inter-Sector
0,ELPI,0.9536098995435687,46.763658915739455,Transportation,20.50772413506894,6.462482561300581,-1.5077438035719204,-0.6436414343968452,Multiple Linear Regression,Inter-Sector
0,GIAA,0.996012499247691,88.55656090792056,Transportation,45.22330355546325,8.79480640451323,-3.527865806514454,-1.9487551974959976,Multiple Linear Regression,Inter-Sector
0,GTRA,0.9584552832027816,212.29347520497842,Transportation,45.545007606480965,24.739093803251865,-3.1090652955838665,-1.1993765034953774,Multiple Linear Regression,Inter-Sector
0,HAIS,0.9444474415846457,67.80641457798119,Transportation,46.73612219271243,18.84521056157759,-2.0020696176403154,-0.8905885123637285,Multiple Linear Regression,Inter-Sector
0,HATM,0.9605247896612237,168.62452689710403,Transportation,43.63332441976132,17.594082427323112,-6.1534695160149555,-2.3060767325305997,Multiple Linear Regression,Inter-Sector
0,HELI,0.9860408405032679,176.23826460650662,Transportation,118.41288649093389,26.402223093926075,-0.0436333351231325,-0.11824685170069062,Multiple Linear Regression,Inter-Sector
0,IMJS,0.9922617123726563,188.42565956158828,Transportation,139.56267355006491,24.42751032083086,-0.6764044764288133,-0.25671852300478115,Multiple Linear Regression,Inter-Sector
0,JAYA,0.9612463540522064,85.50051726489303,Transportation,25.222313579076285,20.22455966513705,-1.3128086621693194,-0.40245100622913044,Multiple Linear Regression,Inter-Sector
0,KJEN,0.9970049750744223,1218.1105709907695,Transportation,390.23351742682917,25.664104325438643,0.3876385265602115,-0.301707595401456,Multiple Linear Regression,Inter-Sector
0,KLAS,0.8723044346001207,39.35805278038546,Transportation,15.460967007675379,15.939141245026164,1.0474368598259594,1.6294423399684326,Multiple Linear Regression,Inter-Sector
0,LAJU,0.9864811849176923,129.79671202989218,Transportation,28.963319767222572,10.737922566727756,-5.744600806977454,-5.6725770533801025,Multiple Linear Regression,Inter-Sector
0,LOPI,0.9301736958091723,8.553846953205305,Transportation,5.798738355294553,10.631612652151823,-0.8643657512458081,-1.2252751776814208,Multiple Linear Regression,Inter-Sector
0,LRNA,0.9650312390545798,52.686591122333354,Transportation,59.99488564038427,29.997442820192134,0.2091731106249987,-0.019083641022935454,Multiple Linear Regression,Inter-Sector
0,MIRA,0.9995205763469274,15.35899393897103,Transportation,21.01316393314876,31.264879472254936,-1.3481403940739973,-0.567140551753159,Multiple Linear Regression,Inter-Sector
0,MITI,0.9930703923029058,845.9698068665751,Transportation,443.74064657793497,60.007639982260244,0.8415201144359346,0.1355215904069548,Multiple Linear Regression,Inter-Sector
0,MPXL,0.8859289808972157,195.04100296110548,Transportation,36.374340997374304,12.124780332458101,-6.1056075504066945,-3.741700703883889,Multiple Linear Regression,Inter-Sector
0,NELY,0.9954204723127309,57.725245476027084,Transportation,108.13596734412192,23.967507116662734,-0.26104583494311745,-0.14352327497653788,Multiple Linear Regression,Inter-Sector
0,PPGL,0.9892344585180014,24.648871568368147,Transportation,28.684515932564977,8.551379311293191,-0.7027755105472068,-0.6462674144427613,Multiple Linear Regression,Inter-Sector
0,PURA,0.8868202137631457,143.24004760909492,Transportation,44.48024789626626,18.533436623444278,-5.484451571302069,-6.623302136253336,Multiple Linear Regression,Inter-Sector
0,RCCC,0.8909597661978905,45.653166144790795,Transportation,15.896225781070413,13.872711668110341,0.4851268612629881,0.33188208368915756,Multiple Linear Regression,Inter-Sector
0,SAFE,0.9906178942398136,62.02130561669353,Transportation,100.02911220307016,37.04962352953181,0.40513047808567787,0.10560680916290699,Multiple Linear Regression,Inter-Sector
0,SAPX,0.9928211991714375,1431.7470096079167,Transportation,285.2378467791982,28.87345640201373,1.328106182193552,0.1101820884848892,Multiple Linear Regression,Inter-Sector
0,SDMU,0.9982179072981716,44.58444330281434,Transportation,64.12624790386701,24.198584114666797,-0.5795292064920641,-0.8024899612704285,Multiple Linear Regression,Inter-Sector
0,SMDR,0.9976237915803761,28.442193381818058,Transportation,60.144176690199856,17.438001891643857,-1.3368180369739389,-1.2939499409569828,Multiple Linear Regression,Inter-Sector
0,TAXI,0.9987393745122567,326.24253713431375,Transportation,194.73926446586756,14.425130701175377,-2.1873032367720957,-1.872151289980118,Multiple Linear Regression,Inter-Sector
0,TMAS,0.9908119791624408,42.97092297957323,Transportation,19.851482533323008,17.037016234165563,-2.9266807593717354,-20.816656364992816,Multiple Linear Regression,Inter-Sector
0,TNCA,0.9893735940584074,1507.659188867915,Transportation,526.8858939823572,28.19686867572817,-0.8677979669444396,-0.35026595471255595,Multiple Linear Regression,Inter-Sector
0,TRJA,0.9826643911218897,139.78216958764523,Transportation,73.71482340589068,29.723719115278502,-1.0528930642400285,-0.42788483276393946,Multiple Linear Regression,Inter-Sector
0,TRUK,0.9774659584118164,166.46868838486375,Transportation,133.39012022504767,19.761499292599655,-1.980714059890743,-1.1187804295462516,Multiple Linear Regression,Inter-Sector
0,WEHA,0.9959698282079613,26.65889171820564,Transportation,79.31324431847628,31.047685347824267,-0.27948808801113545,-0.2797773898091167,Multiple Linear Regression,Inter-Sector
